가치제안,label
"창의적인 디자인을 통한 풍요로운 도시공간의 가치창출
건축문화를 선도하는 리더그룹으로서의 사회적 책임완수
독창적 디자인과 차원 높은 문제해결의 통합디자인 솔루션 제공",B
"기술혁신과 환경 부담 개선을 통하여 전자산업 발전에 공헌하고 환경 보전에 힘쓴다. 
국내 및 해외 법령을 준수하고, 시장의 자유 경쟁을 통해 건전한 사업 활동을 영위한다.
사원의 인격, 개성을 존중하고, 안전한 근무 환경과 능력 및 의욕을 발휘할 수 있는 환경을 제공하여 인재 육성에 힘쓴다.",A
"품질, 기술, 완벽한 시공으로 고객만족을 실현
하자율 최소화(제로)로 입주자 고객만족 추구",E
" 전문성을 바탕으로 한 신뢰를 구축을 통한 용역서비스 ( 석면조사, 작업환경측정업, 석면감리, 비산농도측정 등)
 고객의 니즈를 충족 시키기 위한 신속 가능한 서비스
 고객의 최우선 욕구인 법규만족 뿐만 아니라 용역서비스에 대한 가치를 상품화하는 노력(비용편익분석등)",A
"고객이 만족하는 제품을 생산하여 공급
신뢰를 바탕으로 고객, 협력사, 제휴기업과의 파트너 경영
끝까지 책임지는 하자처리",D
"최상을 솔루션을 제공하는 고객중심 기업
양질의 골재를 생산, 적기에 공급",E
"신뢰와 품질 기술력으로 건설사 등 가치 제공자에게 최상의 고객감동 추구
하자 기간 안에서 선진적이고 능동적으로 대처하는 민원처리
고 부가가치 창조를 위한 시장조사, 제품개발",B
"기업대출을 통한 경제 발전 이바지
우량고객 확보를 통한 안정자산 확충
자산 증대를 통한 신용등급 상향으로 고객금리 인하로 부담 완화",C
"품질, 기술, 신용을 바탕으로 납기일내 제품공급
변화에 대응하는 능력",E
"You dream it! We make it!
국내 온라인, 오프라인, 해외 수출 등 다양한 채널을 통해 상품을 유통하고 있는 마케팅 전문 기업
변화하고 있는 트랜드를 끊임없이 연구하여 고객의 소비 패턴에 맞는 경쟁력 있는 상품 개발
소비자 가치 시대에 부응하는 new 트랜드 창출",B
"고객이 요구하는 기술 및 품질 달성
제품개발을 통한 제품의 기술추이 분석 및 선도기술 개발
제품개발 고도화를 통한 Set 경쟁력 확보",C
"가격대비 디자인이 얼마나 우수한가
품질이 얼마나 좋은가
제품공급은 원활하고 연속성이 있는가
하자보수는 가능하고 지속 가능한가",C
"국산농산물 자연 그대로의 가치제공
편리한 조리를 위한 전처리 농산물공급
메뉴별 사양별 고객의 주문에 의한 생산",C
"2001년 창업하여 반도체와 IT분야에 제조공정별 테스트 소켓 사업을 20년동안해오면서 다양한 기술노하우와 특허를 보유하고 있으며, 특히 휴대폰의 카메라성능이 고도화되고있으며, 제조공정이
인라인자동화로 생산하므로 자사의 다양한 Auto Socket 설계 및 제조기술이 전제 제조공정에 많은 수율을 좌우하므로 지속적인 신제품개발 수요가발생함. ",A
"당사는 유통업을 기반으로 하는 회사로 국가기관으로부터 품질인증을 받은 제품을 우선적으로 취급합니다.
최근의 고객들의 제품에 대한 NEEDS는 구매한 제품의 빠른 획득과 가성비를 중요시하기에 가격적인 측면의 경쟁 우위에 신경을 쓰고 있습니다.",A
"중소기업 재무분석을 통한 재무컨설팅
운전자금,시설자금,유동자금,악성부채의 대환 등 중장기적인 관점에서 자금운용 계획수립 제안 및 자금조달 프로세스 자문
각종 인증 및 손익분석을 통한 기업가치 향상/Value up 자문
계속기업 영위 및 경영리스크 헷지 차원에서 경영자 은퇴 및 가업승계, M&A 등 제안/자문",A
"신뢰를 바탕으로 한 관계유지를 통해 Win-Win 구조의 수익 창출
후원사의 브랜드 노출 효과 극대",D
"타 사 대비 저렴한 원가로 공급 및 원하는 납기 일정에 맞춘 공급
신규 개발관련 신규 원료 추천 및 기술 영업",D
"집중화(규격, 종류)를 통한 원가인하와 관리비용 절감
예측 가능하고 상시 재고확보로 지속가능한 구매력 확보
비회전제품의 조기 퇴출과 신제품 개발을 통한 고객확보
신속한 출고 시스템 정립으로 이미지 제고",B
"고객의 요구조건에 맞는 가격 경쟁력 및 고품질의 보일러 혹은 탈황시설 공급
보일러 혹은 환경설비 (탈황시설 포함) 의 고객 예산내 경쟁력 있는 설치 시공",C
"“소리에 감동을 전하고 세상의 모든 소리를 더욱 아름답게~”
믿을 수 있는 신뢰성을 바탕으로 고객의 니즈에 가장 적합한 음향 설계 및 전문 시공
디테일한 부분까지 신경 쓰는 세심한 시공과 손쉬운 사용과 우수한 호환성을 위한 운영 사용자의 전문적인 교육",C
신뢰를 바탕으로 한 고객 만족 및 감동,E
부품 주문에 따른 적시 공급을 위해 부품 창고 재고의 입출고 프로세스의 신속한 진행 및 배송,E
"적기 적소에 안정적으로 제품을 공급함으로써 신뢰를 구축하고, 메이커에게는 물량확보를 객사에는 경쟁력 있는 가격을 이라는 윈윈의 관계구축의 가교 ",D
"상호 신뢰관계를 기본으로 지속 가능 제품 공급
고객 니즈를 만족하고 새로운 트렌디에 적합한 디자인 제품 개발 공급
제품의 신기능을 적용 고객에게 부가가치를 제공 할 수 있는 제품 개발 공급",D
"빠르고 넓게 다양하게 변화하는 외식문화에 신 먹거리 
소 가족화 돼 사회의 이기적 개인플래이 소비성향으로 변화
외부환경 (질병,기후,교통수단)등 변화에 따른 소비트랜드 변화
외식과 펀이 동반한 소비변화등을 감안 빠르고 안전하고 즐거움이 동반한 
 먹거리시장 조성
신규창업주 와 직원 협력업체등은 믿음으로 신뢰하고 끝까지 가족이란 개념으로 동반성장을 기본 원칙으로한다.",A
"시장을 선도하는 혁신 제품의 개발
우수한 제품 품질과 디자인
고객과의 지속적인 소통과 관계 유지를 통한 신뢰 확보  
브랜드 로열티
프리미엄 브랜드 가치",B
"최종 소비자(아파트 입주자)의 니즈에 부합하는 편리성과 실용성을 겸비한 제품 개발
적소적기의 납품을 통한 고객사의 원가절감 및 공기단축에 기여
고객과의 소통을 통한 제품 품질 및 기능 업그레이드",B
"경쟁력 있는 단가의 제품 납품으로 원가절감에 기여
최상의 품질로 작업효율 증대
고객의 포장작업 공정에 보다 효율적인 방법제시",B
"고급 조명을 필요로 하는 모든 현장의 고객들에게 최고의 품질과 서비스를 제공.
전세계 기준 최고 품질을 자랑하는 현 ERCO의 기업 가치를 국내에 널리 알리는 목적.",C
"최고의 품질과 서비스를 통한 차량 판매
신뢰를 바탕으로 최상의 고객만족 추구
차량 판매 후 끝까지 책임지는 하자처리(A/S)",C
"폐기시 사람과 지구에 무해한 생분해, 저탄소 친환경 제품 공급 (Zero-Waste)
환경 오염 억제 및 지구 생명체의 건강한 공존을 위한 Plastic-Free 제품 공급
사용시 인체에 무해한 식물성, 유기농 제품 공급
지속가능한 삶을 위한 자원순환, 재활용, 미래 식량 등 정보 제공",B
"품질, 기술, 고객관계를 바탕으로 신뢰를 구축하여 지속 가능한 제품 공급
끝까지 책임지는 하자처리(A/S)",C
"고객과의 대화를 통한 고객 눈높이에 맞는 디자인 및 완벽한 시공.
AS없는 완벽한 시공(실제로도 그러함)",D
"긴 연혁과 안정성을 갖춘 제품으로 고객에게 공급
국내 최대 레퍼런스를 통해 고객에게 가이드 및 신뢰도 증대
방어적이 아닌 공격적으로 고객 환경에 맞춘 컨설팅 및 구축으로 고객 만족도 증가
고객이 원활한 업무가 가능하도록 당일 문의는 최대한 당일 처리하여 신뢰도 증대",B
폐기물을 배출하는 사업장에 대해서는 안정적인 폐기물 처리가 매우 중요하므로 폐기물 반출을 용이하게 해야 하는데 결국 소각로의 안정적인 운영이 중요함. 또한 스팀 수용가는 당사로부터 스팀공급을 받지 못하는 경우 자체 LNG보일러를 가동시켜 스팀을 생산해야 하는데 자체보일러 가동시 비용이 당사로부터 스팀을 공급받을 때보다 4~50%비싸짐. 결국 폐기물 배출업소와 스팀 수용가에 대해 당사는 꾸준한 설비관리를 통해 소각로의 안정적인 운영이 장점이라고 제안함,A
"세상의 모든 피부고민으로부터의 해방 솔루션 
체험을 통해 가치를 확신할 수 있고 신뢰할 수 있는 혁신적인 제품과 서비스 제공",B
"친환경 소재만을 선별하여, 건강한 소파를 만들어, 고객과의 두터운 신뢰추구
주문 후 HANDMADE 제작되는 시스템을 통해, 엄격한 품질 관리
한 번 판매하고 끝이 아닌, 꾸준한 사후관리를 통해 고객만족 추구",B
우수한 시공품질로 고객만족과 감동을 드리는 기업,E
"정확한 시장수요 예측을 통한 적정 재고 유지
시장 확대를 위한 신상품 정보 제공
정확한 공급 배송 체계 구축
고객 크레임 선제 대응 시스템 구축",B
원가절감과 우수한 시공품질을 바탕으로 지속가능한 거래관계 유지,B
"베디베로는 “See The Truth"" 의 이태리어로 ”진실을 보다“의 뜻을 나타냅니다.
사람들의 생활속에 진실을 보고 그것을 상품에 반영하여 다른 브랜드와 다른 디자인과 퀄리티로 감동을 주고자 하는게 기업의 철학이며, 명품의 대중화, 럭셔리 브랜드의 퀄리티와 트랜디한 다양한 디자인으로 합리적인 가격대를 지향하는게 베디베로의 기업 이념입니다. 
제품력과 독창적이고 대중적인 감성을 모두 표현한 디자인, 착용감 등 소비자를 위해 노력하고 있습니다.",B
당사에서 수입하는 명품브랜드는 당사에서 직접 디자인하여 해외브랜드사에 생산 의뢰한 Asian Fit 상품이므로 국외에서 구입한 상품과는 착용에서부터 차이가 커 국내에서 인지도가 높음. 디자인력에 대한 자부심을 갖고 영업력을 확장하여 왔음.,D
" 광고 비용대비 노출양을 경쟁사대비 평균 20%이상 보장하는 광고상품 정책
광고 집행 시 다양한 질문에 대한 빠른 피드백.
친절함, 꼼꼼함.
커뮤니티 채널 활용방안에 대한 무료컨설팅.",C
"전문성을 바탕으로 고객을 중심에 두고 혁신을 주도하며 동반성장하는 것
기업의 성장에 필요한 자금의 대여 및 투자를 지원하여 기업과의 상생 추구
정부정책에 따른 각종 지원 정책 지원 및 사회 공헌
개인의 인생 목표에 맞춘 자금 지원 및 재무 설계로 인생 목표 달성 지원 ",B
"난립하는 경영컨설팅 시장 및 불분명하고 출처를 알 수 없는 정보의 범람속에서 공인된 중소벤처기업부의 지도실시기관으로 중소기업에 대한 합리적인 경영지도 및 자문을 통해 각 정부기관의 정부지원제도를 효율적으로 활용하여 지속가능한 경영을 할 수 있도록 지원.
세무, 재무, 인사, 노무, 회계, 기술성, 사업성, 미래성장성 등을 진단 측정하여 
기업의 성장 가능성을 높이고 기업대표의 합리적인 의사결정이 가능하도록 지
도, 코칭하는 역할을 함.",A
"고객 만족을 위한 솔루션 제안
근무 환경의 최적화된 시스템과 컨설팅 제공",D
"고객의 자산을 안전하게 관리 및 운용을 통한 수익 극대화로 고객 니즈 충족
고객의 필요자금 요청시 신속한 심사 및 지원으로 고객 니즈 충족",C
"고객맞춤 설계 및 제작으로 더 나은 효율의 기술로 경쟁력있는 협력관계 추구
더욱 안전한 방법으로 전기를 열에너지로 교환하여 소비자에게 나은 가치전달",C
"최우수 인재들로 최선의 Engagement Team을 구성하여 최상의 Professional Service를 최고의 Client에게 제공
급변하는 기업환경에 대응해 신뢰를 바탕으로 고객의 니즈를 정확하게 이해하여 차별적 가치를 제공",C
"최고품질, 최저원가를 통한 안정적인 물량 공급 및 지속적인 비즈니스 활동 연계(신규수주 확보)
고객불만 “0” 를 통한 고객만족 및 신뢰도 향상",C
"Lifeplus wellness: 
4가지 가치핵심요소(financial, physical, mental, inspirational)를 기반으로 한 고객 삶의 향상
Life meets life:
고객의 삶이 lifeplus를 만나 더 풍요로워지도록 지원",B
고객 및 주주 만족도 제고,E
보다 나은 신선한 재료로 청결하게 조리해서 손님에게 음식을 제공하는 것,E
"생명존중의 기업이념을 최우선의 가치로 삼고 이해관계자와 함께 최고의 품질달성 친환경 건설현장
구축을 통한 녹색경영 시행 및 사망사고 Zero 달성",B
"품질관리
새로운 디자인",E
"공정한 손해사정을 통한 보험금 산정 및 지급
보험금 심사를 통한 모럴헤저드 방지
보험대상자의 손해액 및 보험금 사정, 보상",B
"경제발전과 더불어 물류수요가 급증하고 다양화됨에 따라 차별화된 운송관리로 최적의
고객서비스 제공을 위해 다양한 인프라를 구축하여 상호 win-win 할 수 있도록 노력하고 있습니다",C
고객에게 재정적인 보호와 안정 그리고 편안한 미래 가치를 제공함,D
"고객과 기술적인 소통과 신뢰를 바탕으로 동반 성장하는 기술력
해외의 우수한기술을 국내에 도입하여 기술강국에 이바지 하는 도전정신
빈틈없는 고객관리과 철저한 A/S로 기업이미지 강화 
부품의 규격화 
철저한 ERP 재고 관리",A
"최고의 품질과 서비스를 통한 사회적 책임
값싸고 질 좋은 품질과 공기 준수를 통한 고객의 신뢰도 확보
크레임 조치기간 단축 및 감소 노력",C
"제품의 최상의 품질 유지
고객이 요청한 테스트 값을 만들어 내기 위한 뛰어난 설계인력과 연구실 보유
공인실험실 자체 보유 
시공 후 하자를 최소화하기 위한 풍부한 전문 기술자 보유",A
"뛰어난 품질을 가진 제품 공급
하자보증기간 이후에도 하자가 많이 발생하지 않는 고객만족 제품 생산
소비자 및 유통망 니즈에 맞는 제품 생산
시대에 맞는 제품 공급을 위한 지속적인 제품개발",B
" 초심으로 성장하는 기업
 최고의 품질과 신뢰를 바탕으로 새로운 가치를 창조하여 시장을 선도하는 미래지향적 가치 추구
 직원들이 비전을 함께 공유하며 끊임없이 열정과 도전정신으로 경쟁력을 극대화하고, 직원의 
  행복을 최우선으로 추구",B
"최고의 품질과 신뢰를 바탕으로 새로운 가치를 창조하여 시장을 선도하는 미래지향적 가치 추구
구성원이 비전을 함께 공유하며 끊임없이 열정과 도전정신으로 경쟁력을 극대화하고, 구성원의 
  행복을 최우선으로 추구",C
"사랑과 신뢰를 받는 상품(영화 및 콘텐츠, 상영 품질)과 서비스
혁신적이고 편리한 시설과 차별화된 서비스로 고객과 행복한 기억을 공유.
지속적인 발전을 통해 고객의 마음에 즐거움을 선사하는 문화공간
플랫폼을 활용한 다양한 콘텐츠 제공
문화산업 선도, 개척",B
우수한 품질의 자재를 공급함으로써 고객과 함께 상생 할 수 있는 무한가치,D
"품질, 기술, 고객 신뢰관계를 바탕으로 하는 지속 가능한 제품 공급
연구개발을 통한 제품 기능 개선 및 신제품 개발
고객 맞춤형 제품 개발 및 공급",C
"품질, 기술, 고객 신뢰관계를 바탕으로 하는 지속 가능한 제품 공급
연구개발을 통한 제품 기능 개선 및 신제품 개발
고객 맞춤형 제품 개발 및 공급",C
안전을 바탕으로 3D비정형 구조물 공사 고민 을 해결해주는 3D  비정형 거푸집 종합 솔루션 제공,D
"고객편의를 위한 CRM서비스 개발
고객불만과 애로사항을 신속히처리하고 책임지는  A/S
CRM MINI를 통한 신규고객 유치 
타사대비 저렴한 비용",C
"제품 안정성,안전성, 우수한 품질, 차별화된 가능성,세련된 디자인
판매 유통분포 확장으로 레퍼런스 기여",C
"고객에게 멀티미디어 컨텐츠 플랫폼을 제공함으로써 시각,감성적 즐거움 제공
푸드,쿠킹 컨텐츠 제공을 통해 삶의 즐거움과 정보 가치제공",C
"공사에서 설치까지 책임지고 공사완료
기기(장비)하자 발생시 책임을 다하여 고객과 신뢰 유지
고객에게 제품 제안, 도입 할 수 있도록 유도",C
"신뢰와 법률지식을 바탕으로 고객의 당면한 어려움 문제 해결 – 기록과 고객과의 대화로 사실관계를 정확히 확인하여 법률적인 문제를 해결하려 노력함(민형사의 증거를 직접 현장을 찾아가 확인하는 등)
자문기업단에 대하여는 지속적인 거래 유지를 위해 항시 자문기업의 대표 또는 법률담당자와 소통하며 법률적 문제를 사전에 찾아 해결하려 노력",A
"고객이 원하는 공간 창출
대지조사부터 입주까지 철저한 관리를 통한 고객 만족",C
"기술과 함께 컨설팅, 프로그램개발, 교육 등 솔루션 구축에 있어 자사 솔루션을 중심으로  커스토마이징 통한 스마트공장을 구축하고, 컨설팅. 교육, 유지보수를 지속적으로 수행하여 기업의 최종 목표인 원가절감, 생산성 향상을 통해 궁국적으로 제조기업의 경쟁력 강화에 기여하는 것입니다.",A
"정확한 상품별 안내 (SGI서울보증에서 취급하는 여러가지 상품이 변동되는 내용이 있기 때문에 충분한 관련 내용 숙지)
신속한 증권 발급",C
" 40여년간 국내외에 쌓아온 품질과 기술력을 바탕으로 고객에게 최선의 solution 제공.
 4차 산업 혁명 시기를 맞이 하여 Digital Transformation 추진 하며, 모든 Biz 의 Digital
    Platform 구축 통한 변화 와 혁신으로 매출 과 이익 극대화 추구
 고객 만족을 위한 MRO & A/S, 부품 즉시 공급 체제 수립.",A
"우리아이들의 바른먹거리를 위한 올바른제안.
원료에서 가공,포장,유통까지 국가기준보다 더 엄격한 원칙들을 스스로 만들어 지켜오고 있다. 그리고 관리한다",B
"저희는 뛰어난 디자인을 가치중심에 두고 품질과 기술력을 바탕으로 
고객에게 신뢰를 구축하고자 합니다. 
이는 고객만족으로 이어져 이 분야의 회사가치가 상승될 것입니다.",C
"1.	미션 : 세상을 바꾸는 금융 – 고객의 행복과 더 나은 세상을 만들어 갑니다.
2.	비젼 : 최고의 인재와 담대한 혁신으로 가장 신뢰받는 평생금융파트너
3.	핵심가치 
-	고객중심 : 고객의 입장과 이익을 최우선으로 고려하며 판단하고 의사결정을 함
-	전문성 : 업계 최고 수준의 역량과 경쟁력을 갖춘 금융인이 되고자 끊임없이 노력함
-	혁신주도 : 미래금융의 “FIRST MOVER”로서 창의적인 사고와 과감한 도전을 통해 변화와 혁신을 추도함
-	신뢰정직 : 금융회사의 임직원으로서의 기본 소양인 윤리의식을 바탕으로 정직과 신의성실의 자세를 견지함
-	동반성장 : 개인과 조직의 발전을 넘어 국민과 함께 성장하고 사회발전에 기여함",A
"인내력 향상
창의력 개발
경쟁력 강화
고객만족 우선 협의
철저한 AS로 고객 불만 최소화 ",C
"건축주 이익 극대화, 다양한 사업제안",E
"무주택자에게 안락한 보금자리를 제공
정부 주택사업의 동반자로 서민 주택보급 정책에 일익을 담당
끝까지 책임지는 하자처리(A/S)
우수한 건축자재 생산과 쾌적한 주거환경 창출에 헌신",B
"고객과 체결한 계약기간내 양질의 품질로 지은 건축물 인도
인도된 건축물의 유지보수 및 관리
자재 및 시공의 표준화 및 규격화
자동화의 적합한 공종 개발 및 적용",B
"최고의 설계와 서비스를 통한 신뢰 확보
발주처가 만족하는 설계품질과 소통 ",C
"당사 철강재를 기반으로 한 친환경 관점의 지속가능성(알루미늄 대비 두께 저감, 100% 재활용 가능한 소재 특성 등)
고객사와의 공생발전을 추구하는 파트너쉽(당사의 1차 제품을 구매하는 고객사를 도와 - 단순 소재 판매 뿐 아니라 솔루션을 동반한 마케팅 - 고객사가 경쟁력 있는 2차 제품을 제조/판매하여 수익을 높임으로써 당사재 판매가 증진될 수 있게 하는 등 공생가치를 연계)
창의적이고 아름다운 건축물이 실현될 수 있도록 건설사/설계사 대상 구현가능성, 기술적 성능검증 데이터 등 제시, 全 단계 지원 등
철강재 기반의 스마트건설 기술 확산을 위한 다양한 요소기술 개발, 적용 등",A
"최고의 품질과 서비스를 통한 차량 판매
신뢰를 바탕으로 최상의 고객만족 추구
차량 판매 후 끝까지 책임지는 하자처리(A/S)",C
신뢰받는 업무처리 능력으로 고객만족을 최우선을 최고 가치를 추구 합니다.,D
"고객의 니즈를 반영한 설계를 통하여, 그에 따른 건축물을 완성하여 고객의 꿈을 실현해 드리고 있습니다.",C
품질관리및생산관리를 통한 도로안전시설물 생산,D
수요처에서 필요로 하는 물품을 적시적소에 납품,D
고객 및 수요처에서 원하는 물품을 경쟁력 있는 가격에 납품,D
수요처에서 필요로 하는 의료기기납품,D
고객의 서비스 ,E
"혁신적인 제품과 서비스제공을 통해 경제, 사회, 환경적 가치를 창출",C
"고객에게 더 좋은 제품과 서비스, 고객만족과 솔류션
머신 비전 분야에서 경쟁력 있는 기업",C
"가스의 안정적인 공급
타연료대비 친환경성",C
"보험의 니즈를 일으켜서 
질병에 걸리거나 노후를 맞았을 때 도움이 되는 상품을 판매",C
" 신뢰와 기술력을 바탕으로 한 고객만족 추구(안정된 품질과 가격경쟁력, 납기준수)",D
"고객에 대한 믿음과 신뢰를 바탕으로 하는 경쟁력 있는 품질 체계 달성
품질방침을 정하고 전 현장인원이 이를 이해하고 준수함으로써 끊임없는 품질개선
노력과 책임완수를 통한 최고의 품질과 서비스를 제공",D
"꾸준한 기술개발 및 투자를 바탕으로 고객사 ODM 방식으로 비데 공급
엄격한 품질관리 까다로운 품질기준 ",C
"제품에 대한 최상의 품질과 신뢰로 고객만족을 추구함.
고객 니즈에 맞는 지속적인 제품개발 및 기술력 확보. ",D
"타사보다 월등한 품질과 품질개선 및 더 빠른 AS망 구축으로 고객 신뢰를 얻는다
끊임없는 신뢰속에서 고객과의 유대관계 극대화",C
"품질, 기술, 개발을 통해 고객에게 원가절감 및 품질 극대화를 높이며 운송 써비스 개선
지속적인 개발로 경쟁사 보다 한발 더 빠르게 움직이는 것
고객 사후관리 철저",B
"1.	부품 사업 : 국내 최고 또는 세계 최고의 물관련 부품 사업
-. 비데온수모듈 : 세계 최고의 품질 확보
-. 정수기 고온수모듈 : 세계 최초 개발 및 최고 품질 확보
-. 소변기 센서 : 세계 최고의 품질 확보
2.	완제품 사업 : 온수매트
-. 최저 소음, 최고의 효율이 높은 온수 매트 발매",C
"인센티브 : 투어, 연수 기획 
예약 및 발권 : 항공, 숙박, 렌터카, 전세버스 
비자 발급 : 전세계
컨벤션 : 국제회의, 기업회의, 국내학회 및 학술대회, 전시회
통합 프로모션 : 발표회, EXPO, 선거운동, 준공식, 시상식, 페스티벌, 국내외 콘서트",E
"혁신기술. 효율적 공법
블루오션 틈새시장 개발",D
"고객이 원하는 고품질의 제품 생산으로 고객의 만족에 이바지한다.
고객의 사후관리까지 책임
우리회사를 다시 찾게 하는 것이 목표",D
"사업을 운영하시는 분들이 간과하실 수 있는 법률적 리스크 사전 보호
무형의 가치를 실질적인 유형의 가치로 바꾸어 드리는 것
기업의 R&D방향 제시",C
"유체 이송 솔루션을 최고의 기술력과 서비스로 제공한다.
기존에 사용중인 펌프의 교체 및 대체품을 적용, 장치제작, 연구개발등에 필요한 적정펌프의 선정 및 채택으로 생산라인 가동 및 연구개발에 도움을 준다.
기업의 변화에 동참하며 생산 자동화시스템에 최고의 기술력을 가진 펌프, 자동화 설비를 제공하여 안전하게 유체를 이송할 수 있도록 한다.
품질, 기술, 고객관계를 바탕으로 신뢰를 구축하여 지속 가능한 제품 공급.
노후화된 생산설비나 최신형의 고가의 장비의 Maintenance가 중요하게 인식되면서 자동윤활시스템을 적용하여 자동화 설비라인의 베어링 구동부를 최상의 상태로 유지할 수 있도록 한다.",A
"신뢰와 혁신을 통한 고객만족 실현
표준과 기본을 지키는 기업문화 정착
고객의 입장에서 품질을 관리함.",C
대한민국 국민의 먹거리를 생산한다.,E
신뢰성 있는 데이터의 생산 및 환경관련 종합 컨설팅 ,C
"품질, 납기, 물량을 안정적으로 공급 및 가격경쟁력 확보",C
"축산발전
고객과의 신뢰구축으로 컨설팅제공 및 지속적인 제품공급",C
"사료배합설계
사료급여관리",D
기업체의 화학 사고 사전 예방을 목적으로 취급자 교육을 하는 것 입니다,C
"신뢰와 전문성을 바탕으로 고객만족 추구 및 주택관련 제도 등의 개선
회원의 품위보전, 권익옹호 및 상호협력의 증진
주택산업의 건전한 발전과 국민주거 생활의 향상",B
정확한 부동산관련 정보를 구독자에게 제공하여 신뢰 구축,C
"전열교환기의 최적화 설계, 국내 최초 BLDC Motor를 채용한 독자설계안으로 경쟁력확보
성능평가 독자적 구축
친환경국책과제 연구개발 업체 선정
KS, ISO, Q-Mark 획득으로 품질능력 확보
1. 고객의 만족이 최우선 과제로 선정하고 이를 통한 입찰참여 및 수주능력 향상으로 기업의 지속 가능성 확보
2, 회사의 지속가능성 제고로 인한 직원들의 복지향상, 개인 만족도 배가로 회사내부 결속완성 중소기업 한계 극복",A
"특정직업층이 사용하는 헤어 제품을 대중적인 제품화 하여 익스텐션의 유행을 이끌어 내는 홍보 및 마켓팅으로 일반인에게 가깝게 접근, 대중적인 제품으로 전향 매출의 극대화를 추구",B
"주문에 의한 특수한 형태의 제품에서 일반적인 표준 형태의 금속케이스에 이르기까지 소비자가 원하는 모든 제품을 설계부터 공급까지 완벽하게 대응
고객의 니즈를 파악하고 최고의 기술과 정직함으로 합리적인 소비를 이끄는 회사가 되겠습니다.",B
"고객의 요구 -> 상담, 방문(컨설팅) -> 맞춤형 제품 제안 -> 제품 공급 –> 생산성향상 
사용 용도에 따른 최적의 제품과 가격경쟁력 있는 제품 공급
고객 소량주문을 합하여 납품 가능한 하도록 시스템화(최소20피트 컨테이너)
지속적인 경영합리화와 생산성 혁신을 통한 경쟁력 극대화 지향
고객 리즈 즉시 반영 후 적합한 제품 제안, 무결점 제품 지속 추구 ",C
"고객이 요구하는 제품과 품질을 최대한 충족하여 상호간의 신뢰 구축  
시기적절한 신제품 개발로 필요한 제품 공급을 위한 노력
철저한 품질관리와 연계된 정확하고 빠른 애프터 서비스",C
우리가 하고 있는 쇼핑몰이 많는 사람이 편리하고 긍정적으로 활용해서 생활 편의 제공,D
우수한 품질의 단열필름을 고객에게 제공함으로써 삶의 질을 향상시키는데 최대 목적을 둠,C
"거래선(제강사, 고객사, 금융회사)과 신뢰구축
고객사에 적시적소 제품공급
최신 자동화설비와 숙련공의 노하우로 엄격한 품질관리
철근 + 철근 가공+ 선조립으로 철근관련 공기단축 및 원가절감을 통하여 건설사와 동반성장 추구",B
"친환경 제품을 개발하기 위한 최상의 제품을 제공하여 인류의 지속가능성을 높이는 것.
고객의 건강한 삶을 위한 더 안전하고 친환경적인 제품을 공급.",A
"창의력에 기반을둔 작품과 상품의 중간라인
원자재의 고급화
자체디자인, 자체생산, 자체관리, 자체판매, 자체홍보를 통한 우수한 퓸질력유지 
재구매율 30%이상의 고객관리",C
"품질경영시스템 안정
고객감동실현
시장의 needs 에 맞는 제품개발
성실시공
융합촉진을 통한 산업발전 이바지",C
"저금리시대에 빌딩이라는 실물자산을 통해 안정적이면서도 리스크가 낮은 효율적인
자산관리포트폴리오제공
경쟁사보다 많은 정보데이터량과 빠른 정보전달로 경쟁력강화
부동산창업을 원하는 사람들에게 평생직업으로서 자리 잡을 수 있도록 컨설팅",C
"고품질 : 설비시공의 업계 최상의 기술력을 바탕으로 무하자로 고품질의 제품을 제공 함으로 고객 만족도 100%달성
무사고 현장 달성 : 안전사고 ZERO화
A/S최우선 방침 : 고객불만 발생시 어떤 업무보다 최우선 처리 방침으로 고객 불만족 ZERO화 달성
신공법 적용 : 현장시공 및 품질부분의 신공법 적용으로 효율적인 공정관리 및 원가관리 ",C
고객의 건강까지 생각하여 친환경 소재를 기본으로 하여 代를 물려줄 수 있는 가구제작.,B
같이 일하고 싶은 세계 최고의 건축그룹,D
"풍부한 행정 경험을 바탕으로 철저한 법리 사전 검토 및 행정 처리
신뢰와 정직, 기술로 최적의 효율성으로 설계, 시공
지속적인 고객관리와 철저한 A/S",C
건물 및 시민 안전 관리 및 운송업체 편의 제공,C
"상품의 기획에서 생산 및 납품까지 전 과정에 대한 서비스를 제공할수 있는 기술력과 인프라를 가지고 있다.
또한 급변하는 경제 여건에서 경쟁력있는 회사로서 자리매김하기 위해 건강기능식품 사업은 물론 신소재 개발 및 건강지향적인 제품개발까지 사업영역을 확대하고 있습니다. 
기업의 이윤추구보다는 고객과 함께하며 더불어 살아가는 참신한 기업 이미지를 만들어 나가겠습니다",C
"전 사원의 고객중심 사고방식.
1차 포장재 관련 소량에서 대량생산에 이르기까지 가능한 설비 완비.
철저한 품질관리를 바탕으로 신속 정확한 납기.
미래를 선도하는 신 기술 개발, 도입.
포장재 관련 상담 및 컨설팅.",C
"신뢰를 바탕으로 건설사/설계사무소/협력업체와 지속적인 관계 유지하여 더 나은 삶과 고객만족
품질 및 완벽한 시공으로 디자인 및 내구성 뛰어난 현장 납품",C
고품질의 자재와 시공기술자의 앞선 기술력으로 양질의 시공과 공기준수를 통한 신뢰 확보,B
"지속적인 전문지식습득으로 고객에 신뢰를 구축하여 장기거래를 통한 성과 창출.
세무회계.
직원복리후생.
결산분석.
개인보장 분석 및 대안제시.
국내 보험사(생명보험8, 손해보험11)협약체결을 통한 상품의 다변화 구축.",C
"상호 신뢰속에 고객이 원하는 가격에 공급. 판매 극대화
이익율보다 대량공급으로 거래공장의 안정화로 안정적인 공급.
중국 직원과의 신뢰 구축으로 안정적인 품질, 공장 운영(거래공장과 신뢰)으로 고객만족
전 직원의 중간관리자 역할( 책임제 : 공장별, 품목별 책임제로 승진, 급여 인상 결정 )",D
"사람과 환경을 생각하는 친환경적 기업 제품 생산
작지만 강한 기업
신속 정확한 품질 좋은 서비스",B
"우수한 기술력을 바탕으로 고객의 요구에 최적의 상품을 최우선적으로 공급
프리미엄 고객을 위한 최고의 디자인과 부품을 사용하여 선도 제품 공급
급변하는 IT 기술을 신속 적용하고 최고의 제품을 고객이 선택할 수 있게 노력",C
"100년 수명을 유지하는 건축용 상하수도,오 배수관을 생산하는 국내 최대의 PVC제조업체입니다.
창립45여년에 국내시장 점유율 50%. 
해외시장 개척은 일본에 1,000여군데 현장납품,
미국 상수도관 시장에  년간 40억원 수출.
시공이 편리하고 한번 시공하면 100년간 누수 없는 제품을 공급하여
고객의 변함없는 신뢰를 바탕으로 사업의 다각화를 도모함
보일러 연도,건축용 거푸집,  층간 소음 및 방화충전재 등을 선진국 주요메이커에
필적할 만한 제품을 준비중",C
"안전한 도로 품질확보
제설작업, 사고처리등을 통한 원활한 소통 유지
사고 미연 방지를 위한 제반 시설 유지관리
민간투자사업에 대한 주주가치 유지
임직원 내부고객 만족을 통한 외부고객 행복 전달",C
"디자인이 좋고, 고객에게 편의성 및 신뢰성을 확보하여 최고의 제품 공급
고객이 원하는 수준 이상의 품질 및 가치 창도
품질, 환경, 보건, 안전이 최우선
원리원칙 및 법규준수",C
"우수하고 품질이 높은 디자인이 뛰어난 건축 설계 창출
새로운 건축문화를 창조하는 일",B
"심화경영 : 바탕으로 창조적이고 차별화된 전략
속도경영 : 학습과 성장을 통한 혁신
주도경영 : 협력으로 공생하면서 사회에 공헌 ",A
"가장 빠른 운송 수단과 운송루트를 통한 해외 국내운송
신속한 통관
저렴한 운송 및 관련 비용제공 고객님께서 원하는 일정에 원하시는 가격에 원하시는 정확한 서비스 제공
완벽한 포장을 통한 파손없는 포장
저렴한 포장비용과 해외 현지 통관 운송시 문제 없는 품질 확보 등",C
"신뢰와 품질을 바탕으로 
가격과 품질, 공사기간내 완료를 통한 고객께서 만족하실 건축자재공급 및 시공",C
"수십년간 공공 아파트 및 각종 건설공사의 수행경험과 실적 보유
신동아 파밀리에 브랜드에 대한 고객만족 실현 
각종 SOC사업의 장기운용에 대한 이용고객의 편리성 확보",C
"수십년간 공공 아파트 및 각종 건설공사의 수행경험과 실적 보유
금호 어울림 브랜드에 대한 고객만족 실현 
각종 SOC사업의 장기운용에 대한 이용고객의 편리성 확보 ",C
"기술력을 바탕으로 한 당사가 보유한 특허기술 고품질 건축물 제공
관리 노하우로 인한 공기단축
신뢰를 바탕으로 한 책임준공 및 하자처리
안전을 최우선으로 하는 시설 및 노무 관리 ",C
"많은 사람들에게 더 근사하고 더 맛있는 삶을 만들어준다.
빠르게 변화하는 베이커리 외식시장의 트렌드에 맞춰 더욱 새롭고, 신선한 제품을 개발하여 
고객에게 안정적으로 공급한다.
프리미엄 파인 베이커리 상품을 까페와 외식업체의 원재료형태로 납품하고 업체는 자사의 상품을 이용해서  다양한 베이커리 제품으로 변화시켜 부가가치를 증대하는 방식으로  고객에게 만족을 제공한다.",C
"깨끗하고 정직한 식재료
국내산 농산물, 위생적이고 청결한 작업장
“내 아이가 먹을 수 있는 제품을 만들겠다”는 바른 먹거리와 정성을 담아서 제품의 신뢰도 인지
K푸드의 먹거리도 우리가 만들어 보겠다. (한 그릇 문화 비빔밥>한 그릇 문화냉면, 만두, 갈비)",B
"신뢰와 기술력을 바탕으로 고객만족추구
품질, 기술을 바탕으로 고객과의 신뢰구축
빠르고 정확한 납기 준수",C
"기업 구내인터넷 가입자 고객만족
통신속도 품질 유지
365일 무고장 서비스",C
"기술, 문화 변화의 트랜드에 맞는 제품 기획 으로 디자인, 품질에 대한 고객만족 추구
스마트기술로 함께 즐기는 신 문화 창출
성실한 A/S 로 고객 만족 추구
고객에게 편리한 디지털 삶을 제공",C
"경쟁업체들과의 비교불가의 품질 및 기술력의 월등한 퀄리티로 
고객의 가치추구
고객이 요구하는 최상의 일처리(제품의 정교함, 마감일정 준수)
고객이 만족하는 사후관리(오픈후 파손된모형 빠른보수,
설계변경에 의한 모형수정)",C
"브랜드
품질, 기술, 고객관계를 바탕으로 신뢰를 구축하여 지속 가능한 제품공급
품질보증 및 책임하자처리(A/S)
고객(담당자)와의 지속적인 관계유지
제품에 대한 마케팅(홍보 및 광고)",C
업체별 제품에 맞는 꾸준한 개발로 인한 품질의 안정성을 도모하여 시장에서 차별화된 제품 공급.,C
"최고의 품질과 서비스로 고객만족 실현
기술과 품질로 글로벌기업과 당당히 경댕하는 부품소재 열처리 분야
일류기업",C
"뉴그린 에너지 알루미늄 전문기업
(건축창호, 커튼월, 디스플레이 등) 주력사업은 더 잘하고, (배터리)신규사업은 선도하는 기업
국내 최고역사의 기술 노하우, 최대 압출Capa. 최대 압출용량을 보유한 기업
투명경영, 환경과 안전측면에서 ESG경영에도 주력하는 기업",A
"품질, 기술, 신뢰관계를 구축하여 고객만족 가능한 서비스 공급
뛰어난 기술력과 노하우를 바탕으로 요구만족제품 생산
제품 생산능력 활용하여 적기적시 대응
생산 및 시공cost 절감방안 창출
기술 노하우를 바탕으로 현장별 특화도면 창출
 당 공종 특성상 대량생산 또는 재고확보 불가하여 Project별 디자인필요",D
"안정적인 노후생활을 위한 자산관리 및 투자 지식 제공
절세관리 컨설팅 및 재무설계 제공",B
"건강친화형 주택 건설기준(흡방습, 흡착, 항균, 항곰팡이)에 맞는 제품 생산 및 시공
당사 제품을 통한 실내환경(실내공기질)개선 사업으로 새집증후군(아토피피부염, 비염, 천식)을 방지 , 라돈저감 및 결로방지 시공
코로나19로 인한 팬데믹 상황에서 실내공기환경은 더욱 더 중요한 상황으로 실내환경개선사업의 중요성 증대.",D
"품질, 기술, 고객과의 관계, 신뢰, 편안한 하자 처리
고객은 언제든 아주 쉽게 우리를 떠날 수 있습니다.  고객은 가장 중요하게 여겨지는 존재이다.  이는 기업의 존재 이유와 목적 자체가 고객과 더블어 함게하기 때문이라고 할 수 있다.
고객의 특성과 구매 행동은 시대에 따라 진화한다.
공급이 부족한 시절에는 상품을 만들기만 해도 소비자들의 구매가 이루어졌다.
고객의 욕구라는 관점에서 아주 기본적인 결핍의 욕구만을 만족시켜도 충분했다.
경제가 발달하고 공급이 넘쳐나는 요즘에는 겹핍을 넘어 타인으로부터 부러움의 대상이 되고 인정받는 상품이 주목을 받는다.
고객들은 물리적 겹핍을 메우기 위한 상품 그 자체만이 아니라, 심리적 욕구에 대한 만족을 구매하려 한다.
기업은 진화하는 고객의 다양한 특성에 따른 기대 가치를 충족시켜야 한다.
이는 기업과 고객 간의 기대 가치 차이로 인한 보이지 않는 갈등을 예방하고 기업의 생존을 위해서 필수적인 과제이다.
고객은 기업에 값을 지불하면서 기대하는 가치가 있다.
고객의 기대 가치는 기업이 고객과 통합하고 연결하는 능력을 갖추려 노력하고 있다.",D
다년간 축척된 기술력으로 고객에게 품질로 인정받고 획기적인 변화와 개혁으로 글로벌 시대에 다양한 개발을 통해 POLY ETHYLENE FORM 최고의 포장시스템과 최상의 품질시스템을 적용하여 신뢰가 기본으로된 기업으로 나아가겠습니다,B
관리의 스마트화로 품질관리 및 원가절감을 통해 지속가능한 거래 ,B
"중소중견기업 CEO의 창조적 역량강화 프로그램 개발 및 교육
중소중견기업 임직원 직무능력 향상 프로그램 개발 및 교육
미래유망업종 창업. 성장 지원을 위한 교육훈련, 경영혁신
기타 설립목적에 부응하는 경영혁신 및 인재양성에 대한 사업 및 부수사업",C
"우수한 인쇄품질(금박, 형압, 코팅)등
가격경쟁력: 박스제작에 필요한 모든 설비를 갖추고 있어 원스톱 생산이 가능함
고객과의 신뢰를 확보로 지속적인 거래  
모든 설비를 갖추고 있어서 고객사가 원하는 최적의 납기 구현
철저한 품질관리를 기반으로 불량율 최소화",C
"고객이 필요로 하는 최적의 품질 생산
타 경쟁사와 경쟁에서 우위를 점유하기 위한 기술개발
전기자동차 생산 수요에 따른 고부가가치 품질 생산",C
"세법의 법률안에서 절세
세금에 대한 종합적인 컨설팅
개인재산관리 및 자문",D
"인재 발굴과 검증, 소프트 랜딩 서비스를 제공하여 기업과 인재에게 지속적인 가치를 
제공하고 있습니다",B
기술적으로 최고의 제품을 제공하는 platform회사로 고객에게 최고의 만족을 제공,C
"시장성 있는 가성비 높은 제품개발
꾸준히 팔리는 시장에 안착하는 제품개발 
대기업제품 위탁판매
(현재 청정원 /종가집/ 롯데헬스원/ 대상웰라이프/ 엘지생활건강/ 테팔 등 대리점 코드보유)",D
신뢰와 기술력을 바탕으로 최상의 고객만족 추구,C
슈퍼 및 마트의 판매 품목에서 매출에 중요한 품목 중 하나인 양곡류의 납품을 담당함에 있어 양질의 제품을 공급하고 적절한 재고 및 원곡의 확보로 가격경쟁력을 갖추어 경쟁업체와의 판매 경쟁에서 우위를 차지 할 있도록 한다.,B
"소비자들의 미에 대한 기본적인 욕구 충족
아름다워지려는 소비자의 요구를 충족시키는 단계에서 출발하여 새로운 상품을 개발하여 기존에 없던 트렌드를 이끌어 가고자 함
이미 5년 전부터 남성(특히 그루밍족)들의 수요가 증가하고 있으며, 여성들과는 다른 남성 전용 상품 개발을 통해",C
"공급 안정성.
고품질 & 품질 관리
신제품 기술 개발 능력 보유 및 활동",C
"기업을 대표하는 기업 이미지 CI,BI 
기업의 뛰어난 제품 디자인을 제공",C
"교육을 통하여 기업의 경영에 도움을 주고, 문제해결을 도와줌으로써 고객에게 가치를 전달",B
"좋은 품질, 기능의 제품을 공급
충실한 하자처리
새로운 제품의 지속 개발 및 상용화",C
"타 유통업체 및 제조사 보다 저렴한 금액으로 보다 좋은 품질의 제품을 적기에 공급하고 아울러 저렴한 제품을 추천 및 건축형태의 유행을 선도한다, 이로써 상호 신뢰를 구축하므로 시장의 변화에도 대처할 수가 있고 오래도록 관계를 형성할 수가 있다",B
"변화하는 시대흐름에 맞는 디자인 추구
신뢰받는 품질과 납기
고객만족도 높은 A/S까지",C
"품질, 기술
고객관리
기술적제안으로 협상에 의한 계약 유도",C
"앞선 기술, 높은 품질, 저렴한 가격 ",C
"스탠다드차타드 금융그룹의 일원으로(아시아, 중동, 아프리카 지역에서 가장 역동적인 시장들을 중심으로
160여 년 간 은행업을 영위하며 세계적으로 신뢰를 쌓아온 글로벌 금융그룹. 런던, 홍콩, 뭄바이 증권거래소와 인도국립증권거래소에 각각 상장되어 있으며, 세계 59 개 시장에서 약 125개의 국적을 가진 8만 6천여 명의 직원들로 구성) 이러한 인적, 지리적 다양성과 폭넓은 비즈니스 영역을 바탕으로 개인 및 기업고객에게 진정한 글로벌 금융파트너 로서의 역할을 다하고 있으며, 지속 가능한 비즈니스를 구축하고자 기업지배구조, 사회적 책임, 환경보호 및 직원 다양성에 있어 수준 높은 글로벌 스탠다드를 유지. 
SC제일은행은 국내에서 90여 년간 영업해온 토착은행으로서의 기반과 스탠다드차타드의 풍부한 국제적 경험 및 글로벌 네트워크를 융합함으로써 한국 최고의 국제적 은행이라는 비전을 실현해 나가고 있습니다. 브랜드 약속인 Here for good 정신을 바탕으로 SC제일은행만의 독특한 ‘다양성을 발휘해 고객의 비즈니스와 삶의 번영을 도모’하고 있으며, ‘현실에 안주하지 않는다(Never settle)’, ‘함께 하면 더 좋다(Better together)’, ‘올바른 행동을 한다(Do the right thing)’라는 세가지 가치 있는 행동을 기반으로 공정하고 지속 가능한 방법으로 비즈니스를 영위하고 있습니다
더불어, SC제일은행은 다음 세대를 위한 경제적 포용과 사회 불평등 해소를 목표로 청년층에 대한 금융·경제 교육, 취업 및 창업 역량 배양을 지원하기 위한 지역사회공헌 활동과 모금 활동을 펼치고 있으며, 지역경제 활성화 및 소상공인 지원을 위한 다각적인 활동을 통해 사회적 책임을 이행하고 있습니다.",A
"브런치, 빵, 커피를 판매하여 마니아층을 이루고, 재판매가 가능 할 수 있게 생산 및 서비스를 제공합니다.
지역마다의 고객 연령층 및 선호도가 달라, 그에 맞는 상품DP 및 높은 퀄리티의 제품 판매를 제공합니다.
현업에서 20~30년 정도의 주방 경력자들이 만들어내는 신선한 브런치와 베이커리, 디저트 등 바리스타 자격증을 다수 소지하고 있는 바리스타들의 음료를 곁들어 좋은 퀄리티를 제공하고 있습니다.",C
"“빛을 통한 삶의 추구”라는 모토아래 다양한 실 내외 경관 프로젝트 실행 
자연광과 인공광의 조화가 이루어지는 공간연출을 통해 모든 환경의 빛을 재해석하고 있으며, 감성을 자극하는 디자인과 4차 산업 혁명에 맞춰 빅 데이터 인터렉티브 조명 연출 기술 등을 연구개발하여 미래의 조명문화를 선도하는 디자인 / 설계 전문 회사를 지향함",A
"품질, 기술, 고객관계를 바탕으로 신뢰를 구축하여 지속 가능한 제품 공급
뛰어난 디자인의 욕실 제품 생산 및 완벽한 시공
끝까지 책임지는 하자처리(A/S)",C
건축물로의 상품가치가 있도록 디자인 및 설계를 제공하여 사용성과 품질이 확보되고 장기적인 유지관리가 실현되도록 설계 결과물 제공,C
품질 및 기술 등 상대방의 요구하는 기준에 맞는 조건을 회사가 갖추면 공급업체로 지정이 되고 그 범위 내에서 동종의 공급업체와 납기 및 가격으로 경쟁하여 거래가 추진됨,D
"품질,기술,신뢰를 바탕으로 지속가능한 제품공급.
진보하는IT산업의 변화에 맞춰 선진기술도입 및 연구개발로 동종업계의 리더가 되고자함.
IT강국 대한민국의 고속도로, 공항에 실시간 교통정보표출설비를 제작,공급함으로서 혁신적인 아이템으로 세계시장에 진추하고자 함",B
"적정한 품질관리와 현장관리
시공전반에 걸친 민원사항 협",D
기업체에 필요한 보증보험을 발급해 주어 도움을 주고 신뢰를 쌓아 고객을 확대하여 매출 증대도모,C
"합리적인 가격제시, 신속 정확한 배송(Delivery), 책임 있는 하자처리(A/S) ",C
"기업은, 앞으로는 앞서 언급한 ESG경영에 모든 것을 집중하지 않으면 글로벌기업은 말할 것도 없이 국내에서도 항상 뒤쳐져 가는 후진기업을 탈피하지 못할 것으로 예상됨
따라서, 회사의 가치를 기존의 ‘기술, 품질, 이익’ 측면에 기반을 둔 경영가치(방침, 철학)에서 벗어나야 한다",B
"해외 건설 수주 건설사에 신뢰를 바탕으로 양질의 인력을 확보하여 공급.
해외 진출 희망 기업에 정확한 정보 전달과 맞춤 컨설팅 제공",C
"PRD 공법의 대표 업체로서 수많은 시공경험, 기술력을 바탕으로 한 품질시공",C
"이윤추구(매출확대)
종합가구사 출범
브랜드인지도 상승",D
"창의적 교육기업 : 가치를 발굴하고 연결하여 재창조하는 유기적인 무한성장을 위해 노력하는 기업
사람중심기업 : 사람과 사람이 만나 교육을 통해 변화되는 곳",B
"예비창업단계에서 마케팅과 인적자원관리, 외부차입금부터 투자 유치까지 같이 창업초기부터 계획을 세우고, 마케팅과 재무, 인사회계까지 업체에 맞는 솔루션을 전문가 집단의 회의를 통해 제공하고 있습니다.",D
"신속한 차량 소통
안전한 도로 구현
고객 민원의 신속한 처리 및 재발 방지
서비스 마인드 향상",C
"미션 : 국민 주거안정의 실현과 국토의 효율적 이용으로 삶의 질 향상과 국민경제 발전을 선도
비젼 : 든든한 국민생활 파트너, LH
핵심가치 : 상생협력, 창의혁신, 미래도약, 안전신뢰",B
"기술력의 상향 평준화를 넘어선 디자인 경쟁.
철저한 사후관리로 지속적 관계 유지
신제품(디자인)개발 = 고객에 대한 보답",C
"건강한 주택 문화를 위해 유럽의 선진화된 시스템과 엄격한 친환경 규격을 바탕으로 한 최고 품질의 주방가구를 고객들에게 공급한다는 자부심과. 주방가구는 단순히 음식을 만들고 저장하는 공간이 아닌 가족들 과의 소통과 보다 값어치 있는 문화를 제공해 드린다는 신념으로 제품을 공급하고 있습니다.
유럽의 선진적이고 편안한 동선과 이용자 중심의 가구는 언제나 편안함과 안락함의 느낌을 드리는 주방가구입니다",C
"정해진 예산안에서 그 이상의 가치를 만들기 위해 더 효율적인 공정관리와 자재선별,
시간단축을 목표로 고품질의 목적물을 만들어 내는 것",C
"지속가능한경영 : 재무 건전성, 시스템경영을 통한 친환경 건설활동으로 내실있는 성장체제 구축
품질경영 : “계획/실행 > 운영/점검 > 경영검토/개선 > 품질방침(육성)”을 통한 품질경영
안전보건경영 : “자체평가, 안전보건방침, 계획수립, 점검 및 개선, 경영자검토”를 통한 안전보건경영
환경경영 : 선진 환경경영 체계구축, 환경보전활동 능동대응, 최신 환경기술 도입, 지역사회유대강화
윤리경영 : 투명한 조직, 공정업무, 윤리규범 등을 통한 부패취약부분개선, 예방적윤리강화 등
상생경영 : 협력회사와의 동반성장 실천, 동반성장을 통한 도약 및 내실화
사회공헌 : 지속가능한 행복을 지향하는 봉사활동(사랑의 집수리, 자원봉사, 재해복구, 장학재단 등)",A
"신뢰할 수 있는 세무, 회계 서비스의 제공",D
품질과 신뢰를 바탕으로 한 영속성 유지,D
"브랜드 및 디자인 개발을 통한 고객사의 기업 경쟁력 확보 및 브랜드 경쟁력 강화 
궁극적 목표는 기업의 매출액 증대",D
"(기업) 고객이 자사의 (소비자) 고객을 대상으로 가치 창출을 할 수 있도록, KT의 인프라 및 서비스 환경을 제공을 통한, (기업) 고객 사업 추진의 효율성 및 편의성 달성",A
"앞서가는 기술혁신으로 업계를 선도하고,
최고의 품질로 고객신뢰를 우선하여,
공동의 이익을 실현하는 기업문화를 창조한다.",B
"웰케어 제품(일반의약품, 의료기기, 건강식품, 화장품)을 개발하여, 전문 유통채널을 통해 
비대면으로 교육, 홍보하고 
기존 확보된 빅데이터를 기반으로 구축된 IT유통 플랫폼을 통해 고객에게 공급하여 
인류의 삶의 질을 높이는 특화된 웰케어 제품을 공급.",A
"제품을 통한 신뢰를 구축하는 것
새로운 디자인 창출
신규 거래선 수주",C
"제품을 통한 신뢰를 구축하는 것
새로운 디자인 창출
신규 거래선 수주",C
"브랜드에 적합한 소재/상품 제안 및 개발에서부터 완제품 제작/출고까지 모든 APPAREL과정 진행하여 CUSTOMER의 업무효율 및 제품 완성도, 경쟁력을 높임. 
뛰어난 품질의 제품을 합리적인 가격으로 공급하여 CUSTOMER의 매출을 극대화.
해외 브랜드의 소재/상품 등을 국내브랜드에 벤치마킹/제시로 다양한 소재/제품 제안.",C
"제품을 통한 신뢰를 구축하는 것
새로운 디자인 창출
신규 거래선 수주
제품의 최저가",C
"정확한 기준준수를 통한 설계
창의적이고 합리적인 노선개발 토목과 서비스를 접목한 개발사업",C
신뢰와 경험을 바탕으로 최상의 법률서비스를 제공하는 고객만족 추구 ,C
"인류의 더 나은 삶의 터전을 위해 미래를 준비
고객이 최상의 만족을 누리기 위해 차별화된 기술 개발과 혁신 추구
이익 창출에 대한 기업의 사회적 책임 실현
종업원 및 협력업체의 직. 간접 투자를 통한 동반성장 추구",A
"주문 품목 수량에 대한 정확성과 신속한 배송
품목 다양화
신속한 신제품 취급 
다양한 판매촉진 제안",C
"공간의 경험가치극대화를 통한 장소명소화, 공간브랜드 구축
이를 통한 클라이언트의 개발이익 극대화 지원
고객이 공간에서 보고, 느끼는 경험 가치(experiential Value)를 디자인
고객과 만나는 접점공간에서 이용자의 내재된 경험 가치를 살피고, 해석하여 통섭적인 융합화를 통해  특정 공간이나 장소, 도시의 가치를 높이는 장소 명소화, 공간브랜드 구축에 국제적 전문성을 발휘 Place-making, Place-branding",C
접근성 좋은 부지에 품질이 우선시되는 부동산 공급,D
"국내 시장점유 1위 기업의 기술과 품질, 안정적인 자재 공급
현장의 특성에 맞는 제품 제안
철저한 현장관리를 통한 현장에 적합한 부속류 제안
현장 납기에 맞춘 안정적인 납품관리",C
"장기 렌터카 또는 오토리스 이용중 부득이 중도해지(반납) 할 경우 각 캐피탈사, 카드사, 렌터카사에서 요구하는 막대한 금액의 위약금이 발생하지만,
해지하지 않고, 제3자에게 승계를 하여 모든 채무를 이관하게 되면 위약금을 물지 안아도 된다.
또한, 승계를 받는 제3자는 일정금액의 렌트(리스)료를 보존 받기 때문에 판매자, 구매자가 서로 윈윈하는 결과가 도출된다. 이에 번거롭고, 어려운 승계업무를 안전하게 중개하여, 도와주는데 목적이 있다.",C
"고객과의 신뢰를 확보로 지속적인 거래  
모든 설비를 갖추고 있어서 고객사가 원하는 최적의 납기 구현
철저한 품질관리를 기반으로 불량율 최소화",C
"설계품질 [건축적 가치가 있는 디자인 창출]
감리품질 [안전한 건축물 구현]",C
"신용을 기반으로 하는 신뢰할 수 있는 기업
믿을 수 있는 제품 추천 (고객의 필요를 기준으로 만족도 높은 제품 제안)
핑계 없는 약속 이행",C
"믿고 안심할 수 있는 차량연료
편안하고 쾌적하게 주유할 수 있는 공간",C
"특화된 기술력으로 대기환경 분야에 선도적인 기업이 되어 대기오염 물질 저감에 이바지함.
신기술 개발 및 연구활동을 통해 기존에 적용 불가능했던 신규시장 진입.
지속적인 현장관리를 통해 맞춤형 서비스 실현, 장기적인 협력 관계 구축.",B
"신뢰와 기술력으로 품질우선의 고객 만족 추구 기업
책임 시공과 빈틈없는 고객만족의 유지관리 체계 정착 기업
신뢰받는 정보통신 전문 여성기업으로 시장경쟁 우위 전략 추진",C
"신뢰와 기술력으로 품질우선의 고객 만족 추구
신기술 개발과 신공법 시공을 통한 신뢰기반의 책임시공 및 유지관리
4차 산업혁명으로 추진하는 국책 뉴딜공사의 조기시공 역할 기여
신뢰받는 정보통신 전문기업으로 선도적 우위 전략 추진",B
"신뢰와 기술력으로 품질우선의 고객 만족 추구
신기술 개발과 신공법 시공을 통한 신뢰기반의 책임시공 및 유지관리
신뢰받는 정보통신 전문기업으로 선도적 우위 전략 추진",C
"경제성과 시공성이 우수한 공법
단순히 공사만 하는 것이 아니라 발주자, 설계자, 시공사가 어려워 하는 부분을 해결해 줄 수 있는 능력",E
"정해진 예산안에서 그 이상의 가치를 만들기 위해 더 효율적인 공정관리와 자재선별,
시간단축을 목표로 고품질의 목적물을 만들어 내는 것",C
"고객에게 차별화된 가치를 제공하는 솔루션과 서비스 중심의 비즈니스를 전개해 나갑니다.
고객 신뢰와 차별화된 가치 실현을 통해 국내 DB 시장점유율을 확대합니다.
우수한 연구개발 역량을 토대로 국내외에서 활발하게 비즈니스를 전개하여 시스템 소프트웨어 산업계를 선도합니다.",A
"차별화된 제품 및 기술
하자처리 챔임
독창적 기술 및 IoT를 접목시킨 국내 독점제품 개발 출시
끝임없는 제품개발",C
"고객이 원하는 품질과 규격의 자재납품으로 고객만족 추구 
납기일을 철저히 준수하여 고객의 사업에 지장이 없도록 만전을 기함
생산 및 납품 스케쥴에 관한 고객과의 정보 공유
철강시장 변동상황에 관한 정보 취득 시 고객에게 전달하여, 고객의 영업 및 마케팅 활동에 도움이 될 수 있도록 상호교류(Win-Win)",C
"바이어의 니즈를 만족시킬 제품 품질.
최신 트랜드에 맞는 디자인 제안.
다른 경쟁 업체와 다른 고객사와의 신뢰 구축.",C
"고객만족
양질의 품질
안전한 사업장관리
고객의 요구는 원하는스케줄, 품질, 안전이 거의 전부라 할 수 있으며 추가로 금액이 주요사항입니다.  이러한 고객의 요구를 충족시키는 것이 당사의가치를 높이는 것이라 생각됩니다.",C
"삼성의 에스원(S1) 브랜드 가치를 추구하는 유통전문 보안경비 회사임
고객이 안심하고 찾아올 수 있는 시설의 보안/ 방범/ 방재/ 인명구조 등의 SAFETY-SYSTEM 구현 
고객사의 신뢰감을 부여하는 공감 능력을 갖추고 협업부서와의 상시 Communication을 통해 업무개선을 선도하는 업무능력 발휘 (신속/정확/사전예방관리 등)
자기계발 프로그램 전개로 인재 육성 및 우수인재 선발을 위한 다양한 산학협력 관계 유지 등으로 인적 경쟁력을 갖춘 인력 보안회사 (소방방재학과 산학협력, 대한심폐소생술협회 / 군인제대지원센타 / 전직경찰지원센타 外)",A
"반도체, 부품 등 후공정에 들어가는 초정밀 절삭 가공하는 기계를 보유하고 있는 기업이라, 정교함이 필요한 공정은 21세기가 특화되어 있음(품질, 완성도, 불량률 제로)",D
부동산 개발을 통해 부가가치 창출,E
"고객과의 신뢰가 최우선 핵심가치라고 생각함.
 철강영업 30년 노하우를 바탕으로 고객사와의 신뢰를 바탕으로 Win-Win 목표
경쟁사 대비 우월한 납기경쟁력
 기존 거래처 대비 납기적중율 90% 이상을 목표로 원자재 Maker의 공정관리에도 중점을 두고 있음",C
디자인 개발 및 우수한 퀄리티 제품을 브랜드 및 소비자에게 합리적인 가격 공급,C
"경쟁력 있는 품질과 서비스로 고객만족 
빠른 시장변화에 대한 고객니즈를 빠르고 유연한 대응
고객 도움될 수 있는 정보 및 솔루션 제공
유연한 다양한 제휴관계
한국 뿐만 아닌 전세계 파트너 네트워크 구축해서 다향한 제품 서비스 대응 
사회문제에 관심있고 도움될 수 있는 기업",C
"파트너와 신뢰 : 해외 바이어들과 신뢰가 생기려면 10년 걸린다고들 한다
내가 당하기도 하지만 그들도 당하기에 신뢰가 바탕이 되야 한다
안전하고 빠른 물류 : 파트너는 빠른 것도 중요 하지만 안전한 것을 더 중요하게 생각 한다. 빠르게 하다 보면 물류나 통관 서류에 문제가 생기니 ………. 가장 좋은 것은 안전하고도 빠른 물류이다
좋은 품질 : 요즘 동남 아시아로 시장을 돌리면서 저가를 만들며 품질이 떨어진 제품들이 많이 나오는데 결국 한번으로 발주가 끝났다",D
"고객사의 안전사고를 예방하고
기술지원을 통해 고객만족도를 향상시킨다
가설재 사용자의 안전과 골조의 품질향상으로 시공의 편의성을 제공하고 환경 유해요소의 차단노력을 기울인다.",B
원활한 사업 자금 조달을 지원을 해 줌으로써 기업의 원활한 재무 건전성 확보,C
"성실, 신용을 바탕으로 고객만족 추구
철저한 사후 관리
정밀시공, 공정 단축으로 원가절감",C
"신뢰성 있는 제품을 바탕으로 오랜 기간의 경험을 가지고 책임 있는 시공
시장을 선도하는 디자인과 고품질의 제품을 공급",C
"특정직업층이 사용하는 헤어 제품을 대중적인 제품화 하여 익스텐션의 유행을 이끌어 내는 홍보 및 마켓팅으로 일반인에게 가깝게 접근, 대중적인 제품으로 전향 매출의 극대화를 추구",D
"개인고객 -> 완벽한 제품력과 가격메리트를 바탕으로 소비자에게 가치제안 
기업고객 -> 신뢰와 완벽한 기술능력을 기준지표로 하여 최상의 서비스제공으로 가치제안",C
품질과 기술을 바탕으로 한 제품에 감성이라는 코드를 녹여 판매에 집중하고 있습니다.,D
"품질, 기술력을 바탕으로 진정성 있는 신뢰 제공",D
"정부 정책을 부응하는 펀드 설계 및 사후관리
기타 모태펀드에 출자하는 출자자의 맞춤 펀드 설계 및 수익률 극대화 노력",D
"건설사 및 시행사에서 요구하는 디자인과 우수한 품질의 제품 공급.
쌓아온 노하우와 성실함으로 각각의 건설사와 시행사의 니즈 충족",C
"고객에게 보다 편안하고 효율적인 재배환경의 제공
누구나 쉽게 재배를 할 수 있는 시스템 제공
기후, 계절에 상관없이 언제나 작물을 재배할 수 있는 일관된 환경의 제공
농업과 IT 기술을 결합하여 다양한 방식으로 농업을 활용한 산업구조를 창출",C
"접근하기가 상대적으로 어려운 대형법무법인의 서비스를 제공 
기존의 개인 변호사 이외에 새로운 옵션 제공
지속적인 법률서비스 제공
법률적 서비스를 제공받는 것에 익숙하지 않은 고객에게 새로운 업무 환경 제공",C
세무컨설팅으로 인한 관련제세 절세,D
"World Top 철강제조기술을 바탕으로 최고 품질의 제품을 공급하고, 당사 제품으로 2차, 3차 사업을 영위하는 고객사~파트너사들의 산업 생태계를 보호하고 함께 동반성장함
창업이념인 ‘제철보국’의 정신에 기반하여 Business/Society/People with POSCO의 기업시민을 실천하는 관련 구성원과 함께 더불어함께 발전하는 기업 ",B
"신뢰를 바탕으로 건축주를 대신하여 업무수행시 건축주의 요구사항에 대한 만족도
건설관계 업무에 대한 최적 해결책 제시",C
"4차 산업혁명과 미래산업에 대한 핵심기술의 국산화 등을 위한 연구환경 조성
행정절차 간소화 등을 통한 연구자 편의중심의 연구지원 관리체계 구축
대학의 지역사회 기여, 대학의 교육 및 연구성과 향상을 위한 지원체계 구축",A
"신속한납기와 고품질의 재품생산으로 고객의 다변화와 확대.
고객사와 원활한 의사소통으로 제품의 품질개선 및 향상.",C
"터널 공사 현장 터널링 전문장비(점보드릴) 다운타임이 발생하지 않기 위한 임대/렌탈 출고 전 철저한 정비
24시간 A/S 출장 가능한 정비직원 보유로 현장 다운타임 최소화 
점보드릴 스페어 부품을 합리적으로 제조/제공함으로 광산업체 보유 장비 유지보수비 절감 효과
점보드릴 대량 보유함으로 장비 수리 기간 동안에 대체 가능",D
"Providing “sustained & reliable’ products and systems (w/competitive cost position) easy to find, understand and use in the defined market spaces. ",C
"다양한 업종(건설, 제조, 제약, 시공/시행, 공공기관 등)에 대한 외부회계감사 경력을 바탕으로 효과적인 감사절차를 수행하여 적시에 신뢰성 있는 감사보고서 제출
다양한 업종 및 경험(PA용역, 기업가치평가용역, M&A, 자산부채실사, 회계/세무 자문 등)을 통해 고객이 필요로 하는 회계 및 세무관련 이슈에 대한 서비스 제공
고객과 지속적인 Contact를 바탕으로 고객의 needs에 맞는 보고서를 적시에 발행",C
안전한 제품과 고객의 생명과 재산을 지켜주는 제품을 제공,C
"VISION
- Be the market leader for excellence in customer experience
- 최상의 고객 경험을 제공하는 업계 리더
MISSION
- Deliver Excellence. Build Trust. Lead innovation. Always.
- 언제나.신뢰와 혁신으로 최고의 가치를 선사하는 기업.
VALUE
- Trust (신뢰),     Integrity(진실성),      Teamwork(팀워크), 
- Relevance(연관성),      Social Responsivility(사회 공헌)
PROMISE
- YOU COME FIRST. ALWAYS.
- 당신을 최우선으로. 늘 한결같이
- YOU MATTER. ALWAYS.
- 당신은 소중합니다. 늘 변함없이",B
"전직원의 주주화를 통한 주인의식 고취
뛰어난 자재를 적시에 공급한다",D
"고객을 위한 가치창조
전직원의 주주화를",D
"기본에 충실한 업무
기술자의 자존심을 세우는 업무",D
"가격 경쟁력 및 적기 부품 공급 
요구 품질 부합",D
"창조적인 건축디자인을 통한 새로운 계획안 제시
기술력과 노하우를 바탕으로 한 건축주의 의도구현과 실현가능한 건축물을 위한 건축설계 서비스 제공",B
"1. 자동차 부품 社 (1차 고객사) : 
- 신규 차종 부품 개발 및 테스트 단계부터 고객사와 의사소통을 통한 신규 개발품 제작 및 기술 지원
2. 자동차 완성차 메이커 (2차 고객사) : 
- 자동차 공식서비스센터 (현대: 블루핸즈 / 기아: 오토큐) 고객(운전자) 불만사항 접수 시, 센터 내방을 통한 서비스 대응",D
"변화하는 시대에 맞는 디자인과 편리한 주거생활을 도모하는 제품 공급
고객을 우선 순위로 하는 완벽한 시공 및 A/S",C
"분양성과 안정성을 겸비한 사업 및 제안형 기획사업 진출로 시장에서의 입지강화
고객 맞춤형 제안으로 사업기회 선점과 브랜드가치 제고
공공 발주공사 완벽한 품질 확보로 기관발주자 만족도 확대 및 실적 확보
VOC(고객의 소리) 경영을 통한 브랜드 로열티 제고 및 고객이 찾아가는 건설사로 도약",B
고객의 이익과 솔루션을 공유하고 프로젝트 수행시 건축주의 일정과 사업성에 맞는 설계안을 제안,C
"새롭고 창의적인 디자인을 바탕으로 고객의 요구 이상의 물적, 정신적 가치 창출  
건축법의 완벽한해석과 인. 허가의 강점을 살려 고객 이윤의 극대화
건축문화 상품의 건축물 기획으로 건물의 예술적 가치 증대",C
"설계품질을 바탕으로 한 하자 최소화 설계수행
창의력과 디자인 능력을 통한 차별화된 디자인 가치창출
BIM디자인을 통한 전기, 통신, 설비, 구조의 통합 디자인 수행으로 설계오류 최소화",D
"사회적기업의 이미지를 부각시키며 고객에게 효용의 가치를 제공하는 마케팅.
고객만족 책임경영",C
"가성비 높은 인테리어
가격,품질,서비스",E
"품질
새로운 개념의 제품 개발
고도의 기술 축적",E
"품질 / 서비스 / 고객감동
비대면 잠재고객의 소비활동 참여",D
건설사의 니즈에 맞는 건식화공법 구현 및 성역화 ,D
"수주 공사의 하자없는 완벽한 시공으로 발주자 및 자체사업 피분양자의
니즈 충족.",C
"외식 자영업자의 프랜차이즈 기업화
자영업자의 매출 이익 상승
외식 사업활성화",C
"경쟁력 있는 요율 제공
가입시 올바른 조건으로 가입할 수 있도록 안내
CLAIM 발생 시 서류 접수하여 자체 검토를 통해 향후 진행에 대한 가이드
CLAIM 접수 후 진행 체크 및 적절한 보상 되도록 협의하는 서비스 제공",D
"대기업의 협력업체로써
기술력을 바탕으로 작업기업이지만 그 회사에 꼭 필요한 회사로 협력체재를
구축하는 것입니다",B
"무농약 채소로 고객에게 건강을 준다.
믿고 먹을 수 있는 농산물로 안심을 준다.
저칼륨채소, 항암채소로 환자가 먹을 때 기쁨을 준다. 
물고기가 채소를 키우는 신기한 농법으로 즐거움을 선사한다.",A
"회계감사, 세무, 재무자문, 컨설팅 서비스에 이르기까지 기업 경영 전반에 걸친 종합적인 지식 서비스를 제공하며 고객의 성공을 지원",C
양질의 식사를 근로자에게 제공함으로써 고객사 노동생산성 향상에 기여,C
"고객만족을 위한 완벽한 품질시공 및 경쟁력있는 저렴한 시공비
전문공사 특허 개발",D
"‘Life is Good’ 실현을 위한 고객가치 실현 
지능형 라이프 스타일 촉진
지능형 생활환경 구축, 고객의 건강한 삶 추구, 그린 비지니스
탄소중립 및 순환경제 실현
탄소중립 추구, 제품의 환경영향 저감, 자원순환 촉진
더 나은 사회 구현 
 지속가능한 공급망구축, 양질의 안전한 일자리 구축, 지역사회 공헌 확대",A
"영. 유아 청소년기에 맞는 안전한 식품공급
고객의 니즈에 맞는 상품제안
위생관리준수를 통한 정확한배송
급 발주 및 클레임의 신속한 대응",D
"기술력을 바탕으로 한 고객만족 실현
고객 편의의 제품개발",C
생명존중을 바탕으로 국민 건강에 기여하는 좋은 제품을 꾸준히 개발하고 생산하여 인류에 이바지 함,B
"신뢰를 바탕으로 한 고객의 전반적인 자산관리
대를 이어 부를 이어 갈수 있는 승계작업
컨설팅 후 지속적인 관리를 통한 부의 승계",D
"단가 경쟁력, 빠른납기, 우수한품질 및 신뢰에 기반을 둔 고객관계를 바탕으로 믿음직한 파트너라는 인식",C
"해외건설수주 건설사에 신뢰를 바탕으로 양질의 인력을 확보하여 공급.
해외진출희망기업에 정확한 정보 전달과 맞춤 컨설팅 제공",C
"세계적인 품질의 제품을 만들어 수출을 통해 국가 경제력 기여
국민생활의 질을 높이자는 목표로 제품 공급
생산판매 일원화",B
"기술과 노하우를 체화한 인재를 바탕으로 품질, 가격, 브랜드 등의 차원에서 고객의 요구에 부응하는 건축물을 시공 ",C
"전사적 경영혁신 차원에서 고객이 가진 핵심적인 문제점을 파악하고 이를 해결할 최선의 대안을 제시함으로써 고객의 전략 실행력을 높이는데 기여함
기업의 가치사슬을 구성하는 각 영역(마케팅, 생산, 영업, 물류 등)의 전문가들이 팀을 이루어 고객의 당면한 경영혁신 이슈가 무엇이고, 이를 해결하기 위한 최적의 솔루션이 무엇인지를 구조화된 방법론을 통해 고객과 함께 해결함",B
"회사 슬로건
페어 / 퍼펙트 처럼 고객의 만족을 통해 이윤과 가치 창출
건전성을 바탕으로 바른 성장을 추구
직원 만족을 통한 회사 발전 추구",C
"제조업체의 생산 부자재 및 홍보물 (예, 케이스, 스티커, 브로슈어, 카탈로그 등)
관공서 및 컨설팅 업체의 보고서 제작
신생 사업체의 로고, 심볼, 서식 디자인 개발 및 제작 ",E
"경쟁력 있는 요율 제공
가입시 올바른 조건으로 가입할 수 있도록 안내
CLAIM 발생 시 서류 접수하여 자체 검토를 통해 향후 진행에 대한 가이드
CLAIM 접수 후 진행 체크 및 적절한 보상 되도록 협의하는 서비스 제공",D
"최적의 시스템 구축
최고의 설비 품질
최고의 A/S 대응
위의 서비스 대응으로 고객의 신뢰 구축",C
설계도면에 입각한 사실적표현,E
"품질과 편의성을 바탕으로 최상의 고객만족 추구
타사와 동일 가격의 제품이지만 서비스 상품제공
24시간 언제든 소비자와 가능한 소통 능력
신속, 정확한 업무처리로 최상의 고객만족 추구
고객에게 고품격 제품으로 최상의 만족을 선물
끝까지 책임지는 하자처리(A/S)",C
"일정 수준 이상의 품질 확보와 신속한 하자처리로 안정적인 고객 확보
디자인 혁신 및 규격 다양화로 틈새 시장 공략
과감한 설비투자와 선도적 기술 개발로 기술 가치 창출",C
"특화된 기술이 적용된 제품의 공급을 통해 성능의 신뢰성 확보
뛰어난 시공성으로 공기단축 및 공사비 절감효과 재고
기존 기술의 문제점 해결을 위한 가이드라인 제시",C
"독자의소리들어, 전파와 공유하면서 편견과 잘못된관행을 알리므로 공평한 사회질서유지",B
"외국 유학이나 어학연수 대비 저렴한 비용으로 영어 교육을 마스터 할 수 있으며
끊임없는 R&D 투자로 변화된 환경을 주도하고 있습니다.",C
고객감동의 서비스를 목표로 운전사들의 자질을 만드는겁니다,B
"신뢰와 기술력을 바탕으로 최상의 고객만족 추구
지속적인 기술개발을 통한 국내 최고의 BIM회사",B
"육아를 통해 생활에 불편함을 개선하고 도움이 되는 제품 개발
아이와 부모가 원하는 브랜드 상용화
세계속에 중심이 되는 육아용품 제조사 지향",B
"법률이 정하는 기준이상의 기대효과가 있는 제품을 선정하여 제안하며, 근로자 누구나 먼저 선택하는 보호구를 제안한다.
중대재해처벌법이 국회에서 상정되어 입법이 예상되며, 기업에서 안전사고가 발생되어 1명의 사망자 발생시 기업최고경영자의 구속 또는 10억원의 벌금에 처해집니다.
이러한 막대한 비용을 사전적으로 예방할 수 있는 솔루션을 제공하여 선제적으로 안전사고를 예방할 수 있는 컨설팅 제공",D
"높은 광고 성과 로 클라이언트 매출 향상 
차별화된 컨텐츠 제작 
네이버 노출 경쟁력 
클라이언트가 만족하는 서비스 제공 ",C
"면세점이라는 특수한 유통채널에 상품 공급
중국 도매상에 매력적인 가격 할인 
면세점에 신규 진입하려는 기업에 대한 입점 솔루션 및 컨설팅 제공  ",D
"국내 최대의 패널(설문 조사 응답 그룹)인 틸리언 패널을 사용한 온라인 리서치의 최강자로서, 최단시간 내에 가장 경쟁력 있는 가격으로 응답 서비스를 제공합니다.
고객 우선주의를 적용하여 대고객 응대 서비스를 제일의 모토로 삼으면서 다른 회사 대비 경쟁력을 강화시킵니다.
오프라인 조사 대비 온라인 조사를 실시함으로써 비대면 설문조사에서 국내 1위의 자리를 매김하였고, 이를 가장 강점으로 둘 수 있습니다. ",C
"온라인 리서치에 필요한 최적의 웹업 프로그램을 제공합니다..
타사 대비 구동력이 뛰어난 프로그램을 제공합니다.
고객 회사의 설문 니즈를 최고 우선 순위로 반영하면서 최단시간에 웹업을 성공시킵니다.
롯데 멤버스를 기반으로 만들어진 ‘라임’이라는 온라인 패널을 제공",C
"고객의 마케팅 니즈에 부합하는 최적의 단가에 리서치 제공
기존 리서치 회사 대비 단기간의 높은 응답률
최고의 응답률을 가진 ‘GS 온라인 패널’을 제공",C
"국내, 해외에서 생산되는 좋은 품질의 원료를 원활히 유통하여 거래처에 지속적인 공급을 하는 것
품질 좋은 가공품을 적절한 가격으로 시장에 공급
소비자에게 저렴한 가격으로 공급",C
미술로 도시를 아름답게 ,B
"초심으로 성장하는 기업
최고의 품질과 신뢰를 바탕으로 새로운 가치를 창조하여 시장을 선도하는 미래지향적 가치 추구
직원들이 비전을 함께 공유하며 끊임없이 열정과 도전정신으로 경쟁력을 극대화하고, 직원의 
행복을 최우선으로 추구",C
"정통 제화브랜드의 정체성과 높은 소비자 인지도
해외 직소싱을 통한 원가경쟁력 및 다양한 가격정책 가능
편안한 착화감",D
미션 : 우리는 풍요로운 삶과 신뢰할 수 있는 세상을 만든다,B
"최상의 품질로 고객의 Needs에 맞는 제품생산
건축주를 비롯 소비자의 눈높이에 맞는 시공과 기술제공",C
"탤런트드레스&한복은 어려운 시기에 젊은 사람들의 결혼에 부담을 덜어줄 수 있는 업체가 
되기를 바라는 마음으로, 비싼 결혼 한복 맞춤 대신 고급 한복을 저렴한 가격에 대여하고 있습니다.
한복 매장들이 공식적인 가격을 공개하지 않고 영업을 하는 것과 달리, 
저희 탤런트 드레스 한복은 온라인 홈페이지에 모든 제품의 대여가가 공개되어 있으며, 
합리적인 가격에 의상 뿐만 아니라 의상에 필요한 모든 악세사리까지 추가비용 없이 함께 대여 해드리고 있어 추가 비용이 발생하지 않습니다.
과거에 비해 합리적이고, 간소화되고 있는 웨딩 문화에 적합한 형태로 좋은 반응을 얻고 있으며 높은 고객 만족도를 자랑으로, 고객의 계약률이 굉장히 높아 협력 업체들의 반응도 몹시 좋습니다.
합리적으로, 투명하고, 행복하게, 이것이 저희 업체가 가고자 하는 방향입니다.",D
좋은 디자인의 욕실 제품으로 소비자 삶의 퀄리티를 한 단계 발전시키는 것.,B
"단가, 공정, 품질, 안전을 바탕으로 고객에게 신뢰를 구축을 통해 원활한 수주의 기회 획득
누적된 데이터를 통한 최적의 공사원가을 산출하여 최상의 단가로 입찰 획득
프로젝트 공사의 공법에 따라 인원, 자재, 장비등의 효율적인 운영과 공정, 공사관리로 최상의 이윤
산업재해 및 하자발생 최소화를 통해 고객의 믿음 획득",C
"기존의 종합건설사의 협력업체(하도급)에 의한 시공을, 자체적인 엔지니어링 능력의 배양을 통한 직영 시공으로의 전환으로 기술 선도기업으로 경쟁력을 강화하는 건설업의  본질 추구
직영 책임시공을 통한 고품질 건축물의 제공
종합부동산 서비스 회사로 큰 영감을 주는 건축물을 통하여 소비자들에게 행복과 안정을 드리는 창의적인 디벨로퍼 기업.",B
"신소재 소싱 개발을 통한 트렌드를 앞서가는 제품 공급 
품질, 고객관계, 협력업체 관계에서 신뢰가 가는 회사
반려견과 견주를 생각하는 회사
편안한 반려견 인생을 책임지는 회사
신제품이 개발에 앞장서는 회사",C
"엘리베이터 제조사: 고품질의 제품을 경쟁력 있는 가격으로 적기에 공급하여 제조에 아무런 차질 없도록 하고 있음.
자동차 1차 벤더:   위와 같음. 특히 자동차는 안전이 최우선이므로 철저하게 검증된 제품을 품질적인 측면에서 지속적으로 공급하는 것이 중요함. 또한 공급이 일시적으로 중단되면 자동차 라인이 스톱할 수 있어 납기를 철저하게 지키는 것이 중요함.
중소 도매회사 : 수요자가 필요로 하는 제품을 품질은 사용하는데 이상이 없고 가격은 타 회사보다 저렴하거나 동등한 제품을 공급하는 것이 중요함.
건설사: 품질은 사용하는데 이상이 없고, 가격은 저렴하는 것이 중요함.
높은 고층 건물을 건축할 때는 검증된 최고의 제품을 공급하는 것이 중요함.
안전사고 예방을 위해서임.
수산회사: 사용하는데 이상이 없는 고품질을 공급하는 것이 중요함.
통신설비 회사: 수요자의 요구 수준에 맞게(가격, 품질) 공급하는 것이 중요함.",D
"가상 제조 시뮬레이션 통한(VPD) 원가 절감과 개발 기간의 단축
설계 자동화 시스템(EDA) 개발을 통한 수율의 극대화
CAD CAM DFM(CAE)의 통합 관리 시스템을 통한 전자 부품 개발의 고속 성장
고객의 설계 및 제조사양 머신러닝 학습(AI)를 통해 고객의 커스터 마이징 기술 개발",D
안정된 품질의 제품으로 고객 만족시키는 제품을 공급하며 제품 하자(A/S)의 신속처리 및 원인 규명으로 재발 방지 대책의 수립,C
"최고 품질로 투자 비용 절감 목표로 고객 만족을 위해 최고의 Solution 제공
기술력 향상을 위해 지속적 개선 및 제안을 통해 고객에 가격 경쟁력 제공 
고객 가치 만족을 위해 빠른 대응을 우선적으로 제공",C
"저희 업종에서는 이전엔 매장,창고,재고를 확보하는 방식으로 영업을 해왔는데 
지금은 같은 업체수가 많이 증가하여 치열한 경쟁구도속에서 영업을 해야하기 때문에
마진에 대한 문제가 발생함(마진율이 떨어지므로 채산성이 약화됨)
그래서 저희는 매장을 없애고 창고와 재고만 가지고 소매상에 공급하는 방식의 영업을 함
소매상은 매장운영 방식으로 운영하고 창고와 재고를 저희에게 의존함으로써 비용을 줄임
저희는 대량구매방식으로 경쟁력 있는 가격으로 소매점에 공급함
고객들이 ONE-STOP 방식으로 물건을 구매할 수 있도록 편의성을 부여함
다양한 품목을 구비하여 구매자로 하여금 시간절약과 편리함을 추구함
한마디로 양질의 다양한 제품을 항시 보유하여 고객들이 편안하게 구매할 수 있게 함",E
"사업 추구 목적에 부합되는 건축 토탈서비스 제공으로 고객의 가치 기대 부흥
건축주의 만족도 및 니즈를 충족시킬 수 있는 서비스 제공
변화되는 IT시대에 부합되는 기술 안내 및 정보 제공",C
"신뢰
품질
안심
신속한 cs처리",D
"지속적인 고객유치와 장비업그레이드로 인한 안정적인 검사와 진료
정확한 검사와 수술로 이루워진 안정적인 시생활",B
우수한 시공능력,E
"믿음, 신뢰",E
폐기물 처리 후 재활용으로 환경발전에 기여,A
"품질, 납기준수, 고객만족",D
최고의 제품과 서비스 공급,D
"품질, 기술, 신뢰",D
품질,D
최고의 제품과 서비스 공급,D
"품질, 기술, 고객관계를 바탕으로 신뢰를 구축하여 지속 가능한 제품 공급
최종소비자의 건강증진을 목적 ",B
"고성능, 고효율, 친환경",D
고객신뢰를 바탕으로 우수한 품질의 제품을 신속 정확히 공급,C
신뢰를 바탕으로 질 좋은 상품 개발,C
"신용, 정직, 적기적소 공급",D
품질향상을 통한 고객만족,D
"신기술, 신공법을 통한 기술가치 서비스 및 법규 해결",C
고객관계를 바탕으로 신뢰를 구축하여 지속가능한 제품 공급,C
"품질향상을 통한 고객만족, 감동실현",C
"각각의 개발대상 토지에 대하여 소지자가 선호하는 부동산상품의 개발 및 판매
브랜드 시공 입지 개발아이디어를 결합한 미래자산가치 창출",B
"지속적인 신제품 개발
품질, 가격우위를 바탕으로 고객관계 형성.
신속한 A/S관리",C
"고객을 위하여 최대의 품질로 고객만족을 바탕으로 신뢰를 구축하여 질 좋은 특허자료 작성하여, 고객에게 특허등록 제공",D
"고객만족 (추후 또 찾을 수 있는 영업)
공기준수
안전시공
불량률0",C
"국가 공공 기업체 및 대기업, 중소기업, 학교에서 필요로 하는 근무복 및 행사용 의류제작
중간 유통마진 없이 생산자와 수요자와의 직접적인 거래, 기업체의 경비절감
차별화된 디자인 개발로 고객의 NEED에 맞출 수 있는 공격적인 마케팅을 
고객사 이미지에 맞게 칼라. 디자인 개발",D
"중앙행정부처의 예산으로 집행되는 공공물자 수요를 커버한다
B2C로 전달되는 물품의 배송과정에 있어 고객의 불편함을 최소화한다
후속 조치를 지속적으로 팔로우 하여 지속적인 관계를 유지합니다.",C
"신뢰와 혁신을 통한 고객만족 실현
표준과 기본을 지키는 기업문화 정착
고객의 입장에서 품질을 관리함.",C
"고객이 원하는 가치를 갖는 스킨케어 화장품 제공
안정적으로 품질이 우수한 제품을 적기에 공급",D
신뢰와 기술력을 바탕으로 최상의 고객만족 추구 및 고객관계를 바탕으로 신뢰 구축하여 지속 가능한 제품공급 및 시공,B
"급변하는 열관리정책에 부합하는 금형의 개발 및 신제품의 공급
변화하는 색상 선호도에 따른 발 빠른 제품공급
완벽한 사후관리",C
"타 사 대비 저렴한 원가로 공급 및 원하는 납기 일정에 맞춘 공급
신규 개발관련 신규 원료 추천 및 기술 영업",D
"신뢰를 구축하여 지속 가능한 사업수행
수주, 시공, AS전과정을 포함하는 고객만족
안전 환경등 사회적 가치기여",B
"소비자의 욕구를 충족할 수 있는 제품 공급
수요에 따른 적기 공급 
거래처의 사업이윤에 부합되는 공급가격 만족 
높아져가는 소비자의 품질 만족 
신속하고 만족하는 A/S처리",C
"환자 치료를 통한 무한 신뢰 구축 의료 서비스 제공
끝까지 환자를 돌보는 의료 서비스
환자가 편하게 치료받을 수 있도록 쾌적하고 편한 시설을 제공",C
"3D immersive sound format : 9.1(5.1.4)채널, 10.1채널, 11.1채널, 13.1채널
3D immersive sound 컨텐츠(인코딩) : 영화, 음악
3D immersive sound playback 디바이스(디코딩) : 사운드바, 스마트스피커, AVR(Audio Video Receiver), 해드폰, IP-셋탑박스, 자동차
당사 제품군 : 
	오디오 코덱(인코딩/디코딩) : Auro-Codec/ Auro-CX/ Auro-Max
	업믹싱(Upmixing) : Auro-Matic
	렌더러(Renderer) : Auro-Space/ Auro-Scene/ Auro-Headphone
Auro3D CTS(Creative Tool Suite)",E
"동문들에게 사회적 연결고리가 되어주며
 학과별 출신 동문들의 모임 주최
 학군별(ROTC), 지역별 동문모임 들의 총괄 주최와 독려 업무
 졸업 후 잊혀져 가는 학교를 대신하여 후배동문들의 소식 전달
 연간행사를 통해 신규 졸업자 동문과 과거 졸업자 동문의 행사 추진",C
세무회계전문가로서 회계 및 세무지식이 부족한 소규모 사업자에게 서비스를 제공하여 회사의 역량을 분산하지 않고 본업에 집중할 수 있도록 도움을 줌.,C
"품질은 인맥을 뛰어넘는다.
철저한 사후관리
공동체의 발전",C
"지속적인 품질관리와 계획생산을 통한 납기준수로, 고객 신뢰 구축.
원가 절감을 통한, 제품 판매 단가 인하로, 고객사의 영업(입찰) 경쟁력 제고.
기술 개발을 통한, 제품의 사용성 및 시공성을 향상하여, 고객사의 시장 점유율(MARKKET SHARE) 우위 제고.
하자에 대한 선조치 실행으로, 고객의 불만 최소화.",C
"매도하고자 하는 매물에 대해서는 가장 적정한 가격에 매도할 수 있게끔 매도 타이밍을 매도자에게 안내하는 것이 매도자에 대한 최선의 안내라고 생각하며, 매수자에게는 매수하고자 하는 물건에 대해 등기가 완료될 때까지 끝까지 책임을 져준다.",D
"제품불량제로 ~> 고객불만제로
불량률 제로에 도전하여 재검사비용 절감",C
"안전과 서비스
휴식 및 즐거움",C
"고객에게 안전하고 위생적인 제품을 합리적인 가격과 최상의 품질을 제공함.
FRESH FOOD
ORGANIC FOOD
E-MAREKET
QUALITY CONTROL",C
"품질, 기술, 고객관계를 바탕으로 신뢰를 구축하여 지속 가능한 제품 공급
다양한 제품군 제공
뛰어난 디자인의 도어락 제품 및 완벽한 품질 
끝까지 책임지는 하자처리(A/S)",C
"글로벌 농식품경제를 한 눈에 읽다
한국 농식품의 성장동력을 진단하다
한국인의 식생명을 제시하다",B
"월드와이드 네트워크와 흐름을 주시하다
상생의 지구촌, 상생의 식생명 모토가 되다
미래 식량, 미래 예측의 세계 농경제를 읽다
농식품, 새로운 세계질서를 진단하다",B
"정밀 사출을 통한 메모리 반도체 검사 수율 확보
설계에서 금형, 사출, 조립 및 금속가공과 조립을 one stop으로 진행, 고객요구에 대응
메모리 검사 외 비메모리 검사장비 핵심 부품 제조기술
다품종 소량생산 및 빠른 납기에 대응가능한 제조구축",C
"품질, 기술, 고객관계를 바탕으로 고객만족 추구",C
엘씨상사는 상업적인 디자인 및 대량생산으로 일축되던 기존 패선 시장과 차별화하여 소량 다품종 작품의 예술성이 담겨있는 스카프 머플러를 제안함으로써 소비자의 감성만족 예술의 대중화에 앞장서고 있습니다,A
"정보 비대칭성이 심한 산업에서 올바른 정보를 제공하며 신뢰 구축
뛰어난 제품을 합리적인 가격에 공급
신속한 제품 출고",C
"Listen to the customer's needs
경험을 바탕으로 한 아이디어를 창출하여 최적의 대안 도출
디지로그(디지털+아날로그) 적 감성을 활용한 고객 중심 소통
끝까지 책임지는 사후관리",C
"기술력을 바탕으로 한 세분화된 기술력 강화
스타트업 회사의 창의성과 추진력",D
품질 및 기술 등 상대방의 요구하는 기준에 맞는 조건을 회사가 갖추면 공급업체로 지정이 되고 그 범위 내에서 동종의 공급업체와 납기 및 가격으로 경쟁하여 거래가 추진됨,D
"최고의 성능과 품질을 지닌 IT제품을 가장 빠르게 시장에 공급
이익 보다 신뢰와 책임을 최고의 가치로 믿을 수 있는 제품 공급
다 변화된 제품을 고객이 선택할 수 있도록 서브역할
고객의 입장에서 하자처리(A/S)",C
"품질, 기술, 고객관계를 바탕으로 신뢰를 구축하여 지속 가능한 제품 공급",C
최상의 품질을 추구하는 것입니다,D
최상의 품질을 추구하는 것입니다,D
"아파트 분양가, 제품 원가계산 등에 대한 최적의 가격 제시 (효율적인 산정)
개발부담금, 재건축부담금 납부 세액에 대하여 최소의 비용을 산정 (절감)
경쟁회사 보다 조금이라도 더 우월한 서비스의 제공
물가동향, 정부 발표 지수 분석을 통하여 빠른 대응방안 강구
우리가 가진 노하우로 사회에 공헌",C
"미래지향적·환경친화적 제품 공급
국제적인 기업으로 발전을 추구하며 진정한 사회발전에 이바지하는 Global 경영
우수한 품질, 서비스로 고객만족의 극대화를 추구하는 진정한 고객감동 실현",B
"건설현장의 안전을 우선하는 가설기자재 공급
도전정신으로 고객과 함께 동반 성장하는 기업
축적된 기술력, 끊임없는 기술 개발로 고객만족을 추구하는 진정한 고객감동 실현",B
"신뢰를 바탕으로 하는 사업의 책임 있는 완성
각 협력사 (시공사, 건축주, 금융사, 관청, 분양사 등)의 업무와 원활한 협력을
조율 하여 성공적인 사업으로 추진한다",C
"100%친환경 물질을 이용하여 가정과 시설에서 안전하게 사용할 수 있는 제품 공급
염소계 살균소독제로 위협받는 사람과 동물 보호
코로나 환경에서 일상적인 방역 제품 공급",B
"기술, 고객 및 시장의 니즈를 최대한 빠르게 캐치하여 자사의 제품 소개
경쟁 타사보다 스피디한 스펙인 영업  ",D
"최고의 품질과 최저의 가격으로 고객의 신뢰를 바탕으로 거래를 계속 할 수 있도록 최선을 다합니다.
FQC(출고 전 품질검사)를 철저히 하여 고객의 불만소지를 없앱니다.
A/S발생시 신속한 처리로 고객을 만족시킵니다.",C
"기술력과 품질관리의 체계화로 최상의 제품을 고객사에 제공한다
상생 발전을 위해 최대한 고객만족을 추구한다",C
"앞선 기술, 높은 품질, 저렴한 가격 ",D
고객사에게 고품질 제품의 안정적인 공급과 금형 제작 관련한 기술지원,C
"최고의 품질과 내재화 사업으로 최저 가격을 추구합니다.
A/S 발생시 신속한 처리로 고객을 만족시킵니다.",C
"품질, 단납기, 고객 요청 사항을 최대한으로 반영하여 공급
책임 있는 사후관리로 사용 현장에서의 문제점 개선
고객의 니즈에 따른 특화 제품 개발 공급",C
"품질,납기,고객신뢰,원가경쟁력 을 바탕으로 고객목표에 부합하는 부품개발 하여 고객과 동반성장하는 기업
신속한 의사결정-피드백 선순환정착 과감한 도전 및 개방형 혁신으로 지속성장하는 기업.",B
"신뢰 있는 우수한 품질의 제품 공급을 바탕으로, 해당 분야에서 세계 최고의 기업을 지향하는 정직하고 모두가 행복한 회사",B
고객의 욕구충족을 위하여 품질을 최우선으로 하고 고객에게 감동과 감명을 줄 수 있게 납기가 지체되어 생산에 차질을 주지 않으려고 납기에 최선을 다하고 있습니다.,C
"고객이 필요한 부품을 제대로 sourcing하지 못할 때 적극적인 지원
부품 sourcing시 우수한 가격 경쟁력과 신속한 입고 일정을 제시
고객이 원하는 다양한 형태의 customized 제품을 제조하여 납품
고객이 원하는 일정으로 성공적인 제품 양산에 기여하는 것이 가장 큰 가치",C
"고객사의 요구에 최상의 기술력으로 대응.
품질에 대한 지속적인 검토와 개선.
생산의 효율성 추구.
지속적인 기술 개발. ",D
"A사 
-제품의 품질로 A/S감소 및 새로운 제품 제안 및 납기준수
 새로운 자재와 신기술로 유려한 제품 제안 
B사
-연구개발팀과의 지속적인 소통으로 기획단계에서 제품의 새로운 자재 및 인쇄기술 적용
 품질의 안정화로 제품 A/S요청 감소",E
"적정가격으로 고품질의 아파트 공급
위치선점으로 인한 고객만족(교통,학군,생활)
3년후 재평가시 유명브랜드 건설사보다 평가 높음",C
"품질
기술
공기
가격
A/S 를 통한 최대이윤추구",E
고객의 신뢰를 바탕으로 한 최고의 엔지니어링 컨설팅을 제공하여 고객의 이익 증대 및 고객 감동을 실현,B
"신뢰를 통한 고객관리 
오류가 없는 설계로 고객만족 추구
기술력을 통한 혁신적인 설계 도입
4차산업혁명 기술과 한국판 뉴딜(디지털, 그린뉴딜)의 스마트시티 전문 연구용역 제안",B
"나날이 진보하는 IT기술과 파괴적인 혁신으로 4차 산업으로의 변화가 가속화되고 있는 실정에 맞춰, 변화를 직시하고 최상의 회원사 만족 추구",B
"최고의 품질과 서비스를 통한 차량 판매
신뢰를 바탕으로 최상의 고객만족 추구
차량 판매 후 끝까지 책임지는 하자처리(A/S)",C
"교육: 브랜드마케팅 경영에 관한 지식제공
컨설팅:
브랜드 전략(컨셉 네임 스토리 체험 디자인 패키지)을 구축해주는 것
디지털 소통 전략을 실행하는 것
다양한 국내외 온오프라인 유통에 입점 시켜주는 것",E
"유통파트너사와의 상생(공생)을 바탕으로 윈윈 파트너쉽 추구
고객이 선호하는 유명브랜드 운영사와 판매제휴를 통해 상품을 대량으로 주문하여 상품력이 부족한 중소유통회사에 경쟁력 있게 공급
가성비 좋은 제조, 수입사의 제품을 소싱하여 당사가 운영하는 브랜드로 변경하여 통합된 마케팅으로 효과적인 세일즈
물류, 상품 소싱, CS 및 각종 마케팅이 부족한 중소유통기업과에게 당사의 유통 인프라를 제공",C
"고객에게 필요한 건설기계 인프라 솔루션을 제공
ICT 기술을 접목, 장비관리 및 생산성을 향상시켜 고객의 제품 사용가치를 높임",C
품질과 기술을 바탕으로 대체불가한 제품을 개발하여 최고의 제품을 공급하여 고객의 신뢰를 얻는다,C
"신뢰를 바탕으로 한 정확한 납기실행
기술력을 근거한 시공 제안
AS 및 개별 영업",C
"자동화시스템을 통한 업무효율 및 경쟁력제공
자동화 컨설팅
전자상거래의 증가로 물류산업내 first mile솔루션의 접수자동화",C
"고객사와의 신뢰(품질 및 개발능력, 대관청업무(식약처 품목허가 등) 처리능력 등)
보건용 마스크 특성상 제품의 안정성/유해성/차별성
지속적인 연구 개발",C
"우수한 기술력을 바탕으로 불량률 없는 기계 제조
실시간 A/S
기술력과 신뢰를 통한 고객 맞춤 만족 추구",C
"산업용보일러의 ONE-STOP SERVICE 제공하여 경쟁력 확보
 EX) 산업용보일러 LPG연료공급 – 보일러 소모품 및 산업체에너지 컨설팅 A/S
     산업용 보일러 판매 – 산업용 버너판매 산업용LPG 소모품공급 – 기술 지원 등
산업용 보일러 관련 20년 경력과 에너지관리기능장의 기술력을 바탕으로 고객 신뢰 확보",C
"조달청 우수조달에 올라 있는 제품으로 기술 및 품질을 인정 받았으며,
배수지 및 정수지에 사용하여 시민들이 깨끗한 물을 사용할 수 있도록 안정성을 갖는 것",B
"미세 부품 및 미세 간격 부품 실장 기술 보유를 통한 부품의 소형화 추구.
완벽품질 및 선행 기술, 고객과의 친밀감 형성으로 지속 가능 제품 개발 수주 및 양산
신규 ITEM 선행 개발을 통하여 5G 통신 부품의 선두 주자가 되도록 노력 하겠습니다",B
"지속성장과 혁신을 추구하며 사회적 기업으로서 책임을 다하는 글로벌 기업 추구
세계 최고의 IT 부품사로 경쟁력 우위를 확보 끊임없이 시장을 선도.
신뢰, 관심, 투명의 조직 가치관과 소통, 관리, 기본이란 행동 지침을 통한 BH 기업 문화의 정착으로 글로벌 기업으로 성장     
4차산업의 근간이 되는 IOT기기와 자율주행 등이 가능 하도록 구현하는 미래 기술을 구현하기 위한 전자전기 통신 회로의 고직접화, 슬림화., 초저지연기술 실현에 기반이 되는 기본 부품 기술 확보",B
"품질, 기술을 기반으로 반도체 및 디스플레이 생산에 효율과 수율을 향상시키는 장비 공급
장비 ERROR시 생산에 문제없도록 Manual방식 가능하게 설계, CS조직 운영으로 고객 만족 
정기적인 PM을 통해서 장비 오류 예방조치 
꾸준한 연구개발을 통한 장비의 성능향상을 통해서 고객만족 실현.",C
"공공의 이익으로 국가, 사회를 넘어 인류에게 환원
기업영업활동은 궁극적으로 자연과 인류가 더불어 행복한 삶을 영위하는 것
인류의 건강과 미래를 생각하는 지속가능한 기업",B
최고의 제품을 경쟁력 있는 가격으로 적시에 공급,D
"신규 건설 현장에 베스트 솔루션의 설계도 및 설비 제원을 제공하여 고객으로 하여금 최대한의 효율을 제고할 수 있도록 하여 지속적인 신뢰 관계 확보를 통한 제품 공급 및 유지보수 
용도에 적합한 제품의 설치 및 시공
설치완료 이후 안정적인 유지보수 ",C
"국내 뿐 아니라 나아가 전세계 여성들이 제대로 된 Y존 케어를 하여 건강하고 위생적인 삶을 영위할 수 있도록 일상의 가치를 향상시키는 데에 기여 
Y존 케어 정보 공유는 부끄럽고 창피한 음지의 영역이 아니라, 건강한 삶을 위해 꼭 필요한 정보라는 가치관과 양지의 문화를 형성
끊임없는 연구를 통해 새로운 특허 기술 개발로 지속 업그레이드된 고품질 제품 공급
진보하는 기술과의 협업 모델 창출로 혁신적인 여성 건강 기술 개발을 통해 리딩하는 기업 ",B
"고객과 꾸준한 만남을 통해 지속적인 인간관계를 형성하고, 이를 바탕으로 시작되는 업무에 대해 신속하고, 정확히 대응한다. 다수에 거래를 통해서 브랜드에 대한 충성도와 신뢰감을 향상시킨다",C
"동종업계 근무 경력 및 현장관리 경험을 바탕으로 거래처, 개인고객에게 신뢰감 및 전문지식을 제공함",D
품질과 기술을 바탕으로 한 제품에 감성이라는 코드를 녹여 판매에 집중하고 있습니다,E
"해외 생산기지 개척을 통한 신제품을 누구보다 빠르게 제안하고 그를 통한 시장 선점 효과를 고객에게 전달
새로운 기법과 디자인/시장 친화적 가격을 제안하고 고객들의 브랜드에 걸 맞는 제품의 생산
생산 후 시장조사를 통한 피드백 및 생산품질에 대한 발 빠른 대응",C
"품질 및 기술(안정성, 효율성, 호환성 등)을 바탕으로 고객에게 최고의 설계소프트웨어를 공급
전담부서에서 실시간으로 원격 또는 전화로 기술 상담을 진행하여 빠르고 정확한 기술지원
임대 버전이 아닌 영구라이선스 정책을 적용하여 고객에게 저비용/고효율 가치 제공
4차 산업혁명 시대에 맞춰 스마트팩토리, 스마트시티 등 최상의 디지털플랫폼 환경을 제공",C
"보험을 통한 안정된 미래를 창출:개인의 가정에 리스크 햇지
법인대표의 리스크를 했지 함으로서 계속기업으로 성장
자산가들의 상속세 준비를 함으로서 부의 세대상속이 가능
개인의 안정된 노후를 만들어 줌으로서 사회에 기여",C
"품질, 기술, 고객관계를 신뢰의 바탕으로 구축하여 우수한 디자인과 새로운 제품의 특성으로 가장 직접적인 고객과 창출 되어질 수 있는 영업으로 단기적 성격이 아닌 중, 장기적인 영업 마인드로 지속 되어질 수 있는 고객만족 과 상호이익의 기반",C
"친환경관련 전문지식과 신뢰받는 고객관계를 바탕으로
최상의 기술서비스 제공.",C
"고객의 업무처리를 효율화, 극대화시 킬 수 있는 SW를 제공함으로써 고객의 이익창출에 이바지함",D
"품질 / 서비스 / 고객감동
비대면 잠재고객의 소비활동 참여",D
"변화하는 세상에 맞추어 IT기술을 적용하여, 고객사가 보다 편리하게 소프트웨어제품을 사용할 수 있도록 서비스를 제공/유지보수 ",C
최고 품질의 제품을 고객에게 공급하여 고객의 만족을 이끌어냄,C
현대자동차 기술력과 제품의 신뢰를 기반으로 신속하고 시장에 맞는 제품을 필요한 시간을 맞춰 납품하므로 고객 사업에 차질이 발생하지 않도록 하는 것이 우리의 NOW HOW이고 이를 통한 지속적 구매력을 갖는 것이 우리의 가치 창출입니다,C
"고객들이 가장 복잡한 기술을 극복하도록 도와주는 해결책을 제시하는 것
탁월한 기술 전문 지식의 역사를 활용하여 고객이 미래에 제품을 출시할 수 있도록 자동화와 같은 서비스를 고객에게 제공
우리가 하는 모든 일에서 품질과 안전을 보장하기 위해 산업 인증을 획득하여 서비스 방식의 지속적인 개선을 이루어 행동으로 전환",C
"HeB Mission
따뜻한 건축물로 마음까지 행복해지는 휴먼기업! 
HeB Vision
대한민국을 뛰어 넘어 세계 최고의 바닥 시공 전문업체로 평가 받고 모든 고객에게 신뢰받는 품질을 추구합니다.
HeB 5대 핵심가치
Human respect 인간존중
Customer centric 고객중심
Value of Floor 바닥과 가치
Pursuit of innovation 혁신 추구
Sharing and Practice 나눔의 실천",B
"물류운영을 통한 저렴한 상품공급을 통해 경쟁우위를 선점.
상품 품질의 고급화를 바탕으로 재구매율을 높이고 상품의 지속적인 공급망 확보.",E
"급격한 환경의 변화에 안정적인 물품 공급을 통해 소비자의 신뢰 형성 
상품의 유통 단계를 축소하고 산지 생산자와의 직접연결을 통해 소비자에게 최대의 만족을 제공하기 위해 끊임없는 혁신추구",B
"기존 해외부품이였던 제품을 국산화 최초 개발
국내 시장점유율 1위
자동차 부품공급의 특성상 안정적인 품질 유지와 공급 안정화
고객사에 공급했던 경험 및 이력
신속한 개발 품질 대응
해외 현지 공장에서 이루어지는 개발 및 양산 공급 대응
경험을 바탕으로 한 고객사 생산 현장에서 발생하는 개발 Trouble 선제 대응",E
"안정적 수익모델의 다각화를 통한 수익성 극대화, 안정적 재무구조 정착, 인재 발굴 및 업무Process 개선 등 내실을 강화하는 전략을 통한 ‘건설업계 영업이익률 최고 기업’ 그리고 지속적인 사회공헌활동을 통해 사회에 기여하는 기업이 되기 위한 노력을 기울이며 끊임없이 정진해 나갈 것입니다.
책임시공, 시공기술력(특히 국가기반시설 : 공항), 뛰어난 품질, 고객관리 및 AS",B
차별화 기술경영,E
"<경영이념>
고객과 함께 내일을 꿈꾸며 새로운 삶의 가치를 창조",B
"최고의 품질을 바탕으로 최고의 가치를 고객에게 제공한다.
내부 고객인 직원복지에 최선을 다해 만족도를 높여 외부고객에게 최고의 써비스를 제공한다.",B
"20년 정도의 경험과 IT 시장의 틈에 보이지 않는 아이템을 창출하여 개발하고 매출을 함으로써 경쟁력을 가지고 미래를 개척할 수 있습니다.
시대 흐름에 맞는 IOT기술을 연구 개발하여 시장에 진출하였고 그 변화에 적응하면서 미래 도약을 위한 발판을 만들고 있습니다.
시장에서 후퇴하는 아이템에 진보적인 소프트웨어 기술을 적용하여 새로운 시장을 개척하고 있습니다.",C
"인류의 삶의 질 향상에 기여
농가 소득 증대 
농산물 생산성/경제성 향상
먹거리 영양성과 안전성(질산염) 증진
환경 부하 없이 친환경 유기영농 도모
원천 오염원 제거 및 오염토양 복원",B
"품질 경영을 통해 소비자들에게 신뢰를 구축, 그에 걸맞는 제품생산 등 고객만족을 추구합니다.
현재 대체적으로 무수히 많은 경쟁업체들이 존재하기에 기술력과 품질로 승부하고 있습니다.",C
"장기 성장산업 투자 경험이 풍부한 전담 운용역과 리서치 조직을 바탕으로
Team approach 방식을 통한 운용시너지 극대화를 추구하며 장기적인 운용
전략으로 고객이 재무적으로 성장할 수 있도록 도와 고객과 함께 지속 가능한
성장을 하는 것. ",B
융합디자인기반의 플랫폼구축을 통한 가치창출을 지향한다 ,D
"고객의 신뢰 확보
높은 기술력을 바탕으로 최상의 고객만족 추구
품질 향상을 위한 노력
대규모 인력을 통한 용기기간 단축 ",C
"소비자의 니즈(needs)를 파악하고 실용적 욕구를 충족시켜 소비자들 마음속에 확고히 자리 잡는 브랜드 창출
시공 편의성을 위주로 한 제품 수정, 제품 추가, 제품 재 포지셔닝을 통한 제품의 확장",C
"고객만족을 통한 역량확대 및 재생산성 추구
전문성 확보 및 SW품질만족을 통한 품질만족",C
"고객 맞춤용 사무용 소프트웨어의 고품질서비스 제공으로 고객만족 추구 
원활한 시스템 유지보수 및 신기술 제안에 의한 사용자 신뢰 확보 
완성도 높은 다양한 업종에 대응하는 SW로 틈새시장의 확보",C
"신뢰와 품질(기술력)
저렴한 가격경쟁력
생산 공장과의 협업-신제품 개발, 기술력 향상",C
"자금 중개기관으로서의 사회적 가치 창출
빅데이터와 AI를 활용한 고객 개인화 경험 창출",C
"뛰어난 품질과 기술력으로 소비자에게 최고의 주거공간 공급
적절한 분양가 및 인테리어 제공
맘스테이션이라는 슬로건을 통한 엄마 친화적인 단지 제공
끝까지 책임지는 하자처리",A
IT 기반의 H/W 공급과 서비스를 제공하여 안정적 운영을 지원하고 있습니다,D
"서울우유협동조합(이하 서울우유)은 농업협동조합법에 의해 낙농업을 경영하는 조합원에게 필요한 기술·자금·자재 및 정보 등을 제공하고, 조합원이 생산한 축산물의 판로 확대 및 유통 원활화를 도모하여 조합원의 경제적·사회적·문화적 지위를 향상시키기 위해 노력하고 있습니다.
농업협동조합법에서는 농업인의 자주적인 협동조직을 바탕으로 농업인의 경제·사회·문화적 지위를 향상시키고, 농업의 경쟁력 강화를 통하여 농업인의 삶의 질을 높이며, 국민경제의 균형 있는 발전에 이바지함을 위해 조직한 단체로 정의하고 있습니다",A
"행복한 주거공간 공급
우수한 기술과 품질로 주거공간의 혁신
소중한 시간이 함께하는 힐링 주택 건설",B
"분양 대행 : 신뢰를 바탕으로 고객 관계 유지 <DB구축>
부동산 개발 : 신뢰, 기술 바탕으로 고객 만족 추구, 우수한 디자인과 고객이 만족하는 주거 시설 공급",C
"제조수행시스템(MES:Manufacturing Execution Systems) : 자동차부품, 전기전자 등 제조기업 등의 목표 기업을 대상으로 전문화되고 특화된 통합생산관리시스템을 구축함 수주에서 완제품 출하에 이르는 전 생산활동을 최적화 시킴 즉 실시간으로 정보수집/집계/분석/모니터링 및 생산공정 제어를 통한 고품질 수익지향적 생산체제를 갖추고자 함 또한 시스템  인프라 사업을 통하여 기업에 시스템자원의 관리 및 구축 및 운영을 지원함.",E
"신뢰와 기술력을 바탕으로 성실시공 고객만족을 추구
주인의식과 장인정신을 바탕으로 맡은 분야를 책임지고 최선을 다하는 기업",C
"물사용을 최소화하는 초절수 친환경 제품을 개발하고, 생산하여 자연보호에 앞장선다.
품질, 기술, 고객관계를 바탕으로 신뢰를 구축하여 지속 가능한 제품 공급
주방, 욕실, 도어, 마루 등 주택의 모든 공간에 사용자가 원하는 모든 것을 더 편리하고 완벽하게 제안한다.
토탈 홈 인테리어 브랜드로서 고객의 라이프 스타일을 만든다.
뛰어난 디자인의 욕실 제품 생산 및 완벽한 시공을 한다
끝까지 책임지는 하자처리(A/S)로 고객의 신뢰를 받는다",C
"1943년 환선요업연구소를 시작으로 오늘날까지 최고 품질의 제품을 개발, 생산해온 국내 최초의 종합욕실전문기업으로서, 국내 위생도기의 역사와 함께하며 국내 바스시장을 주도하고 있는 브랜드 가치 제안을 하고 있습니다. 
“자연과 사람을 생각하는 기업”이라는 사명 아래 친환경 제품 개발에 앞장서고 있으며, 국내 최다 환경마크인증(환경부 인증) 제품을 공급하고 있습니다. 
세계적 수준의 자동화 설비를 바탕으로 위생도기, 수전금구, 비데, 욕실장 등 3백 여종의 바스 제품을 생산 및 판매하고 있으며, 기술력과 서비스를 바탕으로 “WORLD BEST KELIM”을 목표로 신제품 개발을 지속적으로 연구하고 있습니다.",C
"1943년 환선요업연구소를 시작으로 오늘날까지 최고 품질의 제품을 개발, 생산해온 국내 최초의 종합욕실전문기업으로서, 국내 위생도기의 역사와 함께하며 국내 바스시장을 주도하고 있는 브랜드 가치 제안을 하고 있습니다. 
“자연과 사람을 생각하는 기업”이라는 사명 아래 친환경 제품 개발에 앞장서고 있으며, 국내 최다 환경마크인증(환경부 인증) 제품을 공급하고 있습니다. 
세계적 수준의 자동화 설비를 바탕으로 위생도기, 수전금구, 비데, 욕실장 등 3백 여종의 바스 제품을 생산 및 판매하고 있으며, 기술력과 서비스를 바탕으로 “WORLD BEST KELIM”을 목표로 신제품 개발을 지속적으로 연구하고 있습니다.",C
"고객과의 신뢰를 바탕으로 지속적인 고객만족 지향
고객이 원하는 질 좋은 제품의 공급과 최신 정보 제공
치과 장비의 신속한 사전점검서비스(B/S) 및 A/S 제공",C
"희망 업종에 적합한 최적의 시장 분석과 탁월한 입지 선정 능력
뛰어난 인테리어 디자인을 바탕으로 한 공간 활용 및 안벽 시공
신속한 A/S와 변화하는 시장에서의 안정적 수익을 창출할 수 있도록 적극 지원",C
"일반고객이 접근하기 어려웠던 철강사업에 일반수요가들이 쉽게 다가설 수 있도록 디자인을 한 철강제품을 개발, 제조하여 전국의 고객에게 공급
뛰어난 기능성의 디자인 제품 생산
기존의 마감재 대비 대체할 수 있도록 다양한 선택권 제시",C
"지속가능 혁신 기업으로서 지속적인 이윤 창출 추구
4대 핵심가치 “고객행복”,”사원행복”,”인재경영”,”사회공헌” 실현을 위한 전략을 성실히 수행
“기본을 기초로 기적을 만드는 기업”이라는 모토 아래 “모든 사원이 행복한 기업”을 만들겠다는 미션을 가지고 있습니다.",C
"클라이언트의 요구 사항 충족
고객 니즈에 맞춰 제작하는 영상 서비스",D
"친환경소재 목재가구의 품질과 기술력을 바탕으로 한 자연 친화적인 제품 공급.
환경인증마크 획득한 제품의 완벽한시공과 하자처리",D
고객의 요구를 신뢰와 기술력 및 독창적인 디자인으로 차별화된 솔루션을 제공하여 성공적인 사업을 위해 고객과 함께 성장하는 것을 목표로 한다,B
"규제 대응에 대한 경험과 법적 이해도
관련 SW의 품질과 오랜 숙성도",E
신뢰와 기술력을 바탕으로 최상의 고객만족 추구,C
"최고의 인재와 기술로 건식 건축 문화를 창조하는 혁신기업
건식 건축 문화를 전파하고, 욕실의 고급화를 선도하며. 건식 욕실의 대중화에 앞장선다.",B
조직원의 역량을 향상하여 조직의 퍼포먼스(성과) 창출에 기여,C
"고객사(주식회사)의 재무제표에 대한 인증(Assurance)을 통한 기업의 투명성 확보 및 대외적 신뢰도 제고
자산실사, 가치평가, 투자유치 등 기업의 재무자문
법인세, 소득세, 국제조세, 지방세 등의 세무자문",C
"인터랙티브 디지털 콘텐츠를 통한 어린이 교육 콘텐츠 서비스
품질 좋은 콘텐츠
자체 제작 가능한 기능성 콘텐츠
고객사의 니즈에 맞는 커스터마이징 제작",E
"신뢰와 기술력을 바탕으로 최상의 고객 만족 추구이며, 다양한 환경변화에 맞추어 그 시대에 요구하는 차세대 서비스 구축을 목표로 합니다.",C
"건강한 공간과 건축을 공급하여 건강한 사회 조성에 기여
미션 : 건강한 건축공간을 통해 더불어 사는 세상과 함께 함
비젼 : 행복한 일터, 건강한 건축문화집단, 닮고 싶은 회사
코어밸류 : Human, Trust, Teamwork, Excellence, Sustainability
새로운 문화와 니즈에 따른 공간 창출 및 공간 형태의 선도
Ex) 데이터센터, 스타필드 같은 대형 복합상업공간",A
"소규모 현장의 고급 월풀욕조의 생산과 시공.
고급 욕조를 다양하게 취급함으로 고객들이 원하는 욕조 납품",E
고장 없는 노즐을 공급하여 고객만족을 극대화한다,C
"당사의 추구하는 가치 중심은 기술-품질-서비스 순으로 보고 있으며 1차 가치는 혁신적이고 차별화 된 기술 개발에 두고 있습니다.
1차 가치를 혁신적이고 차별화 된 기술개발에 두는 이유는, 어떠한 외부 에너지를 사용하지 않는 무전원 기술로 양변기 자동물내림 기능을 구현함으로써 전세계 변기의 레버를 누르지 않는 문화로 바꿀 수 있다고 생각하기 때문입니다. 레버를 누르지 않는 문화로 바뀌게 됨으로 인해 위생성인 가치, 편리성에 대한 가치, 절약성에 대한 가치 창출로 이어질 것으로 예상되기 때문입니다.",D
"품질, 기술, 고객만족을 바탕으로 상호신뢰를 구축하여 지속 가능한 제품 공급
고객 니즈에 따른 기능이 겸비한 모던한 디자인의 신속한 상품 개발
사내 품질역량 강화로 경제적인 좋은 제품의 소비자 만족도 향상
제품의 품질보증으로 소비자 보호에 최우선
제품의 구매정보(품질, 시방, 써비스 등) 안내로 소비자의 선택권 부여",C
"건설현장의 원활한 철근 및 설비 공사를 위한 시공상세도면 설계
구조자문 및 펄근 LOSS 절감의 핵심 기술 보유로 TOTAL 엔지니어링 컨설팅 제공
퀄리티가 보장되는 업계 최고 기술력 제공
기술력, 품질, 업력을 바탕으로 신뢰를 구축하여 꾸준한 관계 유지 
프로그램 개발 및 판매유통
성과관리 프로그램 국내 총판",D
