고객관계,label
"공공에서 발주하는 경쟁 프로젝트 당선
디자인을 통한 문제해결의 솔루션 제공",C
"지속적인 신기술 소개 및 신제품 제안
기존 판매 약품에 대한 기술 지원",C
"실적을 바탕으로 공공입찰
신탁회사와 지속적인 정보 공유로 공동주택(재개발/재건축) 개발 추진",C
" 기업의 전문성과 우수성을 객관적으로 평가를 하는 기관평가(한국산업안전보건공단평가)에 우수등급 확보(지속적인 A등급 확보)
 고객과의 지속적인 소통을 위한 연중무휴 콜센타 운영",A
"당사 영업부와 디자인연구소가 제품관련 품질 및 디자인 등 니즈를 파악
목표 고객에게 제품 제안 영업
홈페이지나 품평회 등으로 홍보",B
"자재 공급원 서류 제공을 통한 품질에 대한 신뢰확보
타사 대비 양질의 제품에 가격 경쟁력 제공
지속적인 유대관계 유지(영업활동)",C
"신규 디자인 제품 소개(카타록, 리플릿) 방문 영업
혹은 업체,제품 소개 이메일 발송 후 TM 영업",C
"인터넷을 통한 고객상담사별 고객 유치
장비 제조사 및 수입상 영업을 통한 리스, 렌탈, 할부 상품 소개
전문 경력직 채용을 바탕으로 신규 시장 진입 ",B
"건설사, 시공사와의 지속적인 피드백",D
"자동차 동호회를 통한 홍보 및 소통
분기별 총판 간담회를 통한 제품 소개 및 니즈 파악
유투브, 인스타그램, 페이스북과 같은 온라인 채널 마케팅
온라인 이벤트 행사를 통한 고객 목소리 경청
신문, 뉴스를 통한 회사 PR",A
"보유기술과 개발경험의 Strong Point 홍보
타사 대비 당사의 제품경쟁력 홍보
제품개발의 경쟁력(개발 납기,개발비,A/S) 홍보",C
"고객이 좋아할 만한 제품의 확보
정기적인 방문과 통화 등 인사를 통한 소통
현장방문 고객사의 담당자와의 소통으로 불만을 사전에 예방하는 것이 최선이 영업이다.",B
"매 학기마다 단가표 급식실로 우편발송
채소를 이용한 새로운 메뉴 개발을 소개한다 
24시간 긴급발주 가능하게 소통한다",C
"항상 타경쟁사보다 기술적인 우위를 점할 수 있는 진보된 특허기술 개발을 목표로 하고 있으며, 현지에 제조 공장 및 현지생산 C/S대응으로 타사와 차별화된 소통방식으로 영업을 진행하고 있음. ",B
"비즈니스 모임 등에 회사 홍보를 하고(예, BNI, 동문회 BUSINESS BAND를 만들어서 상호 교류)
온라인 상의 반복 구매 고객의 고정 고객화 작업.
밴드, 카톡방에 지속적인 제품 소개 ",B
"자금수요업체의 발굴,소개영업
거래업체의 동업종 업체 소개
각종 세미나 및 교육 참가를 통한 참석자 네트웍 활용/소개
블로그 운영",C
"각 나라의 정부 지자체, 방송국, 다양한 후원사들의 니즈를 종합하여 만족할 수 있는 결과를 도출
ex) 후원사 – 브랜드 노출, 매출 상승 기대
   지자체 – 지자체 국제 인지도 상승 및 홍보, 관광객 유입 유도
선수들과의 지속적인 커뮤니케이션",C
타 업체 대비 빠르고 정확한 원료 시황 정보 전달 및 필요한 원료 수배 요청에 신속한 대응,C
"지속적인 방문을 통한 교감
건축자재 시장정보 제공
신속한 출고로 회사 이미지 제고",C
"각 고객별 담당자를 선정하여 실무적으로 정기적인 접촉을 통한 고객의 니즈를 사전 확인
경영층간의 긍정적인 유대관계 유지
국내 국책 연구원 (한국에너지기술연구원, 생산기술연구원, 기계기술연구원, 전자부품연구원 등) 과의 신 기술 국책과제 수행을 통한 회사 이미지 제고",A
"영업부에서 관공서, 건설사, 전기 설계사무소 등 목표고객에게 정기적인 기술적 장점 홍보
정기적인 사후관리를 통한 고객 장비교육",C
"온라인 마케팅,
지인 소개
부동산 중개업소 및 보험대리점 설계사를통한 고객확보",C
"부품 대리점 등 공급망에서의 요청에 의거, 효율적 재고관리를 통한 신속 정확한 입출하 공정 운영으로 고객만족 극대화",C
"경쟁력 있는 가격으로 제품 공급
제품 품귀시 우선적 공급으로 신뢰 구축
인맥을 통한 소개 영업
적기적소에 최신 정보를 제공함으로써 신뢰 구축
메이커와의 연계 영업을 통한 현장의 불편함 제거",C
"건설사 상품팀 및 기전팀 직접 기술영업 또는 상품위원회 제안 형식 
LH/SH공사 신제품 및 신기술 제안 영업",D
"고객의 니즈와 원트를 빠르게 파악하여 고객과 점주의 만족도 상승
고객에게 지속적인 포인트 적립으로 충성고객 확보
인테넷과 홈페이지를 이용한 번개 이벤트행사
안정된 점포개발로 점주의 안정적 수익 보장
트랜드에 맞는 인테리어 시공으로 고객에 음식만 소비하는 공간이 아닌 펀이 동반된 매장시공",A
"고객사의 요청시 영업 방문
업계를 선도하는 혁신적인 신제품 제안
SNS 등을 활용하여 신속한 커뮤니케이션
타사와 차별화되는 오프라인 마케팅 
체험 가치 제안",B
"고객사의 요청 사항을 반영한 제품개발 (고객사와 함께 제품개발)
납품 전 지속적인 제품 확인 및 납기 확인을 통한 신뢰성 확보
타 고객사 적용사례 및 적용제품 공유",C
"현재 사용중인 제품보다 더 좋은 품질의 제품 샘플 제공
철저한 재고관리로 정확한 납기 준수
지속적인 신제품 소개",C
"매년 개발되는 신제품 소개. 제품 런칭을 통한 소개.
다양한 프로젝트 진행시 관련 고객들과 협업.
지속적인 커뮤니티
조명 관련 교육 프로그램",B
"지속적이고 다양한 사회활동 참여
고객 목소리 경청
홍보 및 판촉 활동",B
"매장 방문율과 친밀도를 높이기 위한 지역자원회수센터 운영(플라스틱 뚜껑, 커피찌꺼기, 쇼핑백 등)
인스타그램 댓글 및 다이렉트 메시지를 통한 고객과의 소통
인스타그램 게시물 업로드시 해시태그(#)를 이용한 공통관심사 잠재고객 팔로우 유도
환경보호, 지속가능한 삶에 대한 공감대 형성을 위한 관련 작품 매장 내 전시(플라스틱 먹은 고래 그림, 환경 관련 문구를 담은 티셔츠, 쓰레기 분리배출 관련 서적 등)",A
"각 현장별 당사 책임자가 직접 방문하여 문제점 및 시공후 현장 직접체크
현장별 현장소장 (책임자)와 꾸준한 유대관계
주기적 업체 책임자와 소통",C
온라인 마케팅,D
"제품별 벤더와의 관계를 통해 고객범위 및 Needs 확인
제품에 대한 내부 Study를 통해 이해도를 높임
고객과의 미팅전 기업에 대한 사전조사를 통해 맞춤 컨설팅 준비
고객의 Needs가 발생하도록 가이드 및 제안",A
"폐기물 배출업소에는 당사 영업인력이 꾸준히 방문하여 원활한 처리에 대해 의견을 듣고, 스팀 수용가와는 운영팀과의 커뮤니케이션을 통해 스팀공급계획을 공유할 수 있도록 연락 채널을 둠",B
"피부고민에 대한 실시간 전문가 상담서비스 제공
유튜브, 인스타그램, 페이스북과 같은 온라인 채널 마케팅
당사 제품에 대한 불만족 시 무상 반품 및 환불조건 제공",A
"온라인으로 판매하기 힘든 소파의 특성상, 최대한 유선상으로 유도하여, 안내
매장으로 유도하여, 실제로 소파를 앉아보고, 만져볼 수 있도록 유도
실시간 온라인 상담 및 소파 가죽 샘플 제공",B
"조합원 요청에 따른 당사브랜드를 활용한 고객의 니즈파악
당사 영업부에서 시행사, 신탁사등 정기적인 미팅을 통한 소통
당사의 건축물 준공을 통한 품질관리, 브랜드관리를 통한 인지도 확보",C
"유통망 비활성화 지역에 대한 하부 유통채널 실태 정보 제공
보수용 시장 외 튜닝 시장 상품적용 제안 
산업용 기계 설비 시장의 상품 호환성 제안",C
"품질보장 및 공사원가 절감
공기단축 및 신속한 하자처리",C
"유명연예인 모델계약으로 브랜드 홍보
드라마 협찬 및 PPL을 통한 홍보
유튜브, 인스타그램, 페이스북과 같은 온라인 채널 마케팅
잡지 및 신문을 통한 브랜드 홍보",B
"유명연예인 모델계약으로 브랜드 홍보
드라마 협찬 및 PPL을 통한 홍보
유튜브, 인스타그램, 페이스북과 같은 온라인 채널 마케팅
잡지 및 신문을 통한 브랜드 홍보",B
"홈페이지내 회사소개서
운영중인 커뮤니티 매체내 광고집행 문의 코너 노출
광고 대행사와의 단톡방 채널을 통한 인맥관계 유지.
자동차 및 모빌리티 관련 포럼참석.
자동차 및 모빌리티 관련 박람회 참석.",B
"온라인 채널(홈페이지, 모바일, 유투브 등) 활용한 이벤트 등 마케팅 활동
전국 영업점 직원의 대면 및 비대면 마케팅 활동
기업 방문 컨설팅
오프라인 모임, 컨설팅 주최하여 정보 제공 등을 통한 마케팅 활동",A
"사업의 특성 상 현재는 인바운드 성격의 업무가 전체의 70% 이상.
별도의 마케팅을 통해 고객사를 확보해야 하는 시스템은 아님.",C
"경쟁사와 차별화된 고급화 전략을 통하여 소통  구매내역 리포트, 전담 컨설턴트 배치
지속적인 프로모션을 통한 고객 흥미 유발 
기업의 사회적 책임을 준수 ISO14001 등 인증된 제품 생산 유통, 수익의 일부를 매년 기부",A
고객이 필요한 사항(금융거래 등)을 경청 및 파악하여 최대한 고객 니즈에 충족하도록 힘씀.,C
"고객사의 제품 피드백을 통한 추가 니즈파악 및 기술의 업데이트 
열에너지 관련 섹터에서의 자문을 통한 전문성 제공",C
"신문기사, 각종 공시, 고객과의 communication을 통해 고객의 니즈를 파악 후 당사가 가지고 있는 전문 인원 들을 통해 제안 (특히 타 회계법인 대비 당사가 가지고 있는 강점 부각) ",B
"고객품질 문제 발생시 고객의 수용조건 100% 이행(선별 및 재발방지 방안등)
중국 저가 공세에 따른 끊임없는 원가절감 및 기술개발을 통한 고객목표 만족
고객만족 평가 및 스코어카드를 통한 지속적인 개선활동",A
"고객 맞춤형 CPC 전략 수립(고객유입 CPC, 고객관리CPC, 고객활성화CPC)
핀테크를 통한 디지털 영업
사회적 가치창출을 통한 마케팅, 기업 문화활성화를 위한 교육지원 서비스
VIP마케팅: 문화체험행사, 재테크 세미나, 건강검진서비스 등
명문 대학과 연계된 CEO 아카데미, FA 센터운영을 통한 고급재무 컨설팅 제공
 VOC를 통한 고객불만 소통 채널 운용(한화생명 SNS,보험월렛 App, ZUMO App 등)
현장업무지원 및 고객중심의 계약관리를 위한 콜센터 운용",A
"인터넷, 서면, 대면 등",C
"음식의 신선도 청결한 조리과정 손님의 의사 즉시반영 하여 
잠시 식사하는 동안 편안하고 맛있는 장소제공",C
"고객의 요청에 따라 당사만의 강점을 가진 기술제안을 통해 입찰참여 및 수주
국내외 세미나, 협회, 학회 등의 당사의 기술 및 홍보",C
"고객 니즈 파악 후 상품구성
모델 및 상품 촬영 후 마케팅 ",C
"손해사정(보상실무, 사례 등) 강의를 통한 전문지식 전파
SNS 및 블로그를 통한 마케팅 (관련키워드 검색기능 및 질문란을 통한 소통)",C
"각 물류센터 상주인원이 담당자와 자주접촉
sns 활용하여 상호소통 및 문제점 파악
정기적인 모임으로 soft한 관계 유지",C
"기존의 고객 관리로 인해 보험관리의 필요성 및 보험의 보상을 극대화
다양한 접근 방법을 통한 소통",C
"고객 불만사항 접수 즉시 사내전파 및 해결방안 모색 제시
생산중단시 대체 장비 및 대체부품 공급
타사 및 해외 제작장비 관련 문의 해결 및 수리
정기적인 방문 및 기술 자료 공급 ",B
"잠재적 고객 확보를 위한 회사 이미지 개선 활동
지속적이고 다양한 지역사회 공헌활동 동참
월 1회 이상 거래 파트너와 대화의 날 운영",A
"건설사 자체 위크샵 교육시 적극 참여하여 당사의 기술과 실적을 홍보함
당사의 임원들은 대부분 당사에서 신입부터 시작한 임원으로 주매출인 창호 수주는 함께 커온 고객사의 직원들로부터 실적을 얻고 있음
원간지(창호)에 지속적인 광고 홍보",B
"고객과의 지속적인 미팅으로 제품에 대한 내용 상의 및 기술적, 디자인적 부분에 대한 협의
기존에 사용되지 않던 제품들의 자료를 준비하여 새로운 제품 제안
시공이 진행되는 현장들을 방문하여 납품하는 제품들의 문제점 및 보완점 체크 수정",C
"편집디자인과 입찰 제안서 및 광고의 대한 입찰 참여방법
모바일과 SNS로 통한 고객 맞춤 서비스",C
"입찰 제안서 및 현상설계를 통한 입찰 참여
고객의 요청에 따라 공항 및 철도분야 건축디자인 및 기술 세미나
당사 영업부에서 목표고객에게 정지적인 브로슈어 홍보",C
"고객 패턴에 따른 영화 상영시간표 작성
시즌별 프로모션(할인, 이벤트 등)
온라인 채널 마케팅(유튜브, 인스타그램, 페이스북, 카카오톡)
당사 인프라를 활용한 제휴사 영업(회원포인트사, 제작사, 시행사)
온라인 뉴스",B
"담당 영업 임직원의 정기적인 온 오프라인 미팅
취급 자재에 대한 영업 담당자의 전문적인 지식 교육으로 고객의 문의에 대한 빠르고 정확한 답변",C
"현장 방문 등을 통한 고객 및 관련 업체의 불만사항 및 니즈 파악
기성 제품의 기능적, 비용적 개선 요구사항 수집 및 제안
기존 거래처를 통한 소개
신규업체 방문",C
"현장 방문 등을 통한 고객 및 관련 업체의 불만사항 및 니즈 파악
기성 제품의 기능적, 비용적 개선 요구사항 수집 및 제안
기존 거래처를 통한 소개
신규업체 방문",C
"SNS 마케팅을 통한 고객 유치
현장소장과의 미팅으로 소통",C
"고객 니즈 충족을 위한 개발진행
주요 고객사 방문 및 소통으로 끊임없는 유지관리
고객센터 운영 으로 신속한 처리
시장동향을 파악해 니즈충족 및 업데이트, 신제품 개발",C
"박람회,전시회 활동을 통한 브랜드 홍보
인지도있는 파트너와의 협력을 통한 고객 니즈 확보
물품공급계약을 통한 계약기간 동안 협력 강화
고객만족을 위한 마케팅 지속 및 공유",C
"할인행사,쿠폰증정등 고객타킷 프로모션 이벤트 실행
주요 온라인 채널 마케팅 상시 실행으로 인지도 강화
cs(고객응대)전담부서 운영을 통한 고객 이탈 최소화",B
"니즈 파악 및 유대관계 상향 을 위한 지역총판 미팅
유튜브 및 SNS홍보 ",C
"자문회사에 대하여는 지속적으로 대표이사 또는 법률담당자와 자주 만남을 가지거나 전화 등을 통해 법률적인 어려움울 사전에 확인하고 문제점 제시
인터넷 홈페이를 통해 최근 승소사례 업그레이드 ",C
"우수한 작품을 완성하여 고객의 이목을 자연스럽게 받는다,.
우수한 인재를 육성하여 좋는 작품을 생산하면 자연스럽게 고객은 확보됨",D
"기존 고객에 대한 서비스 강화 (지속적인 유지보수 대응)
신기술이 도입된 관련 서비스 솔루션 개발",C
"고객이 원하는 서류 안내 (금융거래 상황확인원, 이행 완료 확인섲등)
상품별 보증 내용 전달
보험금 청구 시 절차 안내 및 구비서류 안내
유대관계 유지( 계약이 갱신인 경우가 있기 때문에 지속적으로 키맨 파악)",C
" 당사 고유 model 을 판매.
 지역별 특성을 살린 model 변경 에 즉각적인 설게 변경 및 제조 공급으로 대응.
 유지보수 위한 특별 warranty program 실시로 추가 구매 유도, 지속적인 거래 관계 유지.",C
"1,정품, 정량, 정시, 정온의 기본충실을 바탕으로 
2,매일 배송을 통한 매월 1회 이상의 소식지 전달
3.꾸준한 dm발송,sns 의 활용 
4.오픈행사 참석 각종행사 지원 및 참여 (코로나이전)
5.행사지원,비품지원,교육지원,점검,",B
저희는 꾸준한 디자인 향상과 품질확보로 고객만족을 통한소통이 최우선입니다,D
"기존 금융사와의 경쟁을 넘어 빅테크와 직접 경쟁하는 시대가 도래하였지만 금융플랫폼 혁신을 통해 고객 접점을 더 확대하고 차별화된 서비스를 통해 NO.1 금융플랫폼 기업으로 도약
KB만의 차별화된 “마이데이터” 서비스를 통해 정밀한 고객 데이터 분석에 기반한 초개인화된 맞춤 서비스 제공",B
지속적인 발주처 현황 파악,E
고객의 요청에 부합되는 기술적 및 심미적 마스터 플랜을 통해서 pt또는 제안,D
"잠재 고객을 위해 시대 흐름에 따라 변화하는 브랜드 추구 및 기술적 장점 홍보
질 높은 주거시설을 공급해 고객의 만족도와 회사의 신뢰도를 높이는 아파트 품질경영 추구
사후관리가 기본인 철저한 품질 관리 (하자보수 및 보강)",C
"타사 보다 저렴한 공사비와 기 시공된 건축물의 품질을 보여줌
다양한 모델하우스를 참관하여 고객의 선호하는 방향을 컨택하여 적용
지역 광고 및 봉사활동",C
발주처와 지속적인 유대관계 유지,E
"주요 건설사/설계사 등 요청에 따른 당사 마케팅실과 연구소가 목표고객이 원한 제품(스틸 시스템욕실, 아파트용 패널제품 등) 관련 프로토타입 제작/품평으로 고객과 수시 소통
고객사 입장에서 제조원가 절감, 생산성 향상, 대형 프로젝트 수주를 지원할 수 있게 하는 등 솔루션 및 당사의 대내외 네트워크 지원
당사 마케팅실에서 개발 완료된 강건재 상품(당사 철강재를 기반으로 제작/판매되는 내외장재 등
  2차 제품)을 건설사/설계사 등 목표 고객에게 제안 영업
시장을 선도할 수 있는 기술/제품 공동개발을 위한 이해관계자/신규 고객사와의 업무협약/홍보
당사 커뮤니케이션실에서 SNS, 유튜브 등을 통한 온라인 채널 마케팅",B
"지속적이고 다양한 사회활동 참여
고객 목소리 경청
홍보 및 판촉 활동",A
고객 만족을 위해 정확한 납품을 지향 합니다.,E
"고객만족을 통한 평생 가족과 같은 관계를 유지하며, 지속 가능한 건물을 완성하여 A/S를 제로화에 주안점을 두고 있습니다.",C
"신규제품 개발을 통한 홍보 및 정부시책에 따른 필요 안전시설물 파악 
카다로그 만들어서 제품 홍보
영업부에서 건설사,지자체,교육청,설계사무소 제품 제안 및 자료제출",B
"수요처별 예산파악후 설계사무소, 건설사, 지자체, 공사 등 필요한 제품과 규격에 맞춰 홍보",D
각 수요처별 한해 예산을 파악하고 박람회 및 제품홍보,D
관공서 및 보건소 예산 파악 후 경쟁입찰 참가 및 필요물품 재고확보,D
"온라인 마케팅, 이벤트 행사, 광고",C
"영업과 마케팅의 중간조율, 영업과 생산의 중간조율, 각 거래처의 수요를 파악, 당사 최적의 생산량 및 판매량을 결정 ",D
"협력사 방문, 홈페이지를 통한 고객지원
창의적인 솔류션 제시",C
타 난방방식 대비 효율성과 친환경성이 우월함을 강조,D
"소개를 통한 보험계약, 개척을 통한 가망고객발굴
홈쇼핑을 통한 데이터 베이스 영입",C
"고객과의 지속적인 소통을 통한 업무협력, 고객이 요구하는 단가&품질수준 지표관리를 통한 거래조건 유지",C
"각 건설현장 담당자들의 역량 강화를 통한 신뢰 확보.
정밀 정확 시공으로 경쟁력 강화.
정확한 공기준수",D
"신문 뉴스를 통한 PR, 드라마 PPL
비데 관련 이벤트 행사",C
"고객과 기술미팅을 통한 제품개발 및 제안.
안정적인 품질과 서비스로 고객만족.",C
"고객 방문시 최고의 서비스로 대응한다
최고의 고객 확보 및 네트워크 강화",D
"지속적인 영업 및 사후관리 소통
문제점 개선 및 빠른 대응
지속적인 개발 및 제안서 제출
납기, 품질, 서비스, 운송에서 지속적인 체크 및 개선",C
"지속적 On Line 
라디오 광고
전자기술 잡지 광고
전자신문 신문 광고",C
"고객의 니즈 파악 후 프로그램 개발 제안 
신문, 매거진, 인스타그램, 페이스북, 인터넷 채널을 통한 부연 설명",C
탁월한 분양대행업체 발굴,E
"사후관리 철저(A/S와 지속적인 의사소통)
하자 없는 시공으로 고객 만족도 상승
지속적인 영업과 광고",C
"실제 저 스스로 지식재산권이 필요한 주체가 되어 지식재산권을 통한 다양한 혜택을 누려보는 것
유튜브 상에서 지속적으로 나의 컨텐츠 쌓아가기
지식재산권 관련 어려움을 겪고 있는 분들 찾아가기",B
"당사 영업부에서 주최하는 기술세미나를 통하여 제품설명과 고객과의 소통을 통하여 현장에 가장 적합한 제품 솔루션을 제시한다.
정기적인 기술적 지원을 통해 끝까지 책임지며 하자처리(Warranty)를 제공한다.
품질, 기술, 고객관계를 바탕으로 신뢰를 구축하여 지속 가능한 제품 공급 ",B
고객의 요청에 따라 당사 영업부와 목표고객과의 제품관련 기술능력 PR 및 고객의 정확한 요구사항을 파악하여 대처함.,C
일관성 있는 돼지고기 제품을 생산,E
"환경기술인 협회와 같은 업체 환경기술인들이 참여하는 공공 교육 혹은 민간 컨설팅 교육 참여하여 네트워크를 형성한다
기존 거래 고객에 대한 니즈를 파악하고 양질의 신뢰성 있는 서비스 제공을 통해 인적 네트워크 형성한다
환경분야 공사 인허가 대기관리 대행 등 토탈 솔루션을 제공하여 당사와 거래에 대한 긍정적인 인식을 갖도록 노력한다.",B
"제공된 규격기준의 준수를 통한 안정적인 공급으로 신뢰확보.
지속적인 사용처 목소리에 귀 기울인 품질관리 피드백",D
예비고객에 대한 지속적 방문,D
기존 컨설팅거래처(고객)의 소개 ,E
"직접 방문, 팜플렛 등을 활용, 인터넷을 통한 홍보",C
"실무자간 분과위원회(네트워크) 등을 조직하여 긴밀한 정보공유
임원사 정기 회의, 간담회, 오찬 등 개최하여 소통의장 마련
책자 발송, 세미나, 설명회 등을 통한 회원 서비스 제공",C
정확하고 신뢰성 있는 취재와 기사로 고객 만족 극대화,E
"고객의 요청에 따라 당사 기술팀에서 엔지니어링 예측모델을 제시히고 이를 통하여 고객의 신뢰 확보, 이는 향후 수주로 이어지는 선순환 투자로 이어짐
신규 개발품-국내법기준에 맞는 신제품-제안을 통하여 고객사의 신규 분양아파트 등에 적용할 수 있는 모델안을 제시 하여 소비자 Needs 만족=>분양경쟁력 향상",C
"1:1 대면 방문을 통한 제품설명 시연시술 
 빅바이어를 상대로 신상품내지는 개발 제품은 시판 전 무료 사용을 통한 우선권 부여
 중국 공장 직영으로 유통 마진을 줄여 저렴한 가격 제시 ",B
고객사와 계속적인 거래관계 및 고품질의 제품을 생산하기 위하여 고객사와의 정기적인 기술 미팅을 통하여 고객사의 니즈를 파악하고 고충을 해결함으로써 폐사의 신뢰도를 높인다,C
"고객의 요청에 따른 영업담당자의 방문, 컨설팅을 통한 최적(안) 제안
수시적, 주기적으로 고객사 방문을 통한 니스 파악 및 당사 강점 홍보
베트남 공장 시설 개선과 크린 룸을 통한 홍보",B
"고객의 요청에 따라 당사 영업부와 목표고객과의 제품 관련 기술세미나를 통해 고객의 니즈 파악
하자가 발생하지 않도록 좋은 품질 공급하며 부득불 하자 발생시 발 빠른 대처로 불만 해소 시킴",C
"제품 선택 시 제품에 대한 정확하고 올바른 정보 전달을 위한 친절한 상담 
필요한 제품 신속하고 정확한 제품 전달 ",D
"자동차 또는 거주지역 창문에 틴팅을 시공하기 전에 열차단의 효능을 직접 체험 할 수 있도록 체험키트로 고객에게 직접적인 효능을 알려줌.
대형 1군 건설사와 꾸준히 거래함으로써 제품의 품질 및 효과는 이미 검증되었음을 알려줌.
인터넷 체험단을 통한 객관적인 평가를 받은 후 내용 공유(네이버 카페, 블로그, 페이스북)",B
"꾸준한 업체 방문으로 영업 네트워크 구축
신문광고와 온라인 광고를 통한 회사 홍보
시연회 개최를 통한 직접적이고 적극적인 영업
경쟁력을 갖춘 시설과 장비를 활용한 수주전략
동종업계와의 네트워크 구축",B
"지속적으로 새로운 제품에 대한 정보를 제공하고 해외 선진 업체들의 사례들을 제공함으로써 고객의 향후 개발 방향을 함께 협의하고 그에 따른 기술적, 업무적 지원을 함으로써 고객이 경쟁사에 비해 더 좋은 제품을 빠르게 확인하고 지원받고 있다는 것을 알게 함으로써 고객과의 유대관계를 유지할 수 있음.",C
"본사 자체운영 오프라인 매장으로 방문유도 ( 체험, 시착 등 실물확인후 구매욕구 고객 유치 )
SNS를 통한 SALE행사 
제품리뷰 작성후 사은품행사로 제품 사용후기자료 확보 (마케팅자료화",B
"지속적인 교류를 통한 고객의 needs를 파악
직접생산과 직접공사 하는 업체라는 강점 어필
시장의 최신자료(변경된 법령, 개발제품 등)제공",C
"텔레마케팅 콜센터를 운영하여 매도인에게 주기적으로 진행현황 보고하며 소통함
네이버카페나 유튜브에 고객이 좋아할만한 부동산정보를 주기적으로 올리고 서비스를 신청하는 고객의 접수를 받음",B
"고객과 협력회사의 업무미팅을 통해 고객의 요구사항, 만족수준에 부합하는 소통 및 의사 공유
고객의 요구사항 제안 및 현장 시공에서의 품질, 기술, 하자 등의 부분에서 기술 및 VE제안으로 신뢰 구축
관련법규 등 변화하는 부분에 대한 지속적인 교육에 대한 참여로 회사간의 원활한 소통 및 업무 공유
최선을 다하는 입찰의 참여로 원가에 대한 신뢰 향상",C
"홈페이지의 문의하기 게시판 운영
인스타그램, 페이스북, 블로그 및 카페를 통한 마케팅
제품 클레임시 신속 응대로 고객만족",C
"목표고객에게 제안 영업
고객이 찾아오도록 기술 축적",D
"홈패이지, 블로그, SNS 등 지속적인 업데이트
건축주, 공장주 등 사업 예상 고객을 상대로한 제안 영업
건설사, 시행사 및 건축 전기 공사업체 등을 통한 제휴 영업",D
"고객인 운송업체로부터의 설비 개선 제안이나 서비스 제공 요구에 대한 협의, 자체적인 서비스나 설비 등에 대한 개발 제안 등",D
"당사 영업부에서 제품 개발단계에서 정기적인 기술적 장점 홍보, 커뮤니케이션 진행
고객의 요청에 따라 영업부와 목표고객과의 제품관련 협의를 통한 고객 니즈파악후 제품 진행
인맥을 통한 고객목표 설정",C
"당사의 패키징 필름을 사용하는 고객사의 생산부, 품질관리부서 직원과의 주기적인 미팅을 통해 사용상 불편사항을 지속적으로 모니터링 및 시정, 보완한다.
고객사의 신규설비 도입 시 테스트용 샘플제공 및 시운전에 적극 협조한다.
구매부서를 주기적으로 방문하여 애로사항을 경청하며 문제점을 해결하도록 한다.",C
"설계사무소에 시험성적서 및 인증서 대응 활동 / 지속적인 신뢰감을 통한 제품관련홍보
구매자 실질적인 수요업체를 통한 경쟁력 있는 견적 제안
최근 디자인 트랜드 및 시공 현황에 따른 공유 활동",C
고객의 업무 담당자와의 직접 대화를 통한 니즈 파악,D
"정기적인 건강관리 소책자 배포.
개인정보 동의 고객에 대한 보장분석내용 전달.
연말 소득공제 자료배포.
기계약자에 대한 안부인사 --- 1일 1사원 5명.",C
"고객의 요구 조건에 맞는 끊임없는 중국 공장 개발로 고객의 요구에 사전 준비 또는 선 제안
중복투자로 비용은 증가되나 차차선책 준비(중국 거래공장에 주요품목 중복개발) (거래중단 , 급격한 가격인상, 국내 업체 침범 등 대비)
이익은 고객이 우선 , 손해는 당사가 우선 정책(대세는 당사가 이익임: 신뢰)",B
"제품에 대한 유형에 서비스와 무형에 서비스를 제공 고객에게 지속적인  서비스 제공
지속적인 기술 개발과 숙련된 기술자 양성으로 제품의 기술력 확보
특허 및 저작권 확보로 기업의 기술력 및 제품 홍보
고객과의 제품에 대한 매뉴얼 수칙에 의한 행동 준수",C
"고객의 요청에 따라 주기적(월별, 분기별) 사업기획 및 세미나로 고객 니즈 파악
동종업계 경쟁사 비교 분석, 신기술 접목한 시제품 제작 및 품평회를 통한 제품 제안
지분 투자를 통한 사업이외의 유대관계 강화",C
"당사는 매스컴에 노출이 종종되었고
(YTN 강한중소기업이…, KBS 중견만리등..)
과거 30여년전에 타사보다 월등한 기술력의 제품을 생산하여 인지도가 있음.
기계설비 유관단체인 대한설비공학회, 한국설비기술협회 이사회 등에 참여하여
건설사,설계사,학계 관계인사와 정기적인 교류 및 기계설비협회 행사,세미나 등에 참여",C
"안전시설 설치 및 대국민 안전의식 홍보 플랭카드 설치
고속도로 사망자 숫자 저감노력 홍보함
신기술 도입으로 업무혁신
우수 사업사례로 홈페이지 및 방문 응대 등 대내외 홍보",B
"전국적으로 사업성 있는 사업들을 선별하고 그와 관련된 기관에 제안영업
(각자의 니즈에 맞을 때 추진)
회사의 재무건전성을 적극 홍보함
당사의 실적을 적극 홍보함(실적부족시 공동도급추진)
아파트사업 입주민 대상 : 품질의 우수성 홍보/하자 최소화 및 조속조치",C
"뛰어나고 디자인 우수하고, 설계 VE 기법이 고려된 설계안이 우선입니다.
모든 고객 관계는 설계안이 최우선으로 제안합니다",E
"의사소통이 원홀한 인간관계의 유지를 위해 인내 및 포용력
역지사지의 생각으로 고객과 공감하고 이해하기
공감하고 느꼈다면 변화하기
동기부여이론 및 리더십이론을 자주 생각하고 실천하기",D
"대체로 메일로 이루어집니다.
전화 또는 직접 방문을 통한 우리 회사 홍보 및 신뢰 유지
우리회사 실적 홍보를 위한 프리젠테이션과 실적자료 발송 등 방문과 전화나 간혹 메일 또는 인터넷 홍보 ",D
"직접 방문을 통한 당사 소개와
관련 지인의 추천을 통한 우리회사 소개 추천",D
"공공 발주기관의 발주자 지속 관리
아파트 이용 고객의 만족도 향상을 위한 생활의 불편함을 조기 해소 하면서 고객관리 
사업의 필요성을 수요처에 지속적으로 제안",D
"공공 발주기관의 발주자 지속 관리
아파트 이용 고객의 만족도 향상을 위한 생활의 불편함을 조기 해소 하면서 고객관리 
사업의 필요성을 수요처에 지속적으로 제안",D
"상기 언급한 각 발주처의 공사를 우수한 품질로 공기내 책임 준공하여 신뢰 확보
그동안 쌓아 놓은 신탁사 준공 실적을 활용하여 적극적으로 신탁사 영업
당사 보유 특허를 각 발주처 및 설계사에 정기적으로 기술, 가격 가성비를 적극 홍보 및 영업",C
"홍보채널로 활용이 가능한 커피쇼핑몰의 입점을 통해서 신제품 출시시기에 할인행사를 통한 홍보
기존 자사의 고객들의 DB를 활용해서 지속적인 제품의 트렌디한 정보제공 ( 플러스 친구)
홈페이지의 메인배너를 통한 최신 이슈사항의 지속전달  ",C
"박람회 행사
SNS채널 마케팅
자사홈페이지*네이버 스마트 스토어 채널에서의 고객과 1:1 빠른 채팅소통",B
"고객의 요청에 따라 신제품의 공동개발.
당사에서 고객의 NEEDS를 파악하여 시스템자동화의 선행 제안.
온라인 및 SNS를 통한 마케팅
영업 조직에 의한 개별 영업",C
"기업고객을 통하여 상담 방문
블로그를 통하여 고객으로부터 불편한 사항 접수 및 방문
주기적으로 기업 담당자에게 소식전달",C
"신 제품에 대한 홍보 영상을 제작 후 관련 고객에게 즉시 발송
매주 수요일 웹메일 발송 (3천 여명)
온라인 광고 진행 (키워드 광고, 페이스북, 블로그 등)
전시회 참가 (국내, 국외)
고객과의 식사, 운동 등을 통한 자리에서 홍보
내부 영업자들의 고객 방문",B
"당사 영업부에서 건설사, 시행사, 설계사무소, 박물관에 우리회사만의 기술력 및 시공 능력 홍보
지인소개를 통해서 우리회사의 장점홍보",D
"한국실내건축가협회 활동(현 상임이사)
KOSID 회원들을 위한 제품 세미나
페이스북, 인스타그램 등 SNS 홍보
디자이너 대상으로한 해외 디자이너 초청 및 제품 시공사례 세미나",C
업체별 고객 요청에 따라 바로 현장에서 제품 테스트와 기술력을 제시,D
"고객사의 요구사항을 주기적인 방문 및 유,무선을 통한 청취
영업 담당직원이 방문하여 즉시 해결
전시회 및 박람회를 통한 시장흐름 및 Technology 파악",C
"전국 6개의 거점 영업팀을 통한 기존 고객사 정기적인 직접 방문 및 유선영업 실시
개인별 월 4회 이상의 신규 고개사 방문 및 개발노력
고객사 납품처(원청)에 대한 기술 지원
입찰 거래처의 업체등록을 통한 정기/비정기적 입찰 참여
중대형 압출호기를 통한 기술영업 실시",B
"고객이 생각하는 시공 방식에 대한 불안감 해소를 위해 기술적 및 공사수행 이력에 따른 노하우 공유하여 관계유지
수행중인 현장 담당자와 긴밀한 관계 유지하여 프로젝트 완료시까지 영업적, 시공적 업무 수행능력의 탁월함 어필
당사의 원가경쟁력은 건설현장의 공무 또는 건설사 견적팀에 반영하여 원가 절감방안에 대해 의견제시하여 소통 유도 
우월한 시공관리시스템은 건설현장의 공무 및 공사팀에 반영하여 업무Loss 절감방안 제시하여 소통 유도 
설계노하우를 바탕으로 실시설계시 문제점 또는 제품시공시 현장 조건에따른 문제점 발췌하여 기술적 소통 유도 ",C
"접촉고객에 대한 미팅 이력관리와 니즈 파악
관련 자산관리 및 투자정보 안내
주기적인 오프라인 미팅을 통한 상세한 자산관리 정보제공 및 제안",C
"기술 세미나
현장 방문을 통한 기술 영업
각종 전람회를 통한 일반 홍보",C
"단골고객을 많이 확보한 기업이 시장점유율이 높다. 수요가 정체되거나 둔화될 때 어느 정도의 단골고객을 확보하고 유지하는 것이 기업의 생존에 큰 영향을 미친다.
직접 고객 현장을 찾아 고객관계관리를 한다.
관리자가 자주 고객과 소통하며 고객의 문제나 요구를 즉시 해결해 준다.
제품을 사용하는 현장부서의 사용자, 구매 결정에 영향을 주는 기술부서가 고객이다.
구매자보다 제품을 사용하는 사용자도 중요고객으로 관계관리 하고있다.
장기적 관점에서 고객의 생애가치지수를 분석하고 단기간에 발생하는 회사의 어떠한 손해도 고통도 감수한다.
고객을 전략적으로 잘 관리한다.
단골고객을 만들기 위해 공식적인 업무처리보다 마음을 나누는 관계를 유지한다.
고객의 기대를 뛰어넘는 즐거움과 감동을 주기위한 노력을 한다.
고객의 성과창출에 초점을 맞추고 소통해야 한다. 무엇보다도 신뢰를 바탕으로한 인간관계가 중요하다.
서비스가치를 높인다.
고객으로부터 견적 의뢰나 주문받기 전에 고객 현장의 설계부서나 기술부서를 찾아다니며 고객에게 필요한 정보나 기술을 제공하려 노력한다.
제품을 생산하고 납품 및 설치에 이르기까지 사용부서를 자주 찾아다니며 차별화된 써비스 제공한다.
고객이 안고 있는 회사나 개인문제와 고민이 무엇인지 잘 들어주고 공유 도움을 주므로 오랜 고객관계를 유지 시키는 방법이다.
함께 참여하는 방식, 정성을 다하는 관계를 유지, 고객이 부지런하다는 인지를 갖을 수 있는 관계를 만들어간다.",C
-,
"고객 요구에 따라 당사 설계팀과 고객사와의 정기적 워크샵을 통해 고객 요구사항 충족
정기적으로 고객의 애로사항 청취",C
"정부 지방자치단체를 대상으로 교육프로그램 소개 및 협의
중소기업 CEO 및 임직원을 대상으로 이메일 및 SNS활용한 홍보
중소기업 관련 기관, 협회, 단체 등을 대상으로 직접교섭 컨소시엄 참여 및 모집협조의뢰",C
"고객사의 요청시 박스지기 설계제안 및 최적의 인쇄제안
지속적인 원가 절감을 위한 최적의 지종, 제작방법 제안
배송시 고객사와의 신속한 커뮤니케이션으로 배송 신뢰성 확보
타사와 차별화되는 박스제조 특허 획득
박스제품 쇼룸운영으로 당사의 차별성 및 기술적 우위 홍보(사잔/공장방문/E-MAIL 등)",C
"생산과 마케팅은 별도의 부서를 운영 함으로서 생산부서는 생산과 기술개발에 치중하고
  판매 및 영업은 마케팅부서에서 운영",D
"개정된 세법 등 정보를 미리 고객에게 전달 
고객의 가장 가까운 법률 자문역활",D
"기업 홈페이지 통한 콜트콜로 진행하면서 각 기업의 인사팀장과 소통
일자리 창출 컨퍼런스, 채용 포털 사이트
지인들의 인맥 네트워크를 통해 소통",D
당사와 타사 제품의 동영상을 통한 비교,E
"신제품판매제안서 메일로 꾸준히 발송
새로운 제품을 촬영, 상세페이지 만들어 위탁판매업체에 제공
카톡 단톡 방, 밴드, 카페 등을 통한 홍보
소개를 통한 영업
입점한 쇼핑몰을 통한 판매",C
"국가기관 및 지방자체단체(발주처)로부터 수주 받아 전문건설업체, 자재업체, 건설중기업체와 신의·성실의 원칙하에 계약이행에 의한 신뢰 구축 및 관계 연속성 유지",D
"고객사의 영업권역 내 경재 점포의 판매 및 매출 동향을 파악하여 최적의 경쟁력 유지
자체 CRM을 운영하여 괙사의 판매 동향을 파악하고 최적의 판매 전략을 제시하여 고객사의 요구를 적극적으로 검토하고 대응",D
"포털 온라인 광고
체험단 등 서포터즈 활동을 통한 체험 공유
SNS를 통한 체험 공유, 이벤트 알림 및 특정 집단 선별 온라인 광고 노출
기존 고객 의견 수렴을 통한 상품개발 반영",C
"지속적 관련 자료 제공 및 기술 변화 추세의 조언
신제품 개발 동향 정보 제공
동종 업계 관계사들의 추세 정보 제공",D
"지속적인 영업 사원과 고객과의 관계 유지
온라인 홍보 (온라인 플랫폼 유치)
지속적인 sns 로 고객과 소통",C
"온라인 채널을 통한 꾸준한 컨텐츠 노출 홍보 
이메일 레터를 통한 과정소개, 프로그램, 세미나 안내
멤버십 프로그램 운영을 통한 홍보",C
"고객사와 지속적인 의견 교환을 통한 시장요구 사항을 파악해서 대응
충실한 고객지원을 통한 고객지원 우수사례에 대한 입소문 및 온라인 전파
기존 거래처의 개발 요청 시, 해당 업체 특화 제품을 제외하고는 시장성이 있는 제품 개발에 대한 개발비 본사 부담",B
"상 거래 시 현장 하자 처리를 신속하게 한다.
상품의 디자인 개발 시 사용자(건설사 및 시행사) 의견을 적극적으로 반영하여서 개발.
기존 상품보다 저렴한 단가를 지속적으로 제안(제품 개선 및 생산성 향상).",C
"품질과 A/S 등 신뢰확보
고객만족에 의한 영업
지속적인 제품 개발 제시",E
관공서 담당을 통하여 기술적 제안설계로 발주처에 필요한 상항을 대응 ,E
지속적인 경쟁사들의 영업정보 획득을 바탕으로 한걸음 더 앞선 서비스를 제공,E
"영업점 망을 통한 대 고객 응대 및 서비스 제공
온라인 채널을 통한 비대면 신규 고객 창출 및 기존 고객 응대 서비스 제공
다양한 제휴 마케팅을 통한 신규 고객 창출(신용카드, 여신 등)
정기적인 고객 행사를 통한 신규고객 유입 및 소개 마케팅",B
"온라인 채널 마케팅 (SNS 및 홈페이지)
회원제를 통한 홍보 마케팅 소통
매장에서의 현장 소통",C
"고객의 디자인 요구 사항 접수 : 클라이언트의 의도 및 요청사항 파악 / 프로젝트 일정 수립
디자인 기획 : 프로젝트 분석 및 조사 / 대상지 기본자료 입수및 주,야간 현황 분석
디자인 개발 : 기본 방향 설정 / 디자인 기획,빛의 위계 및 컨셉 설정, 시공 및 유지 관리부분 검토,연출 계획 수립
테크니컬 디자인 : 클라이언트와 조명 디자인 컨셉 구체화 방향 설정
클라이언트에 예상돼는 조명 시뮬레이션 및 경제성 분석 제시
실시설계 도면 납품
디자인 마케팅 : 설치 현장 점검 및 문제점 보완 / 연출 계획에 따른 시공 감리
시공 및 감리 : 등기구 설치상태 및 시공 점검 / 에이밍 콘트럴 관련 점검
위 프로세스를 확립하여 각 클라이언트에게 명확한 정보 및 의사 소통을 통하여 최상의 서비스를 지향하고 있으며 이를 통하여 향후 지속적인 영업 관계 유지",C
"고객의 요청에 따라 당사 영업부와 목표고객과의 제품관련 기술세미나를 통해 고객의 니즈 파악
당사 영업부에서 기존 욕실 시공 방식 대비 불안감 해소를 위한 뛰어난 품질과 공기단축, 하자처리 강점을 시행사, 건설사, 설계사무소등 목표고객에게 제안 영업
당사 영업부에서 시행사, 건설사, 설계사무소 등 목표고객에게 정기적인 기술적 장점 홍보
유튜브, 인스타그램, 페이스북과 같은 온라인 채널 마케팅
욕실관련 이벤트 행사를 통한 고객 목소리 경청
신문, 뉴스를 통한 회사 PR",C
"회사의 설계지명도 상향 노력
최상의 설계, 감리능력을 제공한다는 지속적인 신뢰 유지
우수한 작품 설계와 잡지사를 언론을 통한 홍보",D
"가장 중요한 것은 고객과의 신뢰이며 꾸준한 전시회 참가 및 거래처 방문으로 서로의 필요성을 감지하고 상황에 맞게끔 협조하는 것임 
이외에도 B2B등 온라인 홍보도 하고 있음",C
"초기 예산수립과정부터 당사제품이 설계에 반영되도록 각 공공기관의 정책입입자,실무주무관등에게 당사제품의 우수성 제안,제시",D
"기존 거래했던 시공사 직원들 과의 지속적인 네트워킹
품질, 납기 등에서 오랜 기간 안정적인 납품실적 어필",D
"정확하고 신속하게 증권발급으로 신뢰구축
친절한 고객응대
주기적인 연락으로 친분유지",D
"카다로그 사용하여 고객 앞 제품 설명하고 각 고객의 환경에 맞는 제품 제안
주요 목표고객을 정기적으로 방문하여 신제품 정보 제공, 합리적인 가격 정보 제공, 정확한 배송, 하자처리에 대해 강조(약속)함.  ",D
"우수한 기술력으로 바탕으로 ‘저렴한 가격으로 우수한 상품을 적기에 만들어 제공’하는 경영방침으로 슬로건이 아닌 실천함으로써 다양한 고객(발주처, 아파트 조합원 등)들이 스스로 선택하게끔 하도록 해야 함.",E
"급변하는 데이터 및 절차 등을 주기적으로 업데이트 제공하여 신뢰를 유지
메일 또는 안내 문자 등을 통한 홍보",C
"회사 홈페이지를 통한 시공기술 소개 및 실적 소개  
당사 영업부에서 건설사, 시행사 등 기술 제안 영업
정기적인 종합 건설사 협력업체 등록 및 외주팀과의 소통을 통해 고객의 니즈를 파악, 기준에 부족한 점 보완
현장에서 성실시공 및 품질시공으로 실무자 평가관리 ",C
"지속적인 인맥 관리(DB, 홈페이지 활성화)
마케팅 활성화를 통한 고객과의 연대감 조성
지속적인 홈쇼핑 방송을 통한 신뢰감 조성
지역담당제를 통한 고객 신뢰 확보
주기적인 내부 결속력 강화",C
"매년 바뀌는 교육법령을 교육담당자에서 문자나 카톡 또는 이메일로 전달 
명절날 교육담당자에게 인사를 하면서 교육관련 대화를 이끌어냄
업체에 맞는 교육진행 (환경, 비용 등)",D
"기존업체에 소개를 요청하고, 컨설팅을 하면서 소개를 통한 새로운 고객 유치",D
"도로이용차량의 편의와 안정성 확보 노력
교통량 증대를 위한 이벤트 시행
라디오 방송을 통한 회사 홍보",D
"워크샵, 세미나를 통한 고객의 니즈 파악
건설사와의 정기적인 간담회
중소기업 파트너쉽 몰 등 온라인을 통한 의견 청취 및 신청
신문, 뉴스를 통한 홍보 및 공고",C
"국내 랜드마크 현장 적용 사례 소개.
해외 유명 욕실 자재 전시회 초청.
타 브랜드(경쟁사) 장단점 소개
수입품 동종 업계(타일, 주방가구, 가전, 마루, etc)와 원만한 관계 유지",D
자사의 홈페이지를 적극 활용하기도 하고 SNS에 공식 계정을 만들어서 인테리어 업체나 건축사 건설사에서 관심있는 분들이 방문 후 연락이 오고 있습니다. 또한 주기적으로 업데이트된 자료를 직접 방문하여 소개하는 방식으로 진행하고 있습니다,C
안전과 고품질을 확보하면서 합리적인 견적금액 제시,E
"유튜브, 인스타그램 등 온라인 마케팅 시도
신문, 라디오 광고 등을 통한 분양홍보 마케팅
자체아파트 모델하우스 건립 및 홍보를 통한 직접 홍보
신기술 도입 등 검토를 통한 고객 니즈 파악 및 자체사업, 민간입찰시 반영",C
"담당 직원과 고객과의 상시 소통(전화, 메일, 카톡 등)
신고기간별 신고안내 연락 돌리기
기존 거래처의 주변인들 중 새로운 고객이 될 수 있는 사람들이 있는지 파악
지속적인 온라인홍보(포털 광고)",C
건설사· 시행사· 레저산업업체와의 협력관계를 통한 신뢰 구축,E
현재는 영업총괄인 본인의 역량에 의존하는 상황이며 2021년부터 글로벌 네트워크 회사와의 협력적 온라인 세미나 준비 중,E
"(기업) 고객이 원하는 QoS 달성(장애 없는 지속적이고 안정적인 ICT 인프로 서비스)
(기업) 고객의 사업 환경에 적합한 부가서비스를 제안함으로써 Up-selling 및 Cross-selling 달성",E
"정부정책에 대해 선재적 대응안을 마련하여 납품업체와 정보공유 및 대응책에 대하여
공동연구 활동
 소비자 불만사항에 대하여 기술적 대안을 마련하여 해결책 강구
지속적인 기술혁신으로 산업재산권 확보 및 동종업체와 기술적 차별화 전략
온라인을 통한 B2C판매 강화로 자사브랜드 이미지 재고",C
"정기적인 뉴스 레터 발송, 전문가 그룹을 통한 유튜버 교육, 홍보
앱 개발 제공(판매자), 약사, 판매자 등에 필요한 정보 오픈, 회원 가입을 통해 중요 정보 제공
(예: 개원 약국가 정보, 인기 제품 실시간 제공, 자사제품 비교 정보 제공 등)",B
"제품 납품 후 -> 만족도 조사-> 품질개선 사항 반영 
 담당자와 자주 미팅 및 연락하여 필요 부분을 계속적 피드백
 현장 담당자와 미팅",C
"제품 납품 후 -> 만족도 조사-> 품질개선 사항 반영 
 담당자와 자주 미팅 및 연락하여 필요부분을 계속적 피드백
 현장 담당자와 미팅",C
"브랜드/고객사와의 지속적인 미팅. 
미팅과 이메일 교신을 통한 업무제안/피드백으로 고객의 니즈를 파악하고 제품개발에 적용.
시즌별 트랜드 분석 후, 각 브랜드별 특화된 자료/소재/디자인 작성 및 배포. 
상품을 안정적으로 생산하고 공급할 수 있는 공급력 유지 및 지속적인 기술개발에 대한 홍보.",C
"친절한 상담 배송의 정확성 
신규상품의 알림",D
"입찰을 통한 수주물량에 대하여 감독부서와의 소통을 통해 보다 정확하고 필요한 수준의 과업 진행 
개발한 노선의 제안을 위하여 건설사와 소통하고 인허가 기관의 이해를 높여 고객(건설사)의 신뢰를 향상시킴",D
"현재에는 특별한 방법은 없음
블로그 등 온라인 채널 마케팅 진행 예정",E
"편리한 주거환경을 위한 최적의 설계 안 제공
개발사업에 대한 금융상품 소개 및 사업방식 개발과 가치 있는 사업기회를 지속적으로 발굴하기 위한 고객과의 세미나 장 제공
사업장 주변 친환경 조성",C
"저 마진으로 대면 관리
평상시 관계관리 ",E
"남들과 다른 디자인제안과 구축을 통해 고객의 성공과 담당자의성장을 통한 지속성 유지
일관된 공간브랜드구축과 유지를 통한 기업의 브랜드가치 창출 유도
국제적인 어워드 등을 통한 결과물의 가치증명",D
"온, 오프라인 광고
기존에 개발을 완료한 건물의 홈페이지 소개를 통한 신뢰구축 (공정보고를 통한 수분양자 소통)",D
"고객사에 신제품 및 신기술 안내
설계시에 제품의 장단점 등을 안내하여 설계에 반영될 수 있도록 함
고객사의 사업계획 정보를 수집하여 미리 대응함",D
"고객이 찾기 쉽고 알기 쉽게 자사 홈페이지 업그레이드 구축
기존 거래고객에게 안부전화 및 신규차량 홍보",D
고객과의 지속적인 통화를 통한 커뮤니케이션 의사 소통 실행,D
"고객의 요구사항을 면밀히 검토 –건축적 해석을 통한 도면, 3d투시도, 모형을 통한                                고객과의 소통 구현한다.
그리고 그 결과물에 대한 설명을 통한 수주, 그리고 준공 후 인간적 관계 유지",D
"담당자별 고객의 요구에 즉각적인 수행을 통한 만족도 추구.
협의, 납품 등에 대한 현장 참여, 미팅 추구
계약 사항을 준수하기 위한 사전 관리 및 준비",D
고객의 소리함 운영,D
"당사 제품 적용처에 지속적으로 사용현황, 품질유지, 교환주기 등 체크하며 기술지원을 함.
건설사, 설비회사, 소각장 등 사용처에 주기적인 방문영업 등으로 우호적인 유대관계 유지.
환경전시회, 기계전시회 등 참여를 통해 홍보활동 실시.
지인을 통한 신규거래처 및 고객확보.",C
"품질 우선의 고객 만족으로 신뢰구축을 통한 고객 채널관리
LGU+ 지역전담 고객별 최상의 서비스 제공을 통한 고객신뢰 향상 추진 
정보통신의 분야별(철도, 정보통신, 항만, 공항) 지역 정책세미나 참여",B
"품질 우선의 고객 만족으로 신뢰구축을 통한 고객 채널관리
정보통신 전문기업 우위전략을 통한 제안 컨소시엄 회사 참여 활동
정보통신의 분야별(철도, 정보통신, 항만, 공항) 정책세미나 참여
시공사례별 PR활동 추진(홈페이지, 브로셔)
정보통신 신사업분야 추이정보 공유채널 운영 등",C
"품질 우선의 고객 만족으로 신뢰구축을 통한 고객 채널관리
인천경제자유구역청 인천유시티 포럼 참여
인천서구청 정보화사업 추진 실행위원 참여",D
"이대한경제신문 광고
고객에게 공법을 설명하는 세미나 개최 및 자료 제공
지속적인 자료 제공을 통한 관계 유지",D
안전과 고품질을 확보하면서 합리적인 견적금액 제시,E
"고객의 시스템환경과 요구 사항을 제품에 적용하여, 최적의 시스템을 구축하기 위한 Customizing 및 컨설팅 용역을 제공합니다.
5개의 사업부로 구성된 영업조직(공공사업, 광역사업, 금융사업, 엔터프라이즈, MA)에서 고객 및 End-User에 직접 영업활동을 진행합니다.
지방 고객을 위해 지방 채널을 선정하고 최초 계약부터 설치-유지보수에 이르기까지 영업의 전과정을 일임합니다.
고객의 어떠한 요구에도 자체적으로 제품공급, 컨설팅 및 기술지원과 커스타미이징을 제공합니다.
애플리케이션에서 발생하는 이벤트를 종합적으로 관리하여 장애조치시간 단축, 발생 후 신속한 대응으로 비용절감 효과를 제공하며 IT인프라 성능향상에 따른 고객서비스 만족도를 증가시킵니다.",B
"당사 영업부에서 지자체, 건설사, 설계사무소 등 목표고객에게 정기적인 영업홍보
  자치체, 건설사, 설계사무소 제품관련 미팅 수시 참석
  블로그, 유튜브, 파워링크를 통한 온라인 마케팅",C
"거래처에 대한 영업사원의 정기/수시 방문을 통한 소통
고객의 발주제품에 대한 생산 및 납품 스케쥴을 고객과 정보 공유
납품한 제품에 대한 고객의 만족도 파악 및 의견 조율
철강시장의 변동상황에 관한 정보 취득 시 고객에게 전달하여, 고객의 영업 및 마케팅 활동에 도움이 될 수 있도록 상호교류(Win-Win)",C
"바이어가 제시한 컨셉에 맞는 정확한 샘플작업.
주기적인 신규 디자인 제안.
당사의 제품 품질에 대한 신뢰 및 제품 가격
고객의 컴프레인에 대한 응대.",D
"당사를 잘 알고 있는 기존고객사를 통한 건축주소개
지인을 통한 건축주면담
홍보앱 활용
관 입찰참여",D
"고객존중의 경영이념을 바탕으로 고객사와의 긴밀한 공조관계 유지( ① 문제해결의 사전교감신속처리제도화, ② 실무자와의 상시 소통체계 유지, ③ 위기관리)
현장의 소리& 사원의 소리 청취채널 다양화 운영(현장의 어려움과 사원의 고충사항 등을 여과없이 접수/ 신속히 해결하여 파트너쉽 공고화 유지)",D
고객사가 필요로 하는 스펙을 미팅을 통해 확인,E
"최고경영자과정 참가를 통해 인적 풀을 넓히고, 지인 소개 요청",E
"기존 자동차부품사 등 철강재를 사용하는 고객사들의 현장, 즉 직원들은 철강제품 제조과정 및 관련 제품 지식이 정보면에서 매우 취약하기 때문에 고객사 현장의 정보Needs 를 적기에 공급 함으로써 타사와의 차별적 마케팅을 강조 
실제로 직원들에게 관련 제품에 대한 정보지식 제공을 위해 설명회를 갖기도 함",C
"시즌 별 신상품 상담 및 생산 납품단가제시
소비자; 온라인 /인스타 그램 등, 블로그를 통해 지속적으로 제품소개 및 소통",C
"정기적인 신제품 신기술 시장동향 메일 또는 방문설명 
고객니즈에 대하여 제조사 고객사 함께 WEP / 전화회의 실시 
전시회 홈페이지 유튜브 통해 PR ",C
"파트너 들에 요청밎 우리가 원하는 요청을 서로 꾸준히 셈플링 하며 만족할수있을때까지 
모바일 소통",C
"전문기술이 부족한 현장 담당자를 대신하여 기술적 지원 및 시공사와 감리회사의 문의 사항을 신속하게 해결한다
인원을 투입하여 현장 진행사항을 점검하는 서비스를 철저히 진행하고 감독한다",D
고객과의 의사 소통을 통해 고객의 니즈를 파악,D
시공사례를 통한 불안감 해소 해 드림으로써 신뢰를 얻는다,E
"건축설계사무소등 통해 제품의 특장점과 시장상황의 변동등을 수시로 알려주며 영업
건축비 원가에 예민한 중소 현장들에 저급한 제품을 쓸 경우 일어나는 문제점들 알려주며 영업",D
"1:1 대면 방문을 통한 제품설명 시연시술 
 빅바이어를 상대로 신상품내지는 개발 제품은 시판 전 무료 사용을 통한 우선권 부여
 중국 공장 직영으로 유통 마진을 줄여 저렴한 가격 제시",B
"유튜브, 인스타그램, 페이스북과 같은 온라인 채널 마케팅",C
"SNS를 활용한 제품 홍보
지속적인 광고촬영을 통한 브랜드 노출
납품처에 선제안
전시회를 통한 고객관의 직접 소통",C
"지속적인 시장 조사를 통한 고객 니즈 파악 
유통 채널 별 맞춤 품목 제안 
철저한 사후 관리를 통해 고객 이탈 방지 
대 고객 컨텐츠 제작",C
"기존 고객 : 영업보고회 및 간담회 개최를 통한 펀드운용현황 보고 및 신규펀드 설계 
신규 고객 : 연기금 및 금융권 대상 IR등",D
"건설사 및 시행사에 디자인 관련 신제품 및 트랜드 제안.
건설사 및 시행사에서 원하는 제품 샘플 제안.
제품의 딜리버리 단축을 위해 당사만의 노하우 제안.",D
"홈페이지 밑 SNS를 통한 온라인 소통
유관 정부지원기관을 통한 소개
현장 방문 및 설명회 등을 통한 고객관리",C
"개인 고객 당사자, 법인의 경우 법무담당자와 지속적인 소통
법률적인 분쟁 발생의 사전 예방을 위한 노력
각종 신규 입법에 따른 기업 및 자산가들의 전략 준비 및 제공",D
"기존 거래처와의 지속적인 만남으로 신규고객 소개 빋기;
틈나는 대로 같이 운동하기
식사모임 갖기",D
"고객의 요청에 따라 영업본부에서 목표고객과 제품 관련 기술세미나 또는 교류회 주기 실시
정부부처/학계/협회 등에서 추구하는 산업트랜드를 스터디하고, 협업하는 장기 플랜 마련
고객사의 고객사(End-User) 대상으로 당사재의 영업을 전개하고 기술협력/MOU 등 각종 전략 구성
시범사업을 기획하여 당사 강재가 적용된 랜드마크 제작 등을 통한 직/간접 홍보 추진
직거래/연계판매 고객사 및 유통사 주기 방문을 통해 Needs 청취 및 솔루션 대안 제공
연구소의 시장 Needs를 반영한 연구를 기획하고 고객이 필요로하는 제품 및 기술 솔루션 제공",C
"회사를 대표하여 고객에게 서비스를 제공하는 사람에 대한 신뢰 강조 – 같이 업무를 수행했던 사람을 추천
직접 경험한 업무에 대하여 자신있게 사례와 문제점 등을 제시하여 신뢰 구축 (대림산업 근무경력)",E
"매년 사업설명회, 간담회, 전문가 자문 등을 통해 연구자 및 대학관계자의 의견 청취
매년 컨설팅을 통한 대학현장의 애로사항 청취 및 해결방안 제시
사업성과 사례집 발간 및 언론홍보 실시 등",C
"고객사의 제품개발 초기부터 참여하여 자사의 기술 및 노하우를 제공하고 이를 제품생산에
접목 최고의 제품생산.    경쟁업체와의 차별화 – 제품단가,품질,납기등 경쟁력제고  ",D
"고객사의 현장 여건 및 터널 설계도를 통해 임대 가격이 아닌 규격에 맞는 가장 적합한 점보드릴 제안 
현 진행중인 현장들 정기적인 순회 정비 시스템으로 장비에 발생할 수 있는 다운타임을 사전에 미리 방지 
광산 내부 암석의 질에 따른 정확한 착암 자재를 공급 함으로서 업체의 비용 절감 효과 
넉넉한 부품/자재 보유로 현장에서 요청하는 부품/자재 당일발송 시스템(다운타임 최소화)",D
"설계사무소나 디자인 회사 주기적 방문, 세미나 등을 통한 관계 영업 
건설현장 직접 영업으로 spec 확보 및 추가 수요 창출 
홈페이지, 유튜브, 블로그, 링크드인 등 다양한 디지털 홍보 
국내외 전시회 참가 
미디어 광고 ",C
"법인 고객은 대부분 요청이 있는 경우 제안서 제출 및 PT
개인 사업자의 경우 세무 이슈가 발생하는 경우 해당 내용을 미리 전달받은 후 대면 상담",E
"offline고객관계는 신제품 설명회, 마케팅활동관련 정보제공
online고객관계는 유튜브, 인스타, 블로그 같은 채널을 통해 소통
PR, TV, 라디오RCM",C
"1.    Brand differentiation
-      한성 브랜딩 캠페인 – 브랜드 강화 대외 홍보 광고 집행 (버스/택시 쉘터 광고)
-      2021 eSports 파트너쉽 – PR 강화 (MOU ceremony)
2.    Digitalization
-      한성자동차 브랜딩 노출 강화 광고 (온라인 노출 향상) – NAVER portal, KAKAO 플러스 친구 etc. 광고 집중
-      제휴 마케팅 광고를 통한 세일즈 리드 확보 향상 – edaily / 집중 타겟팅 광고 – MANPLUS
3.    Experience marketing(LSM)
-       전시장 신규 오픈 이벤트 – 대형 외벽 현수막 홍보 / 내방 고객 혜택 / 신규 오픈 전시장 특별 출고 기념품 이벤트 등
-      제휴 기업 대상 타겟 광고 – 삼성전자 임직원 대상 통근 버스 광고(좌석 커버 광고) 
4.    CRM Marketing 
-      Top Class 런칭 – 특별 혜택 제공 
-      AMG Playground 신규 프로그램 운영 및 언택트 킥오프 세레모니",A
"전시회를 개최하여 건설사 임직원을 초대
신제품이 나오면 건설사 구매부서에 샘플을 제공하여 정보 공유
사적 모임을 통한 지속적인 인간관계 유지 활동",C
"전시회를 개최하여 건설사 임직원을 초대
신제품이 나오면 건설사 구매부서에 샘플을 제공하여 정보 공유
사적 모임을 통한 지속적인 인간관계 유지 활동",C
"주기적인 만남을 통한 신뢰확보
소통창구 유지",D
대표의 자신감 표현 및 현장 영상 제공,E
"관공서는 사전검토용역 등을 통한 정보수집 및 관계유지
건설사는 인맥을 통한 홍보",D
"사내 신규 개발 샘플 고객사 본사 및 연구소 담당 미팅 및 제안서 전달 (현대모비스, 엘지전자)
고객사 제품 문의를 통한 신규 아이템 확보",D
"당사의 강점을  시공사, 고객에게 꾸준히 영업
고객의 만족도 설문을 통한 설계사무소와의 소통",C
"분양시, 해링턴캐어, 입주자 사전점검, 하자처리시 설문조사를 통한 고객 분석 및 소비자의 패턴 및 성향, 니즈파악하여 설계부터 시공과정에 거쳐 소비자의 요구 반영
방송/광고, 홈페이지, 유튜브 등 온오프라인을 통한 홍보활동과 고객이 소리를 적극적으로 청취하고 있음
고품질의 자재와 정확한 시공을 통한 적극적 홍보와 마케팅 실시",B
"경쟁시 고객의 필요를 제안하거나
설계사의 노하우를 제공 
실제 설계사례에서의 장.단점을 고객과 소통",C
"현장에서 건물 소개
3D 시뮬레이션을 통한 준공예상 건물 소개
스케치와 컨셉 드로잉을 통한 예상 건축물 소개",D
"고객의 요청에 따라 설계팀에서 설계안에 대한 니즈 파악과 설계성과품, 목표에 대한 영업
마케팅본부에서 시행사, 건설사, 공공기관등의 제안 영업",D
"기업이미지 지향(사회적 기업/책임경영)
인맥관리
고객만족 책임경영 부각(사전,중간,사후점검 및 완료후 품질보증서 발급)- 한번시공 영원한 만족
제품 및 공구의 차별화 홍보",B
설계시공 제안영업,E
"SNS를 통한 직접 소통
인터넷 판매 제품의 제품 평가
인플루언서의 조언
인터넷 광고",C
"건설사 및 고객 대면 영업
온라인을 통한 정보 제공에 따른 소비자 니즈 반영 등 마케팅",D
"당사 영업부에서 시행사, 건설사, 설계사무소 등 목표고객에게 정기적인 기술적 장점 홍보",E
"시공과정에서 발주자와 유대관게 교류, 영업부서 임직원들의
직간접 접촉을 통한 회사 특장점(경쟁력 등) 홍보.",D
"각종 SNS 필요한 정보 무료 제공하여 소통창구 만들기
홈페이지 유입을 통한 고객 상담 및 니즈 파악
각 대학교 강연 및 관공소 강연으로 케넥트 포인트 만들기
SNS, 지식인, 커뮤니티 카페를 통한 정보 제공",B
"직접 방문으로 계약된 거래처가 대부분으로서 오랫동안(15년 이상) 필요한 업무를 원활하게 처리해주어 만족도가 상당하게 높은 편임
필요로 하는 요청 상황에 대해 최선의 노력으로 맞추어 줌
고객의 업무 편의를 위해 보험사에서 증권을 발권하는게 아니라 직접 입력 요원 고용하여 원하는 업무 최대한 불편 없도록 처리해줌",B
공사 기술력과 대인관계를 통하여 모기업엔 항상 동성상공이 협력하고 있다는 생각과 업무적 관계가 아니더라도 수시로 안부전화와 미팅을 통하여 협력 체재를 공고히 하는 것,C
"앱기반 소통, 블로그로 소통",C
고객이 직면한 상황을 정확히 이해하고 고객의 요구를 파악하여 회사 상황에 맞는 적절한 솔루션 제공,D
"잠재 고객사의 요청에 따라 식사 단가가 비슷한 현장 방문 소개
잠재 고객사의 현재 식당에 대한 문제점 분석 및 개선방안, 제안서 작성
카카오톡, 잘로 메신저를 통한 24H 실시간 피드백, 고객 문의 접수 시 24시간 내로 피드백 제공",C
인맥을 통한 영업과 시공능력 및 품질를 통한 영업,D
"지속적인 ATL, BTL을통한 최종 고객에게 자사 제품소개 및 가치전달
정기적인 신제품개발프로세스에 고객을 참여시켜 신제품 인지력 제고
B2B 고객 대상의 수주관리 프로세스를 통해서 제안영업 진행 
유튜브 등 온라인 매체를 통한 홍보 및 고객 목소리 경청
신문, 뉴스를 통한 회사 홍보",B
"거래처별 담당직원 배정후 밀착관리
새로운 제품 또는 급식메뉴의 레시피 등의 정보 제공",C
"1차거래고객의 신뢰 경험에 의한 제품과 기술 우위 전파
영업 담당자의 홍보
고객의 니즈파악 및 빠른 대처",C
"약국채널 : 약사 대상 마케팅을 통한 제품 설명회 등으로 거래 확장
일반 소비제품은 TV 광고, SNS광고와 같은 매체를 통한 제품 홍보",D
"판촉행사를 통한 고객 접촉
신상품 홍보를 통한 고객 접촉
삼성생명에서 주관하는 CEO교육, 2세 교육 참가를 통한 유대 관계 강화",B
"설계 및 연구원들을 통해 원하는 사양의 제품을 신속하게 선정 및 제시
지속적인 방문을 통한 고객관계유지
목표고객의 개인사를 통해 친밀감 유지",C
"급변하는 데이터 및 절차 등을 주기적으로 업데이트 제공하여 신뢰를 유지
메일 또는 안내 문자 등을 통한 홍보",D
"고객의 니즈에 맞는 제품 개발 및 제안
온라인몰을 통한 고객과의 소통 및 홍보 제안",C
"수주 이전 프로젝트 발굴 단계에서 잠재 고객들과의 인적 교류를 통한 신뢰 확보, 프로젝트 구체화에 대한 정보 교류
프로젝트 수행 단계에서 현장 및 본사간 협업을 통한 고객의 요구사항에 대한 적극적인 대응 및 문제발생 예방
공종별 트랙레코드 강화 및 관리를 통한 프로젝트 참여 가능성을 제고 ",B
"컨설팅 프로젝트를 추진하려는 잠재고객에 대한 제안서 제출 및 논의 과정을 통한 신뢰 확보
프로젝트 결과물에 대한 고객 만족도 제고를 통한 기업 평판 제고",B
"최근 IT의 발전과 코로나19로 인한 비대면 서비스를 원하는 고객이 많아 예.적금 및 대출을 비대면 서비스를 통해 소통하고 있다.
홈페이지 및 콜센터를 통해 고객과의 소통에 힘쓰고 있다.",C
"고객 요청에 따른 맞춤형 생산에 적극적으로 아이디어 교류를 통하여
원가 절감 및 최적에 상품이 나올 수 있도록 그동안의 노하우 공유
새로운 제품 생산에 있어 디자인 및 소재 선택 등에 있어 그동안의 경험치 및 샘플 제공",A
"직접 방문으로 계약된 거래처가 대부분으로서 오랫동안(15년 이상) 필요한 업무를 원활하게 처리해주어 만족도가 상당하게 높은 편임
필요로 하는 요청 상황에 대해 최선의 노력으로 맞추어 줌
고객의 업무 편의를 위해 보험사에서 증권을 발권 하는게 아니라 직접 입력 요원 고용하여 원하는 업무 최대한 불편 없도록 처리해줌",B
"주기적인 고객사 방문으로 연결 고리 유지
신 제품 정보 메일 소개 및 홍보
신규 사업 개발 및 소개
전시회 출품 및 전시장 초청
신규 업체 발굴을 위한 인맥 방문 및 소개
A/S 발생에 대한 긴급 대응으로 당사의 필요성 인식",B
"신제품 제안
새로운 소재 설명회
대한건축학회, 대한여성건축가협회 활동
인적 네트워크 구축을 위한 건설CEO과정 등록 및 활동
건설사 분양팀이나 상품개발팀 영업",B
"신속한 업무처리를 필요로 하는 꽃배달 사업의 특성 상, 24시간 응대 서비스 제공
고객 재구매를 이끌기 위해, 고객에게 끊임없이 문무굴비를 인지시키고자 함
도매 카페 활동
꽃배달거래처의 거래처 소개
높은 품질의 CS업무
전화영업",A
"당사 영업 및 시공 관리 직원을 통한 당사 제품에 대한 우수성 및 제품 특성을 감안한 제안 영업
중점 설계사 및 시행사 등에 집중 관리를 통해 건축정보 조기 파악 
수주현장에 대한 철저한 시공 관리와 신속하고 완벽한 하자처리로 상호 신뢰 구축
유관 기관과의 공동 기술개발을 통한 신규 수요 창출",C
"용역 과업지시서 분석을 통해 특허기술 적용 가능성 파악
용역사 또는 발주처 담당자와의 유선통화 및 미팅을 통해 특허기술의 특장점 및 기대 효과에 대한 홍보
대상 건축물에 대한 설계제안서 제출 및 설계과업 기술지원
평시에 주기적인 유선접촉을 통해 용역진행 및 요구 사항 파악",C
"고객의 소리와 정부정책등을 취재하여 전파하는 언론매체역할.
기업의 신기술과 새로운신제품,정보를 수요자에게 알려주무로, 공급자와,수요자간의 욕구충족",C
"지속적인 일대일 밀착 상담을 통한 고객을 니드 파악과 이를 통한 학생의 실력 향상 
수시로 세미나, 학생 테스트을 통한 신규 고객 창출",A
승객을 최우선으로 최선을 다하는 겁니다,E
"신뢰와 기술력을 바탕으로 최상의 프로젝트 수행
발주처와 지속적인 관계 유지",D
"CS 빠른 대응
바이블마케팅. 판매채널 홍보
인플루언서 활동 지원
제품 판매 지속적인 프로모션",C
"담당자와 주기적으로 안전정보를 주고받는다. 
업계의 이슈를 바탕으로 대응에 관하여 논한다.
향후 계정 되는 산업안전보건법 등의 발의에 대비하여 선제적인 대응 전략에 도움 같은 품질의 제품이라도 가격적인 부분에 가성비 높은 제품을 구비 안전사고, 화재, 화학물질 유출사고 등에 빠르게 대응한다.",C
"유튜브, 인스타그램, 페이스북과 같은 온라인 채널 마케팅
신문, 뉴스를 통한 회사 PR
네이버 구글 키워드광고를 통한 타겟 키워드 지속적 노출로 업계에서 확고한 브랜딩 유지 
블로그 운영 
세미나를 통한 직접적인 소통 ",B
"공격적이고 탄력적인 프로모션으로 오랜 관계 지속 - > 신규 도매상인 흡수   
중국 내 니즈가 있는 인기상품 꾸준한 공급-> 신규 도매상인 흡수 -> 규모 확장
여행사 및 인플런넌서 적극 활용 ",B
"최대규모의 온라인 패널을 제공함으로써 어떤 대규모의 리서치라도 단기간에 가능
모든 형태의 설문 구성을 가능하게 하여 고객의 니즈를 충실히 반영
기존 리서치 회사들에 대한 B2B 매출이 80% 이상인 상황에서 패널 대여 등 다양한 서비스 구축
패널 허브라는 플랫폼서비스를 제공함으로써 지속적인 비대면 매출 가능",C
"온라인 리서치를 위한 웹업 프로그램 제공 회사로서는 국내 최고의 기술력
‘샘픽’이라는 광고효과조사 자동화 플랫폼을 통한 안정된 서비스 제공
라임이라는 온라인 패널 대여",C
"최적의 단가와 최단기간 내의 리서치를 가능하게 하는 기술력 제공
엔드 클라이언트를 대상으로 하여 고객사의 마케팅 수요에 맞는 조사 설계  
‘GS 패널’이라는 온라인 패널 대여",C
"업종의 특성상 품질과 가격이 고객과의 지속적인 거래유지 방법에 가장 효과적으로 작용하고 있기 때문에 구매 물품의 특성과 효과를 고객에게 홍보함으로 고객의 니즈를 충족시켜 줌
기후와 관세, 입찰가격이 유동하는 물품의 가격을 변동시킴으로 선제적인 모니터링을 통해서 분석하여 구매단가를 경쟁력 있게 구매하고 안정적인 가격도출 및 고객과의 스토리를 같이 공유하여 소통함 ",C
"카톡 , 문자, 선물, 통화 , 식사 ",D
"편집디자인과 입찰 제안서 및 광고의 대한 입찰 참여방법
모바일과 SNS로 통한 고객 맞춤 서비스",C
"고품질 대비 합리적인 가격의 상품을 통한 고객 만족
유튜버, 인플루언서 통한 선호도, 이용도 상승
자세한 상품 소개, 착화샷이 있는 자사 온라인몰, 외부 온라인몰 상세페이지
접근성이 좋은 170개 오프라인 매장에서 직접 착화 등 서비스 제공 ",B
"온라인 채널 마케팅(포털, 언론, 유튜브 등)
삼성동 아이파크, 해운대 아이파크 등 성공적 사업 진행을 통핸 브랜드 이미지 제고
협력업체 관리를 통한 기술력 및 노하우 확보
고객의견제안 사이트 운영을 통한 지속적 의견 수렴 및 피드백",B
"고객의 니즈에 맞는 최신의 기술정보 제공
블로그 및 SNS를 활용한 ALC 특장점을 계속 홍보
외국의 신기술을 지속적으로 소개",B
"무료 맞춤 수선 서비스
액세서리 무료 대여 서비스
차별화된 세탁 및 관리 시스템",B
"세미나를 통한 고객의 니즈 파악
품질, 하자처리 등 목표고객에게 제안 영업
목표고객에게 정기적인 기술적 장점 홍보",B
3번의 마케팅 채널과 공통됨,E
"당사의 11만호 주택건설 실적과 건설부문별 실적을 통한 제안
창의적 부동산 디벨로핑 기법을 통한 개인 부동산 소유자 설득
타사 대비 적절하고 합리적인 공사비 제안
지속적인 Network 관리",C
"사전 시장조사를 통한 트렌드 분석. 원단 소싱
시장조사를 통한 샘플 구매 및 해외전시회 참여
대면을 통한 미팅으로 소재 의뢰 받음
글로벌 브랜드에서 사용한 신규 소재 제시
품평회전 재고 샘플원단을 통한 지급 가능 소재 소싱
각각의 소비자에게 SNS를 통한 대화
강아지 놀이터를 통한 소비자의 불만 사항 요구사항 접수
전시회를 통한 소비자 밀착 대화",A
"1.	고객 확보 방법
1)	적극적인 영업 활동으로  우리회사의 제품을 사용하면 귀사의 발전에 크게 도움이 된다는 점을 강조하고 있음.
귀사가 일하는데 편리하다는 점을 알리려고 노력을 많이 함.
2)	고객 소통 방법 : 각사를 담당하는 영업사원이 있어 지속적으로 대화하고 소통하고 있음.
3)	지속적인 거래 유지 방법: 오랜 신용을 바탕으로 가격, 품질, 납기 등에서 국내 1등을 목표로 노력하고 있어 상대방에서도 이점을 인정 받으면 거래가 지속될 수 있음.",B
"고객의 요청에 따라 당사 영업부와 목표고객과의 제품관련 기술미팅을 통해 고객의 니즈 파악
기존 거래처와의 불편함 및 고민 사항을 해결하기위해 적극 노력
인포 그래픽 동영상을 제작하여 신규 개발 기술에 대한 적극적인 홍보(홈페이지, SNS, 유투브) 알림",C
"수시로 고객을 방문하여 회의, 면담을 통한 요구사항, 제품 불만 및 시공 관리의 문제점을 듣고 바로 적용 및 개선한다
고객과의 정기적인 세미나 및 회의를 통하여 당사의 제품 및 우수협력업체임을 알림",B
"매년 기술 세미나시 신기술 및 신제품 홍보
꾸준히 영업 활동을 통해 고객 니즈 파악
신뢰 구축을 본사와 현장에 일관성 대응",B
"종합카다로그를 주기적으로 제작 배포
온라인 홍보(통신판매, 블로그 등)
원거리 배송시스템 가동
영업사원 주기적 거래처 방문 홍보",B
"이메일 등을 통한 브로슈어 매월 발송
인맥을 활용한 회사 제안서 발송 및 세미나 설명
마케팅 부서의 다양한 채널을 통한 인맥 영업",B
"꾸준한 건설사 영업을 통한 제품홍보
신문광고를 통한 홍보
인맥을 통한 홍보
전시회를 통한 홍보
유튜브를 통한 홍보",C
"고객소개를 유도하기 위한 고객과의 꾸준한 라포형성 (전화, 문자 등)
고객만족을 위한 수술 후 정기검진 (고객AS)",C
입찰 참여,E
품질의 우수성 대면홍보,E
처리기술 홍보 영업,E
최상의 품질과 납기로 고객과 직접 소통,E
당사 영업부에서 목표고객에게 당사 제품의 장점 홍보 및 고객의 니즈 파악을 통한 제품 개발,C
관공서 제안영업,E
품질의 우수성 및 일관성 홍보,E
당사 영업부에서 목표고객에게 당사 제품의 장점 홍보,E
고객의 요청에 따라 당사 영업부와 목표고객과의 제품관련 제품디자인을 제공하거나 자사가 가지고 있는 기술 R&D 제품을 고객사에게 프로포즈 함,D
"전시회 참여, 개발제안",D
"품질, 가격, 생산능력 우수성 홍보",D
오프라인 영업,E
"고객의 요청에 신속, 저렴하게 대응",E
연료의 품질에 대한 오프라인 홍보,D
"신기술, 신공법 소개를 통한 법규해결 및 경제성을 가지고 소통함",D
동종업계 대비 저렴한 가격의 제품을 고객에게 적기 공급 홍보,E
"전시회 참여, 블로그 운영",C
"신문 인터넷 공중파 등 일반적인 단기적 광고매체
모델하우스를 통한 대면접촉 마케팅
분양대행사를 통한 인적판매 마케팅",C
"고객에 대한 지속적인 영업을 통한 관계개선.
주기적인 제품자료 DM발송 및 이를 통한 문의 시 방문 상담 고객의 니즈를 직접 확인 대응
인터넷 광고를 통한 홍보",B
"고객의 요청에 따라 미팅, 메일, 온라인 채널, 유선상의 내용 파악하여 고객의 목표의 제품을 담당변리사, 실무담당자 등 미팅을 통하여 고객의 니즈 파악하여 특허명세서 작성 ",B
"온라인 (유튜브) 홍보 및 업체소개
지인 소개",C
"유행에 따른 고객사와의 끊임없는 신 소재 개발과 다양한 연구 및 개발
다양성, 창의성, 전문성이 가미된 디자인 창출
독창적인 구성을 통한 스페셜 한 상품 기획 및 개발",C
"고객이 상품을 편하게 선택하게 하기 위해 일목요연하게 상품을 정리하며, 가격적인 측면에서 선택할 수 있도록 정리한다.",E
고객의 요청에 따라 당사 영업부와 목표고객과의 제품관련 기술능력 PR 및 고객의 정확한 요구사항을 파악하여 대처함.,D
"고객이 원하는 개발방향의 처방을 빠르게 대응
고객이 원하는 품질의 제품을 원하는 시기에 공급
고객이 필요로 하는 문서(서류)요청에 빠르게 대응",D
"설계사 및 발주청(관), 시공사 등에게 특허기술 및 신기술공법 으로 설계영업 및 시공영업",E
"합리적인 재고관리로 고객의 납품 요청에 따른 빠른 자재의 공급
최상의 결제조건 제시하여 원재료구입 경쟁력의 확보로 인한 상대적인 판매가격 경쟁력 확보
어떠한 형상의 제품이라도 즉시 매입 공급할 수 있는 정보의 확보
변화하는 시책에 따른 대리점 또는 취급점에 대한 정보의 제공",C
타 업체 대비 빠르고 정확한 원료 시황 정보 전달 및 필요한 원료 수배 요청에 신속한 대응,E
"각종 조사를 통한 고객의 니즈 파악
주택홍보관 이용
유튜브, 인스타그램, 페이스북과 같은 온라인 채널 마케팅
신문, 뉴스등 대중매체를 통한 브랜드 홍보 ",B
"계속적으로 신제품 출시를 통해 고객의 니즈 충족
가성비 높은 제품공급, 가격정책으로 소비자 만족도 향상 
전국의 직영 창고 확보로 이용 편리성 확보 
홈페이지, 블러그, 문자홍보등으로 신속한 정보제공 
건축전시호 참가등으로 소비자에게 이미지 마케팅 실시 
관련 신규 아이템 추가로 손쉽게 사업하시도록 제품 구색 확보",B
"광고를 통해 연락이 온 입원 희망자에게 제안 영업
직영 대리점을 통한 목표 고객 영업
개인 인맥에 의한 환자 입원 
블러그 마케팅
기존 환자 소개",C
"3D immersive sound 데모 시연 및 전세계 3D 몰입감 사운드 시장 트랜드 공유
지속적인 대면 협의 및 향후 고객사의 로드맵 파악
성공 사례 공유
9.1 채널 컨텐츠 생산/제작",B
"매년 졸업자 명단을 교내 대외협력처를 통해 확보 후 최초 1회 총동문회 회원가입 여부를 체크 이후 정기적 간행물을 통해 총동문회의 실존 여부를 알리고, 해당 동문이 속할 수 있는 지역별, 학과별, 연령대 별 등 이미 활성화 되어있는 산하 동문회쪽으로의 인계",B
"고객의 위임에 의하여 실시간 클라우드 방식으로 세금계산서 등 세무거래내역
은행거래내역을 신속하게 수집하여 분석한 자료로 고객에게 필요한 상담을 주기적으로 함",C
"고객만족의 기본의 틀을 가지고 고객감동을 시킨다.
예) 고객이 원하는 부분 이상의 만족. 고객이 생각하지 못한 부분을 감동시킨다 
    창문청소 및 고객 애로사항을 찾아 해결",D
"고객사와의 회의, 세미나 등을 참석하여, 장,단기적인 고객사의 니즈 파악.
품질개선 내역, 납기일정 개선, 제품 시공성 개선 등의 내용을, 서면 자료, 시제품 제출 등으로 고객에게 제안하여 영업.
정기적인 고객사와의 미팅으로, 원활하고 빠른 고객 니즈 수용.",C
"인터넷광고
유투브
블로그 ",C
직영 하도급으로 발주처 관리자에게 개별 영업을 한다,E
"여행사, 기업, 기관, 종교, 지역별 전담 영업사원 배정 및 관리.
SNS 통한 이벤트 행사(할인, 운항 정보) 안내.",C
"영업에서 당사의 제품원료에 대한 신뢰성과 제품가공의 우수성에 대한 20년간 실제운용에서 품질과 위생관리의 우수성과 안전성을 입증
식품소재에 대한 불안감을 해소할 수 있는 원산지관리 투명성을 바탕으로 고객사가 원하는 품질과 납기를 고객사에 맞춤형 공급
고객사에 정기적인 할인행사를 통한 고객사에 가성비 만족도 제공
입소문을 통한 구전마케팅",C
"시공 방식에 대한 불안감을 해소하기 위한 제품군별 설치영상 유튜브 등 배포 
온라인 판매 사이트에 이벤트 행사를 통한 고객 목소리 경청 
당사 영업부에서 총판점, OEM사 등 목표고객에게 정기적인 기술, 품질, 서비스적 장점 홍보 ",C
"신속한 기사 및 포털사이트, SNS 뉴스전송
조선일보, 중앙일보, 동아일보, 한국경제신문, 매일경제신문 등 전국 언론사 뉴스전송 시스템
네이버 블로그(공식 블로그)로 정확하고 신속한 이슈 파이팅",C
"유기농, 오가닉, 친환경 전문가와 상생
네이버 대행사 등과 공동 대응
중앙언론사와 공동 이슈화 등",C
"정밀한 메모리 디바이스를 검사할 수 있는 검사장비 핵심부품의 정밀 사출 제공
다품종 소량생산의 요구에 부합하는 제조역량 제공
사출로 구현하기 어려운 정밀 치수 구현",D
"홈페이지, 외부광고, 지면광고, 방송광고, 기타홍보매체, 직접대면",C
"유튜브, 인스타그램, 페이스북과 같은 온라인 채널 마케팅
품평회를 통한 고객 목소리 경청",C
"블로그와 유투브를 통해 잠재고객에게 신뢰감 있는 정보 제공
리모델링 희망 고객에게 검증된 시공기술자 연결",C
"고객의 건축관련문의에 최선을 다하여 피드백
신규프로젝트를 계획하는 고객에게 경험과 현재 트랜드를 결합한 모델 제안
업무가 완료된 이후 사용자(고객)와의 지속적인 대화를 통하여 당사의 장. 단점을 경청하며 관계 유지",C
구전과 인맥을 통한 고객과 친밀해지기,E
가장 중요한 것은 고객과의 신뢰이며 꾸준한 전시회 참가 및 거래처 방문으로 서로의 필요성을 감지하고 상황에 맞게끔 협조하는 것임. 이외에도 B2B등 온라인 홍보도 하고 있음,C
"거래를 떠나서 고객과의 소통(공감대 형성)을 중요시
항상 재고 유무를 오프라인, 온라인 고객에게 전달
신 제품 관련 기술세미나 및 로드맵 제공
홈페이지를 통한 Q&A",B
"당사 영업부에서 시행사, 건설사, 설계사무소 등 목표고객에게 정기적인 기술적 장점 홍보",E
시행사 설계사무소 등 목표고객에게 제안을 하고 또한 홈페이지를 개설해 신규 고객들을 확보하려고 합니다.,E
시행사 설계사무소 등 목표고객에게 제안을 하고 또한 홈페이지를 개설해 신규 고객들을 확보하려고 합니다.,E
"상담 및 교육 (고객사의 요청)
대표이사의 활동 (각종 자문위원회 등)
신규 고객 보다는 기존 고객들의 많기 때문에 지속적인 연락, 식사, 골프 등의 활동",E
"업계 최대 규모의 제품 공급능력을 부각.
전국적인 지역 거점을 확보 신속한 대응 가능한 장점을 홍보
다양한 경험의 영업사원과 전문적인 설계팀 직원이 현장 실무자와 직접 업무협의
동종업계 협회 행사 등에 적극적 직접 참여로 업계의 흐름 및 고객의 니즈 파악 ",D
"신속한 가설기자재의 납품 능력과 최고 품질로 대응 가능한 장점을 홍보
다양한 경험의 영업사원과 전문적인 설계팀 직원이 현장 실무자와 직접 업무협의
국내외 각종 가설기자재 박람회 등 적극적 직접 참여로 업계의 흐름 및 고객의 니즈 파악 ",D
"분양 사업
토지비, 건축비, 설계, 감리, 인허가, 광고 등 최대한 원가를 절감 할 수 있 는 업 체의 선정 및 조기 분양 완료 할 수 있도록 최적의 사업 제안
자체 입주 또는 임대물건
토지의 효율성 설계와 아울러 고급스런 자재를 네트워크를 통해 저렴하게 구매하여
임대 수익률을 높이고 동선의 편리함을 설계에 반영",D
"온라인 마켓의 상품평 및 고객과의 대화를 통한 고객의 니즈 파악
SNS 마케팅
해외 바이어에 지속적인 제품 관련 사항 홍보
제품의 인증 및 테스트 확보",C
"네이버, 구글 검색광고
홈페이지
전화영업",D
"품질을 철저히 관리하여 불량이 발생하지 않도록 끝임 없는 노력,
가격경쟁력(국내최저가공급)을 높이기 위하여 제품의 원가절감",E
끊임없는 고객에 대한 적극적인 영업 및 서비스 제공으로 지속적인 고객 확보 및 유지한다,D
지속적인 경쟁사들의 영업정보 획득을 바탕으로 한걸음 더 앞선 서비스를 제공,D
영업부서 고객사 요구사항 접수 후 내부 금형/사출기술 담당 문제해결방안 및 적정 양산화 위해 제안.,D
"가격경쟁력(내재화사업)을 높이고 있음
품질관리 철저
고객만족을 위한 맞춤형 제품개발",C
"각 업체별 니즈에 따른 제품 차별화
분기별 신제품 및 개별 제품의 품질 개선 사항은 고객사에 전달
지속적인 원가 절감에 따른 고객사 경쟁력 강화",B
"기존업체 신규개발시 양산품 문제없는 대응능력으로 개발자가 신뢰할수있도록 관리
신규업체 개발시 요청사항 또는 당사의 기술적 장점 홍보",D
"기술카다로그 제공
기존제품의 성능향상을 위한 제품 제안, 신제품 개발에 참여.
가격 및 납기 등 benefit 제안",C
오랜 비대생산업체와의 거래로 인하여 비대 생산에 들어가는 자재를 파악하고 있는 관계로 인하여 필요 자재 누락 시 고객과 통화하여 필요자재 유무 확인,E
"신규 고객사는 주로 소개나 인터넷을 통해 잠재 고객을 발굴
잠재 고객사와는 전화를 통해 미팅을 주선, 이 때 취급 품목 및 sourcing 가능한 품목 등을 소개",D
"고객의 요청에 대한 정확한 이해.
다양한 조언. ( 기능, 품질, 생산성, 응용성 등 )
품질관리.
납기 준수.",D
"A사, B사
-연구개발실 및 구매 품질부서의 제품관련 요구사항 및 개선점을 수렴 후 보다
 빠른 대응과 기술적 제안을 함으로써 궁금증 및 문제점 해결 
 신뢰할 수 있는 품질과 제품의 안정성을 부각시키며 지속적인 체크하여 고객의 요청에 응답",C
"모델하우스 운영
일간신문 광고 및 보도
당사 홈페이지 활용
분양대행사를 통한 홍보
분양 예정지 인근 주민 대상 회사 카다록 배포
홍보동영상 제작 배포",C
"가격경쟁
공기준수
경제적인설계
최신기술도입",E
"시행사, 재개발/재건축 조합, 민간기업 등 기술제안서를 통한 기술홍보
투자신탁, 시행사 등 사업관련 서비스 선 제공을 통한 사전 영업",E
"고객과의 주기적인 정보 소통
고객 확보를 위한 기술 전문성을 보유하여 기술제안 용역에 참여
감리 자격을 갖춘 인력 확보의 장점 홍보 
평가 심의위원 인맥 확보를 통한 컨소시엄 협력사 우위 확보로 지속적인 거래 유지",D
"회원사의 요청에 따라 영업부와 함께 제품관련 기술세미나를 통해 회원사의 니즈 파악
당사 영업부에서 시행사, 건설사, 설계사무소 등 목표고객에게 정기적인 기술적 장점 홍보",C
"지속적이고 다양한 사회활동 참여
고객 목소리 경청
홍보 및 판촉 활동",A
"브랜드마케팅MBA교육을 통한 고객확보
미행사 세미나를 유지 개발
온라인 채널을 통한 소통",B
"인지도 높은 상품을 소싱하여 기존 고객 이메일 마케팅
유통커뮤니티를 통해 판매 상품에 니즈가 있는 중소유통사들 발굴
트렌드를 분석하여 수입, 상품기획, 상품개발을 통해 기존 판매파트너사의 충성도 고취
유튜브, 인스타그램, 페이스북과 같은 온라인 채널 마케팅
유명브랜드 및 우수한 명절관련 식품, 건강식품 회사들과의 판매 총판 계약으로 명절시즌 판매 집중
신문, 뉴스를 통한 회사 PR",B
"고객 접점에 있는 딜러 마케팅/커뮤니케이션 지원
신제품 설명 온라인/오프라인 교육 
정기적인 권역별 고객 초청 행사
주요 사용자협회/대형고객 행사 지원 
브랜드 마케팅 활동 ",A
"지속적인 연락과 제품 투입 후 나오는 피드백에 대한 대처를 하여 신뢰를 얻는다
신제품이 출시되면 여러 업체와의 미팅 및 협의 사항을 통해 수정하여 고객과 소통한다",C
"외장패널 생산업체와 시공업체를 대상으로 시공방안 기술제안 세미나
기존 고객과의 지속적인 인맥 관리 및 소통확대
방문고객 및 대리점을 통한 카다로그 배포",C
온라인 마케팅과 오프 라인 채널들의 직판영업,D
"국내외 박람회 및 온라인 화상 미팅
코트라 등 해외 무역관 활용, K-방역 국내 대표상품군으로 지속 홍보
한글/영어 회사 및 제품 홍보동영상을 통한 유튜브 마케팅
기존 고객사(애터미,보령제약 등)을 통한 소비자 모니터링
온라인 직영몰을 통한 댓글 등 반응 모니터링",B
"회사 방문을 통한 기계 시연
거래처를 통한 기계 사용 홍보
거래처 방문",E
"설치 정보 현황을 활용하여 현장의 직접 개척영업
보일러본사 및 버너 본사의 AS방문요청
기존 고객의 소개 마케팅을 통한 소개영업
가냉보열 카페와 같은 온라인 채널에서의 상담을 통한 마케팅 등
대기환경보호법/수도권대기환경보호법 발효로 인한 연료전환공사 지원사업 안내 등의 마케팅",B
"공공기관(상수도사업소, 아리수, 수자원공사) 방문 소개(조달제품)
설계사무소에 정기적인 홍보",E
"고객의 NEEDS에 대한 체계적 대응(영업, 개발, 품질)
개발 샘플 납기 준수 및 신기술 세미나를 통한 고객 개발팀 만족 극대화 
납기 단축을 통한 고객 구매팀, 제조 팀 만족 극대화
고객사 수입검사 불합격율 “ZERO化” 고객 품질 팀 만족 극대화",D
"기술 로드맵 제시와 정기적인 기술 및 품질 세미나 실시
고객 개발구매, 연구소 등 인력들에게 신규 과제를 주기적 제시 성과 협업 관리  
제품 기술력, 설계력, 제조 역량(규모)를 고객사들에게 주기적 제시 설명회를 진행 브랜드 각인",B
"기존 거래 업체의 경우 꾸준하게 생산라인 담당 분들과 개선점에 대한 VOC청취하고 다음 장비 공급시에 VOC내용 반영 설계.
현장 CS를 하면서 고객의 니즈를 파악하고, 신규 라인 증설 시 협의 진행함으로써 고객과 소통함.
영업사원 고객사와 정기적인 미팅 ",C
"사업설명회 개최를 통한 대리점 확보
시즌별 이벤트 행사거리를 통해 고객 유치 
오프라인 건강강좌 또는 온라인 건강강좌를 통한 건강기능식품 제안 영업
OEM영업을 통한 시제품 영업
TV광고, 신문광고, 블로그 등 각종 SNS 홍보
파워블로그를 통한 블로그 홍보단 발촉 및 홍보
CSR활동을 통해 기업이미지 재고",A
"경쟁사 보다 경쟁력 있는 가격, 취급품목의 다양화(구색확보), 물류시스템 확보를 통한 꾸준한 영업활동",E
"설계사무소 및 시공 현장의 직접 방문
정기적인 미팅 및 업무 교류회 참여",D
"보도기사 배포를 통한 회사 및 신제품 홍보
유튜브, 인스타그램, 페이스북과 같은 SNS 채널을 통한 고객 소통
제품 연계성 있는 브랜드사와의 콜라보레이션을 통해 잠재고객 확보 
Y존 케어에 관심있는 사람들의 신청을 받아 직접 정보 전달 및 제품사용법 전파(코로나 전)",C
"변화하는 제품에 대한 빠른 정보 전달
업무 외 공통관심사에 대한 대화 및 모임",D
"제조업체와의 긴밀한 협의를 통해 현장의 요구사항 및 애로사항 해결
개별소비자와 개별상담을 통해 소비자의 니즈 충족",D
"SNS를 활용한 제품 홍보
지속적인 광고촬영을 통한 브랜드 노출
납품처에 선제안
전시회를 통한 고객관의 직접 소통",C
"현재 당사가 보유하고 있는 해외 생산 거래선들에 대한 지속적인 홍보활동  
자체 영업조직을 통한 홍보활동
신제품 홍보를 통해 기회 창출",E
"지역 세미나 및 전시회를 통한 제품 홍보 및 활용가능 DB 확보, 대면 컨설팅 진행
각종 MOU를 통한 학교와의 연계활동. 소프트웨어 사용확대를 위한 인재양성 프로젝트 진행 및 프로그램 제공을 통한 교육과정 지원
구매 고객에게 정기적인 연락을 통해 불편사항, 요구사항 등 고객의 니즈 파악
판매 총판, 대리점과의 지속적인 교류 및 영업 전략 공유",A
"철저한 계약관리를 통한 만족도 상승
보험금 지급시 최선의 서비스와 신속성, 정확성
대면방문 및 전화 등의 유선을 통한 고객의 상황을 기록관리
본사로부터 제공되는 켐페인 용품 전달 등으로 신뢰 구축",C
취급하고 있는 건축마감재에 정체되어 있는 감각이 아니라 우리 생활 기반에 모든 적합하고 공통적 관심사 및 참여가 되고 있는 실체적 영업 접근 방식을 추진,E
"고객의 요청에 따라 프로젝트 별 시방서 및 친환경 인증관련 법규를
사전 검토하여, 제공되는 서비스의 종류와 금액을 필수 와 선택으로 구분하여 제공함.
프로젝트별 인증서비스의 등급 및 그에 따른 비용 및 공사비의 증감을 
사전 예측가능토록 하여 시간 및 불필요한 재시공등을 최소화 함.
LCC분석프로그램의 경우는 기 반입한 공공기관의 도움을 받아,
입소문 마케팅 및 잠재고객의 테스팅 베드로서 활용도 하고 있음
SNS 나 전문 뉴스 채널을 통한 회사 PR",C
"당사 제품을 이용하고 있는 고객을 정기 방문하여 최신 트렌드에 맞는 제품의 업그레이드 상황을 알려줌으로써 추가 도입의 필요성 인식
당사 제품을 이용하고 있는 고객의 성공 사례를 중심으로 설명회를 개최함으로써 자연스럽게 제품의 필요성에 대한 인식 제고",C
"건설사 및 고객 대면 영업
온라인을 통한 정보 제공에 따른 소비자 니즈 반영 등 마케팅",D
사이트를 이용한 제품 응대 QA(Quality Assurance) 대응,E
"직접 방문을 통한 기존 고객 관계 유지
유투브, 인스타그램, 네이버블로그를 통한 온라인 마케팅
건축관련 단체 후원
건축 박람회 참가",A
제품 정비 사용설명 회사이벤트 차량관리 등 유튜브채널이나 SNS를 통해 전달하고 있습니다.,C
"고객사 품질 인증을 받기 위한 인증 실시
고객사의 파견 인원이 당사에 상주함으로써 소통 채널의 상시 오픈
신규 고객 발굴을 위한 영업 제안",C
"지속적인 거래처 본사 및 현장 영업(기술자료, VE등)
견학, 기술세미나 및 MOCK-UP",C
"본사 홈페이지 운영을 통해 고객의 목소리를 충실히 듣고 실행.
주별, 월별, 주년 등 다양한 행사를 통해 집객을 위해 노력.
슈퍼마켓특성상 고객확보를 위한 가장 중요한 요소는 상품의 품질을 최대한 좋게 유지하는 것.
물류영업사원이 회원사를 확보하기 위해 직접 방문하여 점주들의 목소리를 경청",B
"본사 홈페이지 운영을 통해 고객의 목소리를 충실히 듣고 실행.
주별, 월별, 주년 등 다양한 행사를 통해 집객을 위해 노력.
슈퍼마켓특성상 고객확보를 위한 가장 중요한 요소는 상품의 품질을 최대한 좋게 유지하는 것.
물류영업사원이 회원사를 확보하기 위해 직접 방문하여 점주들의 목소리를 경청",B
"단일부서에 그치지않고 설계, 개발, 시작, 생산, 등 전부문에걸친 부서와의 원활한 소통으로 문제점 사전 파악 및 신속 대응
시트 설계단계부터 생산라인 금형 맞춤까지 고려한 맞춤 개발 대응",C
"목표고객과의 사업 및 시공 관련 PT 및 영업회의, 현설을 통해 고객의 니즈 파악과 당사 홍보
신문, 뉴스를 통한 회사 PR
영업 담당 부서 및 현장 소장 등이 공공발주처, 고객사, 대학교 교수 등 영업",C
"고객요구사항 신속처리/고객만족도 조사
고객과의 주기적 기술상담회",C
"매체홍보
품질관리/서비스
브랜드관리",E
"통화 방문
새로운 장비 소개",E
"고객사 신뢰를 위한 IT 기술력 확보하여 고객과의 기술적 소통
새로운 기술에 대한 빠를 이해를 통해 자사 아이템의 필요성 제시
전문 기술 지원 인력 확보를 통한 기술적 신뢰 생성",E
"On/Off Line 활용
수시 순회방문 정보 공유 및 상담
새로운 정보와 소식 적시 제공 및 접수
시즌별 발주/수주/배송/결제",B
"제조업의 가치실현은 고객확보전에 품질부터가 중요하다고 생각하기에, 전자제품의 특성상 안전성과도 매우 밀접한 관련이 있으므로 제품사용에 앞서 고객안전을 우선시 하고있습니다. 사후 문의에 총력을 기울여 고객들의 목소리를 경청하고 있으며, 빠른 문제점 파악과 사후대처를 명확히하여 소비자만족에 의거하여 타사대비 발빠른 대응을 하며 소통중입니다.",C
"판매채널과 연기금 등을 정기적으로 방문하여 상품(펀드)등에 대한 니즈를 파악하여 선제적으로 상품을 제안
연 기금 등의 자금계획 및 배분에 의거 상품(펀드) 제안 요청 시 제안서 등을 작성 및 제출
고객을 위한 맞춤형 세미나(웨비나) 및 설명회 개최
경제환경, 대외변수 등의 전망 및 분석자료를 정기적으로 고객에게 제공",B
정기적인 교류 및 특별행사나 교육참여 및 프로젝트공유 등 지속적인 파트너 관계를 형성한다,C
"높은 기술력 홍보
고객과의 오랜 신뢰와 협조 관계 구축
가장 신속한 업무처리 홍보
신문을 통한 회사 홍보
외부 심의 및 자문 활동 
지인의 소개를 통한 고객 확보",D
"당사 품질 관리부에서 타일시공 현장의 직접적인 방문을 통하여 시공 후의 접착강도, 압축 강도 등을 측정해 줌으로써 소비자의 불안감을 해소해주고 자사 제품의 품질 우위를 제안함으로써 지속적인 고객 확보 영업.
당사 영업부에서 각 대리점의 지속적인 방문을 통한 신제품 홍보 및 품질, 빠른 배송 등의 당사 장점 홍보",C
"기존 고객에 SW품질 및 신기술 제공으로 검증을 통한 고객 확보
영업팀에서 고객에게 기술제안 및 안내를 통한 제안 영업",E
"고객만족가치 창출로 고객사의 파트너쉽 관계사의 제안 및 시제품 무료 사용 등 제품홍보 
회원사와 정기적으로 신기술 동향 및 산업분야의 신기술 적용 사례 등의 정보 공유를 통하여 기존고객 만족의 서비스 제공 및 신기술 적용 제안",D
"기존제품과의 가격 경쟁력 및 기술
고객이 원하는 제품 개발 및 수배",E
"IMC전략을 통한 강력한 브랜드 마케팅
정부정책기관과의 연계를 통한 마케팅(기관출연 자금을 통한 MOU)
각종 금융상품(여신, 수신) 맞춤기획 및 목표고객에 대한 SMS, 우편 마케팅
신문, 뉴스를 통한 회사 PR",C
"타사 모델하우스 견학을 통한 업계 흐름 파악
주택분양팀 및 홍보팀을 통한 회사 PR ",E
고객의 요청에 따라 당사 영업부와 목표고객과의 제품관련 기술세미나를 통해 고객의 니즈 파악,D
"고객 생애 가치를 극대화하기 위하여 음용류 급식에 집중
유통 채널 : 온, 오프라인(이마트 등 대형마트, 온라인 유통채널)에 서울우유 직원 담당을 따로 두어 해당 바이어에게 제품 홍보
일반 채널 : 서울우유 고객센터(대리점)의 할당구역 홍보 및 입점",E
"분양대행사의 분양 시 고객의 니즈 파악 후 설계반영
신문, 뉴스를 통한 회사 PR
홈페이지를 통한 고객과 소통",C
"고객의 요청시
고객과의 지속적인 소통, 관리
식사나 운동으로 고객 확보",E
"시스템 벤더사 (IBM/HP등)를 통한 고객문의 대응
자사 홈페이지 등 온라인 채널 및 관계협력업체를 통한 문의 및 대응 
지방 상공회의소나 공단 등 연계한 지방로드쇼 (기술세미나/고객성공사례 발표회)",B
고객의 요청을 정확하게 파악하여 고객목표에 일치하고 고객과의 협의,E
"고객의 요청에 따라 당사 영업부와 목표고객과의 제품관련 기술세미나를 통해 고객의 니즈 파악
당사 영업부에서 건설사를 상대로 신제품 설명회, 공장 방문 등을 통해 관계 강화
당사 영업부에서 시행사, 건설사, 설계사무소 등 목표고객에게 정기적인 기술적 장점 홍보
유튜브, 인스타그램, 페이스북과 같은 온라인 채널 마케팅
욕실관련 이벤트 행사를 통한 고객 목소리 경청
신문, 뉴스를 통한 회사 PR",B
"고객의 요청에 따라 당사 영업부와 목표고객과의 제품관련 기술세미나를 통해 고객의 니즈 파악
당사 영업부에서 건설사를 상대로 신제품 설명회, 공장 방문 등을 통해 관계 강화
당사 영업부에서 시행사, 건설사, 설계사무소 등 목표고객에게 정기적인 기술적 장점 홍보
유튜브, 인스타그램, 페이스북과 같은 온라인 채널 마케팅
욕실관련 이벤트 행사를 통한 고객 목소리 경청
신문, 뉴스를 통한 회사 PR",B
"고객의 요청에 따라 당사 영업부와 목표고객과의 제품관련 기술세미나를 통해 고객의 니즈 파악
당사 영업부에서 건설사를 상대로 신제품 설명회, 공장 방문 등을 통해 관계 강화
당사 영업부에서 시행사, 건설사, 설계사무소 등 목표고객에게 정기적인 기술적 장점 홍보
유튜브, 인스타그램, 페이스북과 같은 온라인 채널 마케팅
욕실관련 이벤트 행사를 통한 고객 목소리 경청
신문, 뉴스를 통한 회사 PR",B
"고객이 필요로 하는 정보 및 제품의 신속한 공급
질 좋은 서비스 제공으로 고객 만족 및 신뢰 구축
고객에 대한 세심한 배려와 관심",E
"25년의 축적된 기술과 노하우로 장기적 거래
기기관리, 신곡관리, 소모품 관리로 업체와의 신뢰를 바탕으로 한 소통 능력
지역 협회 모임에 적극 참여하여 홍보
수시 방문을 통한 기술적 문제 해결을 통한 신뢰 구축",C
"시장조사를 통한 고객 니즈에 따라 신규아이템 개발
1인수요자을 위한 디자인 및 최적화된 솔루션 제공
인지도 있는 수요자 납기를 통한 높은 신뢰도 형성",E
"고객의 요청에 따른 납기 100%, 품질 0%를 달성하기 위한 공정 개선
자공정 완결을 통한 낭비제거
기본을 지키기 위한 표준화",E
고객의 만족도와 신뢰,E
"수입가구 및 국내가구 제품 홍보를 위한 전시장 PR
재건축, 재개발조합등의 목표고객에게 고품질, 고기술 장점 홍보",D
"타켓고객을 방문하여 당사 브로슈어를 통한 홍보
온라인 매체를 통한 홍보
초기고객 요구에 대한 제안서를 작성하여 프리젠테이션을 통한 고객 소통
현상공모 등 경쟁에 참여하여 수주",C
"정부 R&D 공동 수행을 통한 시스템 구축 
정부의 규제에 대한 홍보, 세미나를 통한 산업체 지원",D
고객 담당자 목표고객에게 제안 영업,E
"기존 욕실 시공 방식과 비교하여 시스템 욕실이 가지고 있는 뛰어난 품질과 공기 단축, 하자 처리 강점을 시행사 및 건설사 제안.
욕실의 경량화, 표준화, 규격화를 통한 빠른 시공성 홍보",E
"고객의 니즈에 적합한 솔루션(교육 컨텐츠) 제안 및 실행
글로벌 스탠다드 콘텐츠의 차별화 요소 적극 홍보
Performance 창출을 주 목적으로 한 Technology 홍보",D
"외부감사의 경우 기존 네트웍의 지속적 유지 및 확대
재무 및 세무자문의 경우 전문화된 서비스에 대한 제안 설명 및 솔루션 제시
감사서비스의 광고, 홍보활동 등은 금지되며, 감사고객에 대한 접대 모두 금지됨",E
"고객 요청에 따라 콘텐츠 맞춤제작, 제품설명 동영상 제작
경쟁사 대비 높은 콘텐츠 퀄리티 제공
대리점에게 목표고객에 대한 영업 제안",D
"개발사 특성상 고객과의 신뢰 및 기술력이 가장 중요한 소통이며, 기술에대한 신뢰를 기반으로 고객과의 믿음이 가장 중요한 포인트라 생각합니다.",E
"기존 고객의 건축관련 니즈와 각종 문의에 전반에 적극적인 대응
경쟁사 대비 우수 인력 보유와 우수 기술력 보유를 시장과 학계에 어필
(각종 업계 저널에 광고 게재, 각 대학 건축학과의 교수 및 학생들과 릴레이션 유지,
학생건축상 운영, 건축협회에 문화적 행사 참여 및 주도적 문화사업 운영)",D
"제품 특성상 최종 사용자의 다양하고 독특한 요구를 맞출 수 있도록 다양한 방법을 통해 상품, 시공방법 제시",D
"신제품 출시에 맞춰 고객에게 제품 사양을 송부하여 제품 구매 유도
고객이 기존 기성 제품으로 안되는 설비에 대해 특수 제작하여 고객에게 맞춤 영업 
지인을 통한 고객 소개",D
"당사는 각 사이트 별로 샘플설치 영업을 우선하고 그 샘플을 고객이 사용해 보게끔 해서 고객이 느끼는 만족도에 의해 교육청 예산 등이 반영되게 하고, 이후 제품 구매로 이어지게 하는 전략 등을 병행하고 있음. 추가로 당사 제품이 납품된 사이트는 해피콜 방문 등을 통해 사용 후기에 대한 고객의 목소리를 들어보고 단점 등을 보완해 주고 다음 판매 제품에 단점을 보완해서 출고되게 함의 으로써 고객의 만족도를 높여가고 있음.  
이외 대리점들이 BtoB 중심으로 고객을 방문해서 고객들과 소통하고 있으며 기타 언론 매체 등을 통한 홍보를 통해 새로운 제품을 알리고 있음.",B
"고객의 요청에 따라 목표고객과의 신제품 개발관련 기술협의를 통해 고객의 니즈 파악
기존 주방, 욕실 시공 방식 대비 고객불만 해소를 위한 품질개선과 하자 처리등 강점을 건설사, 대리점등 주요고객에게 지속적으로 안내, 협의하며 소통의 기회를 갖음
신규 제품 개발시 방문 또는 이메일로 홍보 활동 전개",C
"끊임없는 연구와 노력을 통해 국내 최고 전문업체로의 위상을 유지
공식 홈페이지, 블로그, 유투브를 통한 소통
언론매체를 통한 홍보활동
영업부를 통한 신규 고객사 발굴 
꾸준한 Follow up 및 A/S 를 통한 기존 고객사 관리 및 유지",C
