고객세그먼트,label
"현대건설, 지에스건설 등 건설사
LH공사, SH공사, 지방 도시공사와 같은 시행사
토지주",A
"전자부품MLCC(Multi Layer Ceramic Condenser)제조사
반도체 패키지용 인쇄회로기판 제조사
전장용, 5G 통신용 및 네트워크용 인쇄회로기판 제조사
반도체 제조사",A
"주거용 건물 건축주(입주자아파트 등)
건설부문 외주 및 자재 생산업체(단종업체) 
관공서 발주처(한국토지공사, 해양수산부, 지자체 등)",B
"관공서(행정기관)석면사업부(조사, 감리, 측정)
제조업(대기업)작업환경측정사업부",B
"건설사, 시행사, 설계사무소
도소매 유통업체
건축주
LH공사, SH공사, 지방 관공서",C
"건설사, 레미콘사, 아스콘사, 콘크리트 2차 제품(PC 외)",C
"국내 1군 10개 건설사 협력사 등록
100대 건설사
시스템욕실 업체
토탈홈인테리어 업체",A
"건설사, 시행사
제조업 기반 설비를 필요로 하는 회사
고가 장비를 필요로 하는 병원
기타 소매 대출 수요자 등(신용대출, 자동차 할부 및 리스 등)",C
"건설사
설비회사",D
"자동차사(폭스바겐, 르노삼성, 현대, 기아 등), 렌터카 회사(SK렌터카, 롯데 렌터카 등)  캐피탈 회사(현대 캐피탈 등)
일반 기업, 자동차 용품 대리점
홈쇼핑 업체(GS, 현대, 롯데 등), 쇼핑몰 업체(11번가, G마켓 등)
일반 소비자, 해외 바이어",C
"전자제품 제조사
전자제품 S/W 개발사
전자부품 대리점, 전자부품 유통사",C
"건설사, 시행사
설비회사
리모델링을 원하는 주부나 가장
건축주",D
"학교급식실 영양사
친환경급식센터
식품제조회사 
반찬프랜차이즈
온라인쇼핑 주부",D
"신규사업으로 삼성디스플레이, 미국 Qualcom등에 영업 진행하고 있음. ",B
"Off line상: 대규모 특판(선물구매) 거래 업체 : 제조 직군이 많은 업체 , 봉사활동을 많이 하는 단체(라이온스, 로타리 클럽 등) 대규모 종교단체 영락교회, 영동교회
online상: 전자상거래상 매출 위주 : 기존의 상거래 망을 유지하면서, 향후 나라장터에 제품 공급",D
"중소기업/매출액 100억이하(여신금지,제한업종 제외)",D
"전세계 모든 기업
IMG Media는 현재 올림픽 등 주요 방송 제작을 맡아오고 있으며, 골프, 테니스, UFC 등 스포츠분야, 라이센스, 아카데미 등 부서에서는 다양한 후원사들과 연계되어 업무를 진행하고 있습니다.
선수
유망가능성이 있는 선수를 육성하고 있으며,
나달, 정현, 펑샨샨, 아리야&모리야 주타누칸 등 유명 선수들을 관리합니다. ",B
"수지, 페인트/도료, 점/접착제, 잉크, 우레탄 제조 업체",C
"건축자재 특히 타일 도,소매점",D
"발전소 건설회사
발전소를 운영하고 있는 발전자회사 (동서, 남동, 서부, 남부, 중부발전 등)
보일러를 운영중인 산업단지 Utility 회사
선박 신조 및 개조 회사",B
"음향,영상을 필요로 하는 수요처로서 모든 지자체와 정부기관
공공건축물을 비롯한 모든 건설현장에서 기전팀을 포함한 건설사
방송장비를 필요로 하는 전기공사업체 및  통신공사업체
음향, 영상장비를 필요로 하는 모든 종교시설",C
주택 소유 사업자,D
"현대모비스 인천사업소내 부품 창고 물류 대행
현대차, 기아차, 인천 광역시권 A/S 부품 공급망 부품 공급(부품대리점, 전문점, 판촉점 등)",C
"종합건설사, 전문건설사, 유통사",C
"대형 건설사
호텔 및 레저시설 인테리어 디자인사
LH/SH공사
해외 수입상
아마존을 포함한 이커머스를 통한 B2C 시장",B
"음식 섭취가 가능한 전국민 모두
인테리어 시공사
신규창업 예정자(정년퇴직 및 이직예정자)
육가공 및 소스류 제조업체
포장지 생산업체
배송전문 업체
점포개발 전문가
광고홍보 업체",B
"매월 정기적인 판매가 가능한 기업
부정기적인 대량물량, 시즌에 물량이 집중되는 것은 바람직하지 않음 
지역별, 상권별 우량 점포
자본력, 점포 규모, 판매력, 마케팅 능력 등을 보유
캠핑을 취미로 프리미엄 캠핑 브랜드를 이용하고자 하는 해비 유저
당사의 강점은 고품질, 브랜드 파워, 디자인, 고객 소통 능력 등",B
"종합건설사 (진흥기업, 효성중공업, 신한종합건설, 씨티건설 외)
가구회사 (한샘, 리바트, 우아미가구, 리버스 등)
인테리어회사
LH, SH 등 관공서",B
각종 제조업 공장,D
"국공립 미술관, 박물관
사립 미술관
고급 호텔 및 주거의 시공사 및 발주처
해외 브랜드, 건축가, 조명디자이너, 인테리어 디자이너, 공간 디자이너, 전시 기획자 등등.",C
"(차량 구매를 목적으로 하는) 일반 고객
(차량 구매를 목적으로 하는) 개인 고객
(차량 구매를 목적으로 하는) 법인 고객",D
"친환경 주방용품, 욕실용품, 테이블웨어에 관심이 있는 40대 주부
친환경 키워드에 관심이 있는 20~30대 미혼 여성(주로 비건 식단 추구 또는 페미니즘 성향)
건강에 관심이 있는 50~60대 중장년층 여성",D
"건설사, 시공사, 건물 건축주",C
"설계사무소, 주거용 건물 건축주
리모델링을 원하는 주부나 가장
회사,공장등 리모델링이나 인테리어를 원하는 회사
공공기관",C
"공공기관 / 기업
 : 개인정보보호법 (제9조 접근권한, 인증 및 계정관리 / 제11조 접근통제, 네트워크 및 DB관련)
 : 위 법규를 만족해야하는 모든 공공기관, 기업 대상
금융기관
 : 제9조3항(전산자료 보호대책), 제11조8항(해킹 방지대책), 제13조3항(홈페이지 등 공개용 서버 관리 대책)을 만족해야되는 모든 금융기관",B
"폐기물배출 사업장과 스팀 수용가
당사는 가연성폐기물을 받아 소각하고 스팀을 생산하여 공급하는 신재생에너지 업체임
가연성폐기물을 반입하면서 처리비를 받고 스팀을 생산하여 공급함. 인근에 있는 엘지전자로부터 폐합성수지를 받고 있으며 동계약이 지속되는 것을 목표로 함. 또한 스팀수용가는 스팀관로를 통해 연결되어 있으며 최대한 가동율을 높여 많은 스팀을 판매하는 것을 목표로 함",C
"피부고민이 있는 일반 소비자
H&B 스토어 사업자 (올리브영, 롭스 등)
홈쇼핑사(현대, GS, CJ, 롯데 등)
이커머스사(쿠팡, 마켓컬리, 스타일쉐어 등)",B
"가구(소파) 구매자
30, 40대 여성",D
"재개발 사업의 조합원 및 조합장
신탁사회사
1군건설회사",A
완성차 보수용부품 유통점,E
건설사.시행사.신탁사,D
"이태리, 중국, 한국등 다양한 생산지를 활용 남녀노소 젊은 층과 중장년 층 다양한 소비자를 위한 가격범위를 넓히고 명품 고급소재를 적극적으로 활용하여 최고의 품질을 선보이고자 하고 있음. 
향 후 스포티한 스타일을 개발하여  골프, 등산등 운동시 착용할 수 있는 상품을 생산하여 고객층을 더 넓히고자 함.",D
"백화점, 면세점, 홈쇼핑을 이용하는 명품과 디자인을 중요시하는 전고객층",D
"자동차 제조회사(현재
타이어(한국,금호,넥센)
금융관련(삼성카드, KB카드, 신한은행 등…)
썬팅필름기업(루마, 3M, 티나인 등..)
자동차보험 관련 기업 (삼성화재, KB손해보험, DB손해보험, 현대해상 등..)",C
"금융을 필요로 하는 모든 기업
정부기관, 공공기관
소호기업
개인",A
"예비창업자, 창업기업, 업력 7년 이상 기업 등 대부분의 중소기업이 대상임.
현재 보유 기업 중 제조업 70%, 도.소매업 20%,기타기술서비스업 10%",B
사무직 근무인원기준 100~500인 기업 ,B
"우량고객(자산 또는 재력, 직업 또는 업종, 신용도 등 우수한 고객)",A
"자동차 제조업체
배터리 제조업체 
반도체 업체
의료기기 업체
열 에너지 기반의 전기제품 제조업체 ",B
"삼성, 현대차, SK, 롯데, LG 등의 대기업 계열사",B
"OEM 전기차(자동차) 회사 (G사(대외비), Lucid, ARRIVAL 등)
일본 OEM 자동차 회사 (일본은 내수시장 활성화 방침으로 자국 기업을 통한 부품조달 구조임, 진입장벽이 매우 큼)",C
"개인 및 자영업자, 소상공인 CFO
기업체 및 공공기관 단체",A
지속적인 거래확대를 통한 수익창출과 파트너쉽 확보가 가능한 고객,A
"Cnc가공정밀회사(경우정밀, 한국기공, 대성풀리)
산업기계, 부품가공회사(아신기계)
반도체장비회사(준테크코리아)
자동설비회사(세림워터테크)
공단지역정밀회사",B
"발주사 및 당사 아파트에 입주하는 입주민
- 해외공공기관 및 민간기업
- 공공기관 및 민간기업
- 주택(입주민)",B
쥬얼리 상품 구입자,C
"보험사(생명보험, 손해보험)
병원
그 외 보험대상자",C
"백화점, 대형마트
물류회사
유통센터",C
"보험을 필요로 하는 미성년자가 아닌 성인 남녀, 외국인",D
"자동차, 핸드폰 부품기업
신소재 및 반도체 부품기업
세라믹 연구소 및 국책연구소
방산관련 기업
항공 우주 관련기업",B
"건설관련 업체 : 건설사, 설계사무소, 시행사",C
"구매팀, 자재팀
고층빌딩 리모델링 시공사 및 시행사
아파트 베란다 확장공사를 추진중인 단체
당사 제품의 기술과 가치를 이해하고 고객을 발굴",C
"한국토지주택공사
각 건설부분 건설사
설비회사
욕실용품 대리점",B
"KT클라우드
현대 모비스
현대 엘리베이터
기아차
공공기관
건설사",B
"공항시설 (인천국제공항공사, 한국공항공사)
철도시설 (한국철도시설공단)
한국항공우주산업(KAI)
공공기관 (국토부, 한국자산관리공사, 지자체 등)
건설사",B
"고객(일반)
이동통신사, 신용카드사, 포인트제휴사
시행사, 시공사, 토지주, 건물 건축주, 임차인
문화콘텐츠 제작사, 종편채널",C
"1군 건설사
실내건축 업체
설계사무소",B
"건설사, 시공사 및 산업용 에폭시 재료 사용 업체
에폭시 관련자재 OEM, ODM
건재상 및 대리점",C
"건설사, 시공사 및 산업용 에폭시 재료 사용 업체
에폭시 관련자재 OEM, ODM
건재상 및 대리점",C
"건설사
설계사무소
건축주",C
"부품업체
차량업체
부동산
통신사",D
"면세점
백화점
대형마트
온라인 스토어를 통한 직접구매자
화장품 제조업체 및 패키징(부자재업체)",B
"스마트폰,테블릿PC 이용자
온라인 쇼핑을 통해 생필품 구입하는 개인 이용자
이커머스 플랫폼 사업자
오프라인 판매/유통업자",B
"설계사무소,설비회사,식품회사,조달(종합쇼핑몰),관공소
냉동창고, 냉동기 필요 업종
에너지절감을 필요로 하는 수요처",C
"건설회사 또는 재건축재개발조합 --- 건설회사의 경우, 공사대금청구 하자보수소송 하도급 계약 위반 등 소송의 난이도가 높은 방면에 선임료나 성공보수 높음 재건축재개발조합의 경우, 2-3년 지속적으로 법률자문 및 명도소송, 조합지위확인 소송 등 법률문제 발생
형사사건의 피고인 --- 짧은 소송수행기간에 비해 높은 선임료를 받을 수 있음",B
"건설사, 토지주, 시행사
재건축조합관계자
생활 공간의 질을 높이고자 하는 가장
업무의 효율성을 높이는 공간 창출을 원하는 기업대표",B
"중소.중견 제조업체(자동차,전자업종)를 중심으로 스마트공장 솔루션을 보급하는 회사입니다.
저희 회사는 특정 회사가 있는 것이 아니라 국내 및 전세계 중소.중견 제조기업을 대상으로 스마트공장솔루션이 필요한 모든 중소.중견 제조기업이 고객입니다.",C
"건설사
증권사
시스템 관리 및 운영사
공공기관
에너지 저장장치 제조사
열병합발전소
수입자동차 딜러사",B
"레미콘, 아스콘 운영회사.
 건설회사.
 정부공사-도로, 공항, 공공건물수행 업체",B
"정부의 정책자금을 이용한 급식관계자.
학교, 어린이집, 유치원, 일반고객 
학교장, 어린이집원장님, 유치원장님, 학부모운영위원회, 일반소비자",B
"저희 회사는 기본적으로 공공발주사업을 목표로 하고 있으며, 부수적으로는 건설사나 토지주를 고객으로 모시는 목표를 지향하고있습니다.",C
"개인고객
기업고객
WM고객
글로벌기업 및 고객",A
"관공사 (입찰관련 포함)
여성기업 우선 선정 관공사
임직원의 인백",B
"토지주, 시행사",C
"건설관련 회사 (설계사무소, 시행사)
공공기관 (한국토지주택공사, 서울주택도시공사, 지방주택도시공사)
부동산중개업소, 주택공급 희망 고객
건설관련 회사 (설계사무소, 시행사)
공공기관 (한국토지주택공사, 서울주택도시공사, 지방주택도시공사)
부동산중개업소, 주택공급 희망 고객
건설관련 회사 (설계사무소, 시행사)
공공기관 (한국토지주택공사, 서울주택도시공사, 지방주택도시공사)
부동산중개업소, 주택공급 희망 고객
건설관련 회사 (설계사무소, 시행사)
공공기관 (한국토지주택공사, 서울주택도시공사, 지방주택도시공사)
부동산중개업소, 주택공급 희망 고객",A
"시행사, 관공서",C
"건설 관련업체 : 건설사 
공공기관 : 국방부, 도로공사, LH, 지방자치단체
도시정비업체 및 재건축조합
",B
"당사의 일반적인 고객은
 - 국내외 철강재 유통사 및 코일센터(포스코인터내셔널, 세운비앤씨, 유진철강 등)
 - 국내외 자동차사(현대기아, 쌍용, 한국지엠, 르노삼성, 도요타, VW, BMW 등)
 - 국내외 가전사(삼성/LG전자 등)
 - 국내외 조선사(현대/삼성중공업, 대우조선해양 등) 및 풍력/플랜트 등 에너지사 등 이나, 그 중 강건재 비즈니스 분야에 있어서 주요 목표고객은
 - 컬러강판 제조사(포스코강판, 비엔스틸라 등)
 - 주요 건설사/시공사, 설계사무소(포스코건설, SK건설, 더시스템랩, 씨에이플랜 등)
- 모듈러 주택 부품/제조/시공사(비엔비아이피, 스타코, 인페쏘 등)임.",A
"(차량 구매를 목적으로 하는) 일반 고객
(차량 구매를 목적으로 하는) 개인 고객
(차량 구매를 목적으로 하는) 법인 고객",D
도소매업(건설사납품),D
"일반적인 고객은 개인 고객이 대부분이며, 시행사도 대표 고객입니다.",D
"지방자치단체(관공서)
건설사
교육청
한국전력공사,한국토지주택공사,한국가스공사,한국도로공사,한국철도공사",C
"지방자치단체(관공서)
국방부
한국전력공사, 한국토지주택공사, 한국가스공사, 한국도로공사, 한국철도공사",B
"건설사
지방자치단체(관공서)
국방부
한국전력공사, 한국토지주택공사, 한국가스공사, 한국도로공사, 한국철도공사",B
"관공서
각 학교 및 보건소",D
커피 수요 인원 및 체인점 가입 업주,B
"공공, 제조, 금융, 교육, 건설, 유통/운송, 의료, 호텔",A
일반 자동화가 필요한회사 디스플레이 및 반도체(삼성전자),C
"난방/온수/취사/열원 등 목적으로 도시가스를 소비하는 가정, 영업점, 산업체 등
 열병합발전, 복합발전 등 발전소
 연료전지 업체
 천연가스버스 등",B
"불특정 다수 
모든 일반인",E
"완성차(GM북미, GM 코리아), 1차 협력사(현대 모비스, TRANSYS)등",C
"10대건설사 (삼성건설, SK건설, GS건설 등.)
시행사 LH, 수자원공사등",B
"삼성전자, 아메리칸스탠다드, 대림바스, 케림, 웰릭스렌탈㈜, CS렌탈",B
"전자제품 및 반도체 제조사. 
전자부품 테스트 관련사.",D
"관공서
지자체
가정 및 요식업체
오프라인 매장 방문고객",D
산업용포장재를 필요로 하는 기업,C
"1.	부품 사업 : 정수기, 비데, 화장실 관련 완제품 업체
2.	일반 소비자 : 온수",C
"자동차, 부품 회사 (현대자동차, 현대모비스, 쌍용자동차, 아우디코리아, 볼보트럭, 모토텍, 두코, 성창오토텍)
케이블 방송, 잡지 회사 (YTN, KBSN, MBC+, JTBC, 실버Itv, 대학내일)
대학원 (서울대ACPMP)
반도체, 화학, 핀테크 회사 (솔브레인, 동진쎄미캠, 아톤)
건설관련 회사 (신아, 명가엔지니어링, KD건설, 프라임하우징, 슈프림종합건설, 제트콘코리아, 삼광산업)
협회, 조합, 중앙회, 공단 (KCTA한국케이블TV협회, 한국원심력콘크리트공업협동조합, 안전실천시민연합회, 환경보전협회, 한국광고주협회, 중소기업중앙회, 에너지관리공단)
벽지 회사 (개나리벽지)
인력 공급 회사 (유니에스, 오행종합개발)
금융 회사 (신한금융투자증권)",C
"일반 주택구입자
상가 구입자",D
"건설사, 시행사, 지주, 설계사무소, 주택소유자, 주택공사 외
건축주, 각 단종회사(설비, 전기, 통신, 토목 외)
주거, 상가 외 사용되는 자재(레미콘, 철근, 시멘트, 설비자재, 전기자재 외)
기타 모든 건설에 해당하는 모든 사업체",C
"자신만의 차별화 된 제품 또는 서비스로 사업을 하시는 사업주
신규 브랜드 런칭하고자 하시는 분들
자신의 제품의 외형을 권리화 하여 보호받고 싶어하시는 분들
외부 투자 또는 정부지원사업을 통한 자본화가 필요하신 분들
기술 담보 대출, 벤처기업 인증 등 각종 정부 부처의 인증이 필요하신 분들
매출이 많거나 적어 세무적으로 고민이 있으신 분들",C
"화학회사(석유화학회사, 유체이송관련사)
2차전기 관련회사(음극제, 양극제, 분리막 제조사)
폐기물 처리회사(폐기물 처리, 오염수 정제회사)
식품회사, 화장품회사",C
"전장용품, 멀티미디어, 산업용기기, 가전제품, 의료기기 등에 부품으로 사용되는 인쇄회로기판을 제조하여 납품함. ",C
"대한민국 국민
롯데 육가공과 같은 브랜드 육가공 업체",C
대기환경보전법 제 39조에 의거 대기 자가측정 혹은 자가측정 대행의 의무가 있는 모든 사업장,B
"제철, 제강회사",D
"축산업자(양축가)
동물병원
축산업협동조합",B
"한우사육농가, 사료회사",C
화학물질을 사용하는 기업체,E
"주고객 : 주택건설업 회원사
잠재고객 : 주택건설업 비회원사
넓은 의미의 고객 : 국민, 정부, 국회, 유관기관 등",A
"건물주나 부동산에 관심이 많은 일반인
임대차를 계약을 위한 소상공인",C
"현대건설, 삼성물산을 신규 목표로 하고 있음",C
"미용 관련업 종사자
미용대학 재학 및 관련자",C
"산업용 장비 제조업체
화학분석기 제조업체
환경분석기 제조업체
전기, 전자, 통신, 화학, 건설 등 산업전반에 사용하는 고기능, 고품질의 각종 금속외함 및 케이스를 필요로 하는 곳",C
"PP 백, 벌크 백, 컨테이너 백 등 사용 국내외, 회사
석유화학업체(한화, 한화토탈, 롯데케미컬, LG화학, SK 등)
건설업체(토목공사 등)
관공서(농협, 재활용업체 등)
일본, 베트남, 미국, 인도(시멘트, 곡물, 폐기물 업체 등)",B
"관공서 (나라장터 수주관련), 
건설회사
설비회사
자동차 제조사
건축 및 토목자재 제조사",C
"일반 개인고객
건물 시설 관리자
리모델링 시설업자
설비업자",D
"자동차 오너, 건설사, 시행사, 분양대행사, 아파트 모델하우스 방문 고객",C
"건설사, 철강유통회사, PC회사, 철근가공회사
철강재 가공회사",C
"1. 자동차 부품회사 (LG화학, LG이노텍, SK이노베이션 등)
2. 태양광인버터, ESS 제조사 (LS산전, 다쓰테크, 금비전자, 윌링스, OCI 등)
3. 온라인으로 샴푸 및 건강기능식품을 구입하고자 하는 소비자",A
"대한민국 반려인중 소득, 생활수준 상위 5% 이내 
광역시 이상 소재지 > 프리미엄펫샵 소매인",D
"건설사
시행사
건축자재유통점
인테리어업체",C
"건물을 팔려고 하는 매도인 
건물을 사려고하는 매수자(병원원장. 법인대표. 건물주 등)
부동산창업을 하려고 하는 예비창업자",C
"건설회사, 설계사무소
시행사(건축주)
국가 및 지방단체(관급공사: LH, SH, KH 외 정부 발주 공사)
아파트 입주자대표회의
금융회사(국민은행, 기업은행, 농협 등)",B
"신혼부부, 새집으로 이사갈 예정인 가정
각종 인터넷 쇼핑몰(CJ, 롯데, 쿠팡 등)
방송사 및 영화제작사",C
공공기관 및 민간기업,D
"관공서
대형 토지주 또는 개인 사업주
공장 및 축사 등 오너",C
대형 고속버스 운송업체 및 이용 시민,D
"건강기능식품유통전문판매원, 판매원(한국야쿠르트, 삼양사, 한국인삼공사, 롯데마트, 암웨이, 뉴트리원, 네이처스팜 등)",C
"제약회사(종근당, 동아제약, 대웅제약, 한미약품 등)
건강기능식품회사(서흥, 노바렉스, 콜마비앤에이치, 코스맥스바이오 등)
판매회사 및 OEM발주처(애터미, 프롬바이오, 인삼공사, 한국야쿠르트, CJ 등)
일반식품회사
농약회사(동방아그로, 한농 등)
디자인 회사 및 상품개발회사.",B
"건설사/건축주/시행사 층의 고객
주거용/상업용 프렌차이즈업체를 통한 제품 제안 고객층",C
"건설사, 정부 나라장터, 시행사",C
"일반 지인고액.
기거래 직장 단체고객(SBS방송, 주택공사, 난방공사, 한국수자원공사.
일반중소기업(파주 출판단지내 출판사, 구로공단내 전자업체)",C
"건자재 도매상, 대형 건설사 및 시행사 납품업체",C
"육군(군부대)
군인공제회(공우이앤씨)
건설,환경사업
오폐수처리장 설계시공
군부대 및 관공서",C
"완성차 제조업체(현대자동차, 기아자동차, 르노삼성자동차, 쌍용자동차 외)
완성차 수입업체(폭스바겐코리아, 벤츠코리아, BMW코리아 외)
자동차 용품 유통사(두코, 더미동, 팅크웨어, 만도 외)
해외 유통업체(아마존 외)
공공기관(조달청 외)",B
"당사가 생산하는 (건축자재)
상수도관, 하수관 ,건물내 오배수관, 스프링클러배관용 C-PVC관을 
종합건설사 설계지침이나 시방에 사용승인을 얻고 감리단의 자재승인을 득하면
실제 구매는 전문기계설비업체와 계약 납품하는 구조임.
건설사,설계사무소,설비회사, 시판대리점(건재상)",B
"고속도로 유료이용 국민
주주 (국민연금 외)
국토부 외 민간투자사업 관리 감독기관",C
"중앙정부, 지방정부, 정부(지방정부 포함)투자기관, 정부(지방정부포함)출연기관
토지주, 시행사, 건축주
아파트 분양 받을 국민, 토지(산업단지, 상업용지 등) 필요한 국민
건설사, 설계사, 감리사, 각종 단체(협회, 공단 등)",C
"토지주와 시행사, 건설사 설계담당 부서입니다",D
"트랙터, 콤바인, 이앙기 등에 들어가는 주물제품 및 유압기기의 농업기계 제조회사인 일본 구보타
공조부문 및 화학, 유압사업(공장기계, 산업설비, 건설장비의 유압기기) 생산 판매하는 일본 다이킨공업
제철철비, 산업기계의 그리스를 사용하는 유압기기
GREASE 관련기계의 일본 DLP㈜",B
"수출하는 회사, 수입하시는 모든 회사
수출시 포장이 필요로 하는 수출기업들
수출 수입하시는 모든 고객님들 특히나 안정적이고 지속적인 수출 수입 물량이 있는 고객님들",C
"건설사, 설계사무소, 시행사 등",D
"LH, SH등 공공발주 기관
공동주택 분양 세대주, 오피스텔 분양 1~2인 가구
각종 제안사업 이용자",C
"LH, SH등 공공발주 기관
공동주택 분양 세대주, 오피스텔 분양 1~2인 가구
각종 제안사업 이용자",C
"정부, 지자체, 국방부, 정부기관, 국영기업체, 정부투자기관, 
신탁사, 시행사, 개인(건축주, 토지주)",C
"카페 프렌차이즈 : 스타벅스 , 이디야 , 공차 , 커피스미스등 
식품 도소매업체 (커피/ 외식관련 유통사)
온라인 커피 몰 & 식품 몰 :  메카커피 , 씨엔티플라넷 ….
식품편집몰  : 쿠캣 , 윙잇 , 헬로네이쳐, 마켓컬리 ….",B
"B2C의 소비자(오프*온라인유통 SNS채널들의 소비자)
해외시장",C
"물류자동화 전문업체(LGCNS, SMC) 화학회사(롯데화학, LG화학, 삼영순화, 한덕화학)
자동차 생산업체(현대차, 기아차)
드럼 세척이 필요한 회사(파낙스이텍, 동화기업)",B
"KT통신, 기업인터넷통신업체
삼구정보통신",C
"전국 체인 매장 운영사 (LG유플러스, 이랜드그룹, 아모레퍼시픽, 롯데시니마 등)
디지털광고를 필요로 하는 프렌차이즈 기업
초등학교 (전국 돌봄교실 운영 초등학교)
공공기관(시청,구청,공단 기관 등)
학부모(유치원,초등학생을 둔 부모)",B
"건설사, 시행사, 분양대행사, 인테리어회사, 광고회사, 설계사무소, 박물관, 
과학관, 전시관
실물모형을 필요로하는 모든기업",D
"건축 인테리어 설계사무소, 시공사, 시행사, 조명설계사무소
상업, 주거건물 건축주
리모델링을 원하는 주부나 가장",C
"산업용냉장고, 건조기, 공조기, 단열 판넬, 마네킹, 의자용 시트, 등 제작업체",C
"자동차 부품 생산 및 조립 업체
(현대모비스, 현대위아, 현대다이모스, 만도 그 외 자동차 1,2 차사)
산업용 부품 및 철강사
(포스코, 현대제철, 세아제강 등)",B
"창호대리점, (창호)단종업체, (알루미늄)가공업체",C
"건설사(현대건설, 현대엔지니어링, 삼성물산, 대우건설, 롯데건설外) 
상업용 및 오피스빌딩 시공하는 시공사
공개입찰 발주를 시공하는 건설사
건설사 지명 입찰 
설계사무소 ",C
"기관 단체의 성격은 무관한 공공기관, 협회, 조합, 공제회
삼성 현대와 같은 대그룹, 중견기업, 중소기업
개인 자산가 및 일반인",C
"건설사, 정비사업조합, 설계사무소, 시행사, 건축주",C
"공공기관, 관련업종 종사자, 건물 관리회사, 식자재 관련 유통업자, 건물 건축주
각 개인 사업장, 개인 등 물 티슈를 쓰는 모든 고객",C
"에어컨.김치냉장고.TV.
침대.운동기구.쇼파
씽크대.공기청정기. B2B다양한 전자제품 기업",C
㈜만도 평택공장,E
정부 지방자치단체 중소기업 임직원 단체,D
"매월 정기적인 물량확보가 가능한 기업
부정기적인 대량물량, 시즌에 물량이 집중되는 것은 바람직하지 않음 
대량 물량이나 매년 경쟁입찰을 함으로써 장기적인 공장가동율 유지에 불안전성을
주는 가능한 회피
고부가가치 박스 필요기업
당사의 강점은 고품질인쇄(금박, 형압)등을 활용한 싸바리박스 등",C
"변압기 제조업체
구동 Motor 제조업체",D
"복식부기 의무 사업자
일정매출액 이상 사업자",C
국내외 모든 업종의 기업을 대상으로 핵심 인재 소프트랜딩 서비스를 제공하고 있습니다,D
"당사는 주 아이템인 공기청정기 도소매 및 렌탈을 하는 platform 회사를 지향하는 회사로 특정 타겟을 정한 건 없습니다. 공기청정기는 기업, 가정 등 다 필요한 제품입니다.",D
"일반소비자(전자상거래) 제품 카테고리 모두 있음(현재 판매 중인 제품 종류 약2500종류)
폐쇄 몰(대기업복지몰, 포인트몰, 공무원몰 등 특정집단을 목표로 하는 쇼핑몰에 입점 판매) 담당자 (현재 입점: 새마을금고 복지 몰, 엘지그룹 몰, 현대그룹, 엘지전자, 인천e음몰 등)
일반기업체 명절선물/사은품/판촉물 담당자",C
"국가기관 및 지방자치단체, 공기업
각 건설사, 설계사무소, 시행사
자재업체, 건설중기업체",C
대형 할인점을 제외한 국내 모든 소매유통 회사,D
"화장품을 필요로 하는 20~30대 여성, 남성
화장품을 필요로 하는 10대 여성, 남성
화장품을 필요로 하는 40대 여성, 남성
주름을 개선하고 싶은 50대 여성",C
"전기 전자 제조사, 화학회사, 반도체 및 반도체 원료 제조 회사. 전기 배터리 제조 원료 공급사.",C
"전국 조명 관련 기업
항공사(대한항공,제주항공등)
유한양행
마켓 컬리
지마켓",B
"기업 CEO, CXO
기업교육을 전문으로 하고 있으므로, 모든 기업이 대상
주로 기업의 HRD 담당자",C
"위생도기 제조업체
건설사
리모델링 전문업체
건자재 유통업체
설비업체
B2C에 해당하는 일반 소비자",C
"아파트를 대단위로 건설 기획하는 시행사.
(위생도기 및 타일 제품을 설계에 반영하여 스펙이 필요한 고객사)
종합건설사 (직접거래 행위=스펙 영업 결실)",C
"유통업(백화점, 마트, 기타판매시설)
금융업(은행, 증권사)
공공기관(도시철도공사, 지하철공사, KTX)
지방자치단체(시청, 구청, 주민센터)
신축건물 또는 리모델링건물
아파트건설사",B
"건설사
관공서
설계사무소",C
"전자제품 제조업체
 반도체 제조설비 제조업체",C
"소매금융 : 개인고객 (일반고객 및 자산가 그룹)
도매금융 : 기업고객",D
"서울 대치점(주력-브런치) (30~40대 주부 연령층)
분당 수내점(주력-빵&커피) (30~50대 다양한 연령층)
분당 정자점(주력-브런치&빵) (20~30대 젊은 연령층)",C
"공공기관, 전국 각 지자체 
시행사/건축주
1군 건설사, 건축 설계사, 엔지니어링 설계사 등",C
"건설사, 설계사무소, 토지주, 시행사
설비회사
주거용 건물 건축주
리모델링을 원하는 주부나 남편",C
"설계의뢰 건축주, 발주처
설계관련 건설사, 시행사, 협력사",C
"정유, 석유화학, 발전소와 관련된 회사",C
"정부기관
지자체
공공기관(한국도로공사,한공공항공사,인천국제공항공사 등)",C
대기업 1군 건설회사(시공사) 입니다. ,E
"각종 계약체결, 지급보증, 법령성, 해외보증이 필요한 업체
주거 안정 및 취업 교육훈련 관련 증권이 필요한 사람",C
"건설사, 설비회사",C
"과거에는 기업경영과 직접 관련이 있는 주주, 발주처(정부기관, 공기업, 민간기업 등) 둥과 같은 고객, 즉 Shareholder에 초점에 맞춰졌다면, 앞으로는 (요즘 기업경영의 최대 화두인) ESG경영에 적극 대비하고 대응하는 경영전략 차원에서 기업을 둘러싼 모든 이해관계자인 Stakeholder에 고객의 초점을 맞춰 나가야 할 시점임",B
"해외 건설 수주 건설사
해외 진출 희망 기업.",C
"종합건설사, 토공업체 등 파일 공사를 시행하는 곳",C
"개인고객(오프, 온라인)
특별한 업체(콘도, 리조트, 연수원, 기숙사)
건설사, 건축주
설계사무소, 인테리어업체
조달관련 민영, 국책사업 발주처
홈쇼핑 고객",C
"상시근로자가 있는 모든 기업
(민간기업, 병원, 어린이집, 유치원, 학교 등 근로자)
군부대 병사, 간부
공무원
사회복무요원
학교 – 학생들 ",C
"20~30대 예비 창업자 및 40대이상 3년이상 사업을 영위한 제조업 과 유통, 소프트웨어 공급개발업 등",C
"자동차 운전자(승용차, 화물차, 버스 등)",D
"토지주
건설사(토목, 건축, 설비, 조경), 감리회사, 설계사무소
수분양자(토지, 건물) 등",C
"건설사, 시행사, 인테리어 회사",C
"시행사
건설사
조합
인테리어업체
건축사 사무소
일반 개인 고객",C
"엠코, 현대건설 등 민간기업
서울시, 시, 도 군, 등 관급 공사
중견건설사",C
"건축사업 : 토지주, 시행사, 재개발, 재건축, 대행부지 등 민간입찰, 민간공모 사업과 정부기관, 조달청 입찰, 한국토지주택공사, 대구도시공사 등 정부기관 입찰 공모사업 (오피스, 교육/연구/병원, 주택/자체아파트 보급 등)
토목사업 : 조달청 입찰, 한국토지주택공사 등 정부/공공기완 입찰 등 (도로/교량, 철도/지하철, 환경/상수도)
기전사업 : 고도정수처리 급수 시스템, 자동제어, 냉난방 공조 등 공공 및 민간 입찰 사업 등
SOC사업 : SOC민간투자사업 중 민간투자방식 BTL 사업(BuildTransferLease)",A
"법인사업자
개인사업자",C
"종합건설 및 시행사
레저 시설 업체",C
"소비재 기업의 브랜드 전략 및 개발 컨설팅업무 및 B2B기업의 브랜드 전략 
대기업의 브랜드 개발 (농심, 동원, 하림)을 포함해서 중견 및 소상공인 등 다양한 스펙트럼으로 진행 중소기업의 경우 다양한 정부지원방법 (수출 바우처, RIPC 사업)을 통하여 프로젝트를 진행 ",C
"일반 소비자들을 대상으로 서비스를 제공하는 B2B 기업: 정보통신서비스 제공업자, 방송사, 학교, ICT 관련 기업 등
공공 프로젝트를 발주하는 정부 및 공공기관
ICT 서비스를 필요하는 개인 고객",C
"욕실용 건자재 생산 업체
백화점. 대형마트 등 오프라인 판매업체
SNS 판매대행업체
홈쇼핑",C
"현재 B to B에서 점차 B to C로 확대
(제약회사가 주 고객이나 점차 중간 유통업자(도매상, 약국)로 확대한 뒤 
이후 특화된 제품 개발을 통해 제품에 적합한 최종 소비자를 타겟)",C
"건설사 
서비스업
통신사 
자동차 부품업체 
골프장 ",C
"건설사 
서비스업
통신사 
자동차 부품업체 
골프장 ",C
국내외 APPAREL BRANDS/WHOLESALERS,C
"네일샵 
네일아트에 관심이 많은 일반인
10대여성
미용업종사자 ",C
"관공서, 공기업
건설사
설계사무소
민간투자사업 시행사",C
"법률서비스를 필요로 하는 기업, 공공기관, 개인",C
"아파트 입주를 원하는 모든 사람
아파트 건설을 원하는 조합. 토지주. 시행사
일반 건축물 건설을 원하는 건축주
공공공사 발주기관
건축물 시공을 위한 전문건설업체",C
"편의점, 매점, 슈퍼마켓",C
"1차 타겟 : 공간의 경험가치 극대화를 통한 새로운 사업을 전개하는 기업
2차 타겟 : 실제 시행하는 건축주, 시행사, 설계사무소
3차 타겟 : 공공기관 ( 자치단체, 한국디자인진흥원, 한국공예문화 디자인진흥원, 컨텐츠 진흥원 )",B
"금융기관, 신탁사, 토지주
예비 분양주",C
"건설회사
인테리어 회사
시행사, LH, SH, 지방공사",C
"법인사업자, 공무원, 은행원, 대기업 직원 등 고위직군 및 고신용군",C
"매월 정기적인 물량확보가 가능한 기업
부정기적 대량물량, 시즌에 물량이 집중되는 것은 바람직하지 않음 
대량 물량이나 매년 경쟁입찰을 함으로써 장기적인 공장가동율 유지에 불안전성을
주는 가능한 회피
고부가가치 박스 필요기업
당사의 강점은 고품질인쇄(금박, 형압)등을 활용한 싸바리박스 등",C
"건축주[실제 건축을 요하는 토지주]
건설사[건축주를 소개하거나 한프로젝트에 고동참여]
정부[현상설계참여]",C
"건설사
시행사
재건축, 재개발 조합
설비회사",C
"당사소재 거주자로서 차량소지자 및 운전자
당사를 차량으로 통행하는 자
위 차량의 동승자",D
"건설사, 설비회사(환경설비업), 설계사
시군단위 소각장, 민간운영 소각시설, 대기오염물질 발생 각종 사업장
제지공장, 시멘트 공장 등 제조공장.",C
"기간망 사업자 ( LGU+ )
정부 지자체 ( 조달청, 부천시청, 김포시청 인천광역시, 인천경제자유구역청 ) 
공기업 ( 김포도시개발공사, 부천도시개발공사 )",B
"기간망 사업자 (KT, SKT, LGU)
정부 지자체(행안부, 국방부, 인천시청, 조달청) 
공기업(한국철도시설공단, LH/SH공사, 인천국제공항공사, 인천항만공사 )
민간 건설사(현대, 삼성, 대우, 롯데 등 1군 건설사)
컨소 협력사 (대우정보통신, 코콤, KTT, 쌍용정보, 대신정보, 온리, 우주 ~) ",A
"정부 지자체 (조달청, 인천시청, 인천경제자유청, 인천서구청) 
공기업 (LH/SH공사, 인천국제공항공사, 인천항만공사, 수도권매립지공사 )
민간 건설사(인천지역 1군 건설사)",B
"건물 건축주, 각 도시군구 관공서, 지방개발공사, 민간 발주자
주차장 건설 사업 관련자, 강구조물 공사 발주처
현대건설 삼성물산 대림산업과 같은 시공사",C
"민간기업
관급공사
건설사",C
"인천국제공항, 한국철도공사, 교직원공제회 등, 정부/공공기관의 서비스에 국민의 품질 기대치가 높아진 만큼 신기술의 적용을 선도하는 매개체가 되었습니다. 이러한 고객의 높은 서비스 기대수준을 만족시키기 위한 공공기관이 주요 고객입니다.
KT, SKT, LG U+와 같은 이동통신사는 네트워크 업그레이드, IT 시스템 확장 등의 지속적인 투자를 하고 있습니다. 이러한 고객 요구 사항을 충족시키기 위해 티맥스소프트는 IT인프라 구축으로 다양한 시스템 및 애플리케이션을 통합하여 민첩하게 고객의 요구에 대응할 수 있습니다.
카드 가맹점 ,은행 및 증권사 등의 국내 금융 산업은 다양한 환경 변화와 압력에 직면하고 있습니다. 다양한 채널들을 통하여 24X7의 서비스를 제공해야 하기 때문에 IT 인프라 구축이 금융 산업에서 경쟁력을 확보하는데 중요한 요소가 되었습니다. 따라서 금융기업에게 티맥스소프트는 성공적인 비즈니스 파트너가 되고 있습니다.
삼성전자, POSCO, LG Display, 현대제철 등의 제조 기업에게 티맥스소프트의 제조 솔루션은 글로벌 표준을 준수한 통합 인프라를 제공합니다. 티맥스소프트는 개방되고 확장성 있는 IT환경을 통하여 제조 기업의 전체 프로세스 최적화를 제공합니다.",B
"건설사
설계사무소 
지자체(지방자치단체) 각 구청",C
"시스템욕실 제조업체
교구 및 사무용 가구 제조업체
물류창고 건설업체
건설회사
기타 설비업체",C
"뷰티 액세서리 수입 및 판매회사.
메이크업 브러시 수입 및 판매회사.
자체 뷰티 브랜드 소유 및 제품 판매회사",C
"건설사를 필요로 하는 제조사 및 건축주
설계사무소
건설발주 공공기관
외국계 건축주 등.",C
"백화점 (신세계)
면세점 (신세계 디에프)
쇼핑몰 (신세계 프라퍼티)
전문점 (분더샵_ 신세계)
교육/사무 (인재개발원 外_ 신세계)",B
"삼성전자, 삼성전기, LG전자 등 후공정에 초정밀 절삭, 가공을 필요로 하는 기업",A
"토지주,
금융권 등 투자자,
고급 주거공간을 분양 받고자 하는 사람들",C
"자동차 및 산업기계 부품 제조사
 : ㈜아이앤인더스트리,㈜화진금속,㈜가더스산업,㈜송원테크 등
 : ㈜엠알인프라오토 등",C
"국내 패션 브랜드 아웃소싱 전문업체
소비자/ 전문직여성, 가정주부",C
"완제품 제조사 (삼성/엘지/현대차/SK/코오롱 등)
1차 벤더 (부품 제조사 / 화학제품 제조사 / 필름 제조사 등)
2차 벤더 (하청 가공업체 / 코팅업체 / 라미업체 / 합성업체 등)",B
중국 및 동남아 한국 거주 모바일상 ,D
"건설사, 설계사무소, 설비회사, 주거용 건축주
형틀 전문업체, 철근콘크리트 전문업체",C
"기업의 자금 조달을 원하는 상장사, 비상장사 포함한 모든 기업체",C
"원도급 건설사
주거용 건물 건축주
공공조달(관공서)",C
"건설사
설계사무소
시행사(LH, SH, 포함)
수장공사업체, 외벽마감업체(돌 마감 등)",C
"미용 관련업 종사자
미용대학 재학 및 관련자",D
삼성그룹사 등 대기업,D
"리모델링을 원하는 주부나 가장
대량 납품이 가능한 도매(쿠팡, 로켓배송 납품용)",C
"건설사, 설계사무소, 토지주, 시행사
설비회사
주거용 건물 건축주
리모델링을 원하는 가정
메이져 온라인 유통회사 
유통 벤더 ",C
"정부 및 벤처펀드에 출자하는 기관출자자(은행, 연기금 등)",C
"당사는 건설현장에 건자재를 납품하는 회사로 민간건설사(GS건설, 대우건설, 롯데건설 등), 및 LH공사, SH공사, GH공사, 시행사 등 B2C 가 아닌B2B에 강한 회사입니다",B
"귀농을 생각하는 예비농업인
취미 혹은 부업으로 농업을 하고자 하는 비 전문 농업인
다양한 작물을 추가로 재배하고자 하는 전문 농업인",D
"중견기업
자산가
문화콘텐츠 제작사
연예업계 종사자",C
"일반 자영업자, 법인사업자, 재산제세 관련 매매자",C
"건설용 강재가공 제작사(ex 강관사/철구사/데크플레이트/롤포밍/컬러사 등)
 *정의/역량: 당사의 철강재를 구매하여 가공을 통해 건설사에 납품하는 회사
            당사와 공동으로 공사비 절감 강건재 상품을 개발하여 건설현장에 직접 납품
            당사와 공동으로 시행사~설계사~건설사에 기술영업을 통해 당사 강건재 제품이 설계도서 반영될 수 있도록 협업하는 파트너사",C
"건설을 수행하는 모든 관계자
건축주, 토지주, 시행사(신축, 리모델링)",C
"일반대학 및 전문대학의 교직원(교수, 직원 등)
공공 및 민간기관 연구소 직원(연구원, 행정직원 등)",C
"반도체장비제조사, 광범위한 기계제조사, 건설사, 인테리어업체, 기타 금속관련제조업체",C
"토목시공 전문 건설업체
터널 전문 건설업체 
광산업체
점보드릴 개인 차주",C
"건축설계, 인테리어 디자인 회사, 
건설사, 시공단종사  
페인트 유통 대리점
건자재 유통대리점
DIY 고객",C
"유가증권시장 및 코스닥 상장사
비상장주식회사 중 “주식회사 등의 외부감사에 관한 법률”에 따른 외부회계감사 대상 법인
소규모 법인 및 개인사업자
공공기관(준정부기관, 공기업, 기타공공기관)",C
"건설사, 전국대리점, 설계사, 교육청, 군부대 및 online구매고객",C
"신규자동차 구매 고객, 
중고차 구매 고객, 
자동차 정비 및 사고수리 고객
국내 자동차 보유 고객
타사 수입차 보유 고객
벤츠 보유고객으로 재 구매 고객",C
"토지주 설계사 시행사 건설사
설비회사
주거용 건물 건축주
리모데링 소비자",C
"토지주, 설계사, 시행사, 건설사
설비회사
주거용 건물 건축주
리모데링 소비자",C
"건축주
금융사
설계사
시행사",C
"현대,기아 자동차 1차VENDER , 쌍용자동차 1차 VENDER
공기청정기 제조사",C
"정부기관, 지자체
공공기관(정부투자기관, LH, SH, OO공사)
건설회사(개발이나 공공사업에 참여하는 건설회사), 개발회사",C
"1. 자동차 부품 社 (1차 고객사) : 현대모비스, 엘지전자, 하만인터네셔널, 쌍용차, 르노삼성차
2. 자동차 완성차 메이커 (2차 고객사) : 현대자동차, 기아자동차",B
"건설사, 설계사무소, 발주처",C
"설계사, CM사, 기관투자자
증권사, 보험사, 신탁사, 금융사
조합(재건축, 재개발, 리모델링 등), 지주사, 시행사 
실적 보유 건설사, LH공사, SH공사, 
일반 소비자, 정부기관 등",C
"건설사, 토지주, 시행사
토지개발을 고민하는 조합이나 건물주",C
"사옥용 건물 건축주
주거용 건물 건축주
근린생활시설 건물 건축주",C
"건설사, 설계사무소, 토지주, 시행사
병원, 업무용 오피스텔, 물류창고 건물 건축주
LH, SH 공공기관
국방부 및 국방과학연구소 등 국가기관",C
"건설사, 설비사, 시행사, 유통점",C
건설사 및 기업대표,D
"개인고객
반도체용 가스 유통 및 반도체 제조사",B
1군 건설사 / 2군 우량건설사 / 인테리어업체 / 비대면 잠재고객,C
"건설사
주거용 건물 건축주",C
"공공건설공사 수주 시공, 자체사업을 주로 영위하다 보니
공사를 발주하는 발주처 및 자체사업의 경우 인허가기관, 피분양자입니다.",C
"프랜차이즈 기업 본사
소상공인 자영업사업자
외식 브랜드 방문 고객",C
"해상 보험 전문 업체로서 소규모 수입 업체와 수출 업체
국제 운송을 전문으로 하는 국제 물류 주선 업체",C
"크린룸 공사를 원하는 기업체
리모델링을 원하는 기업체 및 개인 소비자
대기업",C
"레스토랑, 대형마트, 유기농전문점
호텔, 병원식당, 
환자, 고령인구, 웰빙족 등",C
"회계감사 및 Tax 외에 기업 M&A, 기업 분할, 자산실사, 내부통제제도 구축 등 종합경영컨설팅 서비스를 제공하고 있으므로 회사의 역량을 고려하여 자산 및 매출액 1천억원 이하의 중소법인",C
단체급식을 위탁 운영하는 제조업체,C
"건설회사 as 직원 및 시설물 관리업체 직업
관공서 시설관리팀",C
"가전 양판점(Best shop, 롯데 하이마트 등), 백화점, 할인매장
B2B고객(호텔, 공항, 학교, 군부대, 은행 및 공공기관)
자동차 완성업체(현대, 기아, BMW, Ford 등)
이동통신회사(SKT, KT, LG U+)
국외 60여개 국가, 상위에 해당되는 업종의 약 20,000여개의 고객 수 확보
(Best Buy, Home depot..)",A
"초 ,중, 고등학교(급식)
영.유아 시설(급식)",C
"건설부문 
- 건설사 설계사무소 등 단열, 방수, 소음진동 분야의 컨설팅 및 마케팅이 필요한 고객
화학부문
- 우레탄, 우레아의 응용이 필요한 고객
- 고무, 플라스틱 등 폴리머 응용이 필요한 고객",C
"약사, 약국 
일반소비자, 도매상
H&B 등 유통업체, 할인점 유통업체, 편의점 유통업체",B
"절세가 필요한 기업
가업승계 니즈가 있는 고객
개인 자산관리가 필요한 고객
금융 .부동산 투자 등 투자에 관심있는 고객",C
"장비제조업체(태양광(인버터, ESS, PCS, 접속반), 풍력, 반도체장비, 식품장비사, 선박회사 등)
태양광: 윌링스, 다쓰테크, LG화학, 삼성SDI, 대연씨앤아이, 플라스포 등)
반도체장비: 주성ENG, 세메스, 
식품장비: 대한기계, 우일FA, 협진기계
선박회사: 현대중공업, 삼성중공업",A
"해외건설수주 건설사
해외진출희망기업",C
"건설사, 대리점, 일부 B2C 그룹",C
"상업용, 업무용 건물의 건축을 필요로 하는 공공기관, 조달청, 민간 법인 및 개인(토지주, 건축주)
주거용 건물 개발을 추진하는 시행사, 조합, 법인 및 개인
도로, 철도, 교량, 터널 등 인프라 건설을 필요로 하는 공공기관, 조달청, 민간 투자기업",C
"신사업을 통한 기업의 성장, 지배구조 개선 구조조정 등을 통한 조직의 성과 개선, 영업/마케팅/물류/생산 등 각 기능별 성과 개선을 모색하는 다양한 산업의 기업체 및 공공기관
상기 조직의 최고경영진 및 각 기능별 조직의 리더",C
"개인 여신 및 수신 고객
기업여신 고객
온라인 플랫폼(토스,카뱅 등)
투자사 (사모펀드)
방송사(현 케이블 방송 광고 중)",C
"제조업체
관공서 및 컨설팅 업체
프랜차이즈 업체
종이 관련 인쇄 및 제작물이 필요한 곳",C
"해상 보험 전문 업체로서 소규모 수입 업체와 수출 업체
국제 운송을 전문으로 하는 국제 물류 주선 업체",C
"현대자동차, 코오롱, 현대중공업, 두산중공업",C
"건설사
시행사
분양대행사
인테리어회사",C
"건설업계, 회계업계, 보험업계, 개인, 주부
중소기업, 대기업 등 명절에 선물을 보내거나 꽃배달을 이용하는 모든 업체",C
"건설사, 설계사무소, 시행사
인테리어 업체, 설비업체
집합건물 건축주, 운영사",C
"건축구조사무소, 안전진단회사, 건축설계사무소
건설사(고층아파트, 주상복합)
 공공건축물 관리주체(각급 지자체)",C
"건설사, (종합, 전문) 건축설계사, 엔지니어링사, 
건설관련기관, 공무원,. 
일반인,  ",C
초중고 학생들이 영어 환경이상으로 영어 교육을 목표로 둔 중산층 이상의 고객,D
서울시내버스회사로서 고객감동의 서비스의 목표로 안전한 시내버스를 목표로 합니다,E
"건설사, 설계사, 공공기관 발주처",C
"출산 후 6개월 이상의 자녀를 둔 부모 (플렉사 브랜드)
초등학교 3학년 이하의 자녀를 둔 부모 (옥스포드 브랜드)
30대 이하의 젊은 청년들 (내셔날 지오그래픽 브랜드)",C
"50인 이상의 중견기업
안전보건관리자 근무자 배치 기업
위험 요소가 많은 기업
위험물질 사용 기업
첨단산업 (에너지, 배터리 외)",C
"변호사 , 로펌
병원, 한의원
공공기관, 지자체 
화장품제조 업체 ",C
"해외로 출국하는 비즈니스 및 관광 여행자
국내 관광 입국한 외국인
중국인 도매상
면세점에 신규 진입하려는 기업  ",D
"기존 리서치 회사
마케팅을 실시하는 B2C 기업",C
"㈜ 피앰아이
기존 온라인 리서치 회사
㈜ 롯데 멤버스",C
"1. ㈜ 피앰아이
2. 기존 온라인 리서치 회사
3. ㈜ GS 멤버스",C
"한국 농수산물 유통공사, 농림부, 조달처
오뚜기식품. CJ제일제당. 동방유량
중견 식품제조업체. 식자재 도매업체
중간 농산물도매상. 시장 착유유통업체
최종 소비자",B
"시행사,도시개발자, 건축가, 건축시공사",C
"KT클라우드
현대 모비스
현대 엘리베이터
기아차
공공기관
건설사",C
"엘칸토 : 고가/고급 지향형 35~55대 남녀고객
L by엘칸토: 현대적인 감성과 실용성을 지향하는 25~45대 남녀
인텐스 : 빠른 쇼핑과 가치 소비를 추구하는 25세~35세 E-제너레이션 여성고객",B
"분양자(주거 또는 투자목적)
시행사(도급 및 설계 변경 등을 통한 이익 실현)",C
"건설사, 주거용 / 근린생활용 건물 건축주, 인테리어 회사, 설계 사무소",C
"결혼을 앞둔 신랑신부, 혼주, 가족
행사를 준비하는 의상부분
돌잔치, 시상식 및 파티행사
은혼식의상, 졸업의상, 사진 촬영 의상",C
"건설사, 전문건설사, 설계사무소 
인테리어업체, 건축자재 대리점, 취급점.
주거용 건물 건축주.
리모델링을 원하는 소비자.",C
"종합건설회사(예를 들어 삼성건설,대림산업,롯데건설…)",C
"토지주
LH나 SH등 공공 택지를 분양하는 공기업
금융기관(은행,증권,자산운용 등)",C
"아웃도어 브랜드.스포츠 골프브랜드. 
수출 회사
샘플 작업이 필요한 프로모션,학생, 주부
반려견을 자식처럼 생각하는 사람.
중산층이상의 반려견을 키우는 사람
직장인 독신",B
"제조사(산업용 제품 생산회사) : 엘리베이터 제조사, 현대자동차 등
중소 도매회사
건설사
수산회사
통신설비 설치 회사",B
"전자부품 개발 전문기업(삼성전기, 엘지이노텍)
반도체 검사 전문 기업(하이닉스 계열)
전자 부품 연구 기관(서울대정밀기계연구소, 서울대반도체공동연구소, 한국나노기술원, ETRI, KAIST)",B
"건설사, 설비회사 
LH, SH,
설계사무소
도, 소매 위생기구 업체",C
"토목시공 전문건설(현대건설 토목 도급업체)
배관및보온시공 전문건설(현대건설 배관 도급업체)
석유화학 제조사(GS칼텍스, S-OIL, 현대오일뱅크, 롯데케미칼, LG화학, 한화토탈, 휴켐스)
한국전력 발전 자회사 5개사(한국남동발전, 한국서부발전등)",B
"저희는 80%이상 도매형태 판매를 하며 일부 소비자,인테리어 및 일부 건설사 납품도 병행하며 금년에 신규로 통신판매도 병행하고 있는 중입니다.",C
"공공기관, 준공공기관, 시행사, 건설사, 신탁사
투자회사, 리츠사, 그 외 금융기관",C
"건설회사 전기담당자.전기설계사무소
한국전력 전기차충전 인프라팀
환경부전기차충전인프라팀
자동차회사
건물주
충전사업자..",C
"안경을 착용중인 20~ 45세 이하의 사람
안경을 착용해도 시생활이 불편한 사람 (노안)
백내장질환이 있는 사람
그외 기타 안질환이 있는 사람 (눈다래끼, 충혈 등 )",C
건설사,D
건설사,D
관공서,D
"건설사, 조선사, 플랜드사",C
"관공서 (조달), 건설사 및 건축주",C
설계사무소 또는 각 기관의 건축분야 담당,D
"제철소, 시멘트회사",D
"관공서 (조달), 건설사",C
"동종제조업(건강기능식품제조업), 유통전문판매업, R&D 연구소를 가지고 있는 제조업",C
"가전, 자동차 업체",D
"제조기업, 농축산물 가공업 회사",C
대형마트,D
일진베어링,E
시멘트회사 / 염색공장 / 종이공장,C
"시행사, 건설사, 공사, 지자체 (관공서)",C
건설사,D
"지방자치단체, 공공기관, 건물주",C
"토지주
금융기관
건설사",C
"산림청, 산림항공관리소, 시.군청 산림과(공원녹지),지방대리점
군수사령부, 사단, 예비군관리부대
대리점(무선통신기기 취급점), 용산, 각지방
프렌차이즈 레스토랑
쇼핑몰, 병원, 미용실, 주차장, 웨딩, 골프장
해상용, 대리점, 선사, 해외 선박",C
"대기업, 중,소기업 및 개인기입. 개인 등
특허관련으로 대상이 광범위함.",C
"건설사, 설계사무소, 토지주, 시행사
설비회사
주거용 건물 건축주",C
"현대, 기아, 대우, 쌍용 자동차
공공기관(경찰청, 한국은행, 한전, 도로공사, KT등)
삼성, LG전자 외 포스코 건설사
CJ택배사외 방송사
기업 및 단체 근무복 및 유니폼",B
"중앙정부(기획재정부, 문화체육부, 조달청)
기초단체 (서울시청, 충남도청, 강원도청, 경기도청)
기업 및 단체 근무복 및 유니폼",B
"전장용품, 멀티미디어, 산업용기기, 가전제품, 의료기기 등에 부품으로 사용되는 인쇄회로기판을 제조하여 납품함. ",E
소비자 고객에게 자신의 고유 브랜드의 화장품을 공급하고자 하는 화장품책임판매업자,C
"건설사, 설계사무소, 발주청(관)",C
"창호 제작, 판매회사
창호 시공사업자
차호자재",C
"수지, 페인트/도료, 점/접착제, 잉크, 우레탄 제조 업체",C
"분양/입주고객
개발/시행사
대외 기관
직원
기타",C
"타일,위생도기 판매하는 업체
인테리어사
디자인회사
건설회사",C
"3차 종합병원
중증 치료를 필요로 하는 환자",C
"제조사 : LG, 아남, 인켈, 삼성, 셋탑박스 제조사(이노피아테크놀로지)
사업자 : SK브로드밴드, KT, LG유플러스, 케이블 방송 사업자, 지상파 방송사(KBS, SBS, MBC)
엔터테인먼트 : SM, JYP, YG, Big Hit, 등
믹싱 스튜디오 : 사운드미러
컨텐츠 : CJ ENM, 와챠, 멜론, 플로(FLO), 
영화관 : CGV, 메가박스, 롯데시네마, 등
전장 : 현대 자동차, 기아 자동차, 현대모비스, 휴맥스오토모티브, 등",A
"총동문회에서 일하던 당시 주고객은 경희동문 전체였으며,
 특정 직업군에 근무하는 동문들
 특정 학과 출신으로서 사회활동을 하는 동문들
 특정 대학원 출신으로서 사회활동을 하는 동문들
 사이버 대학 출신의 동문들로 구분하여 세분화 되어있었습니다.",D
"매출액 100억원 이하의 중소기업
제조업. 도.소매업. 서비스업. 부동산임대업.
부동산양도. 증여와 관련한 세무신고 의뢰인",C
"일반주거를 하는 공간의 소비자
건설사 및 기업
관공서
숙박시설 및 병원
학교  외",C
"시스템욕실 전문기업
종합인테리어 전문기업,
욕실 및 인테리어 대리점
욕실을 사용하는 일반 소비자.",C
"건물, 토지, 상가, 주택, 아파트, 원룸 등 소유한 건물주 , 소유주
건물, 토지, 상가, 주택, 아파트, 원룸 등 구입 또는 임차하고자 하는 주부, 직장인, 신혼부부 또는 투자자 등",C
동원테크팩솔루션,E
"여행사, 일반 여행을 원하는 소비자
학교(수학여행), 어학원(어학연수), 종교단체(종교관광, 선교)
기업(인센티브연수) 
기타(골프, 스쿠버다이빙, 카지노, 크루즈 등...)",B
"식품제조사(오뚜기, 풀무원, 동원그룹식품사업부)
식품유통사(코스트코, 이마트트레이더스)
종합유통식자재사(신세계, 아워홈, 에버랜드)
온라인판매(쿠팡, 신세계, 11번가등)",B
"건설사
홈네트워크 회사
시행사
주거용 건물 건축주
리모델링을 원하는 주부나 가장",C
"농림부, 복지부, 농수산물유통공사, 식약처 등 농식품의약 정부기관
의약품수출입협회, 건강기능식품협회, 의료기기산업협회 등 복지부 산하 협회 / 기관
유기농업협회, 각 생산자협회 등 농림부 유관 단체/ 협회/ 기관",C
"한미약품, CJ, 종근당건강, 오뚜기 등 제약사 혹은 식품회사, 건강기능식품 제조사
무주천마사업단, 함양산삼사업단 등 전국 각 지자체 사업단
건강기능식품 제조사, 유기농 화장품 제조사, 유아/여성용품 제조사, 뷰티 케어 제조사 등 헬스케어 전문기업
친환경 / 유기농 자재/제품/원료 수출입 회사, 뷰티/헬스 수출입 회사
홍삼, 귤 통조림, 김 등 가공 수출업체
건강기능식품 공동제조 마케팅 협업기업
무주꿀, 지리산 함양꿀, 로열젤리, 프로폴리스, 화분 등 생산가공업체
네이버/다음/페이스북 등 온라인 판매업체 / 마케팅 대행업체/협업기업",B
"반도체 검사장비 업체
반도체 제조업체",B
"임대, 분양을 희망하는자
정부기관, 지방자치단체, 정부투자기관",C
"각국 무역협회 수출업체 
면세점 백화점
공공기관 
박물관 (한국 민속박물관 보스톤박물관 월드 박물관 등등)",C
"리모델링 일반 소비자
인테리어디자인 회사
건축주
타일 소매업체
설비업체",C
"시행사, 토지주, 지자체 및 공기업, 건설사, 신탁사",C
커피전문점과 베이커리점에 대한 A/S와 부품 수입하는 업체,C
"정유, 석유화학, 발전소와 관련된 회사",C
"컴퓨터 관련 사업업체
 1. 제조(TG삼보, 대우루컴즈, 주현테크외 다수)
 2. 판매(컴퓨존, 아이코다, 컴퓨터코리아외 용산전자상가업체와 지방업체)
 3. 대형쇼핑몰(네이버, 11번가, 쿠팡, 옥션, 하이마트, 이마트외)",B
"건설사, 설계사무소, 토지주, 시행사",C
"시행사
건축주
관공서",C
"시행사
건축주
관공서",C
"국가기관 (정부 출투자기관 및 자치단체 등) : 감사팀, 회계팀, 토지정보팀, 주택팀, 주거복지팀.
건설회사 : 공사팀, 개발사업팀.
시행사 (신탁사) : 개발사업팀,
일반기업 : 상품기획팀
재건축조합 : 조합장, 정비회사 사장
법원 (서울중앙지방법원, 대한상사중재원 등): 공사대금 사건에 대한 감정",C
"건설사, 전문건설업체(토목, 건축)",C
"시스템 비계 클린사업 보조지원 대상 사업주 및 전문건설 업자 
가설물 시설 시공사업자
개인 주택 신축 또는 리모델링 건축주
가설기자재를 사용하는 모든 건설업체와 전문건설업체(토목, 건축)",C
"토지주, 시행사
건축주, 신탁사, 투자자,
부동산 소유자
부동산 중개업자, 건축사
금융기관",C
"해외 BtoB 바이어 (살균제 유통)
국내 일반 소비자 
 방역업체",B
"조명제어기업 
FA 기업
환기청정기업
소형가전업체",C
전자제품 제조사,D
전자제품 생산업체,D
"전자제품 제조업체
반도체 제조설비 제조업체",C
"플라스틱 부품을 제작하고자 하는 모든 고객
주로 SET 메이커 부품 공급에 목표를 두고 있음.",C
"전자제품 제조사
수전금구 제조사 
요업 제조사
수전유통 대리점",C
"자동문 제작업체
의료기 업체
산업용 자동화 장비 제작 업체
가정용 홈오토메이션 제작 업체",C
"생활가전기업(코웨이,아이젠,교원,대림,노비타) 등
의료기기 제조업
매트리스,안마의자,침구류",C
"반도체 설비
2차전지 설비
통신장비
디스플레이 설비, 
자동차, 생활가전 등 제조산업 전반.",B
"현재로서는 특별히 염두해두고 있는 거래처는 없습니다
기능공 수급 불안정을 인하여 생산증가나 설비투자의 어려움으로 인하여 기존 거래처에 매진할 수밖에 없습니다",D
"자체 제품 개발을 통해 제품 생산을 하고 있는 모든 제조사
개발 용역을 전문으로 하는 업체
전자 부품을 전문적으로 sourcing하는 부품 턴키 업체",C
"가전제품 제조회사
자동화 설비 사업자
네트웍 관련 사업자",C
"A.대림비엔코
욕실관련 건자재 및 서비스를 하는 업체로 비데,수전 금구류 생산 생활가전제품을 렌탈 유통 서비스를 영위함.

B.오스템임플란트 
의료장비 및 치과용 임플란트를 제조 유통하는 업체로 치과관련 기자재 total solution 제공.",D
"불특정 아파트 분양예장자(부울경지역 및 수도권)
공공기관(부울경지역)       
학교법인(부울경지역)
골프장(부울경지역)
물류회사
지방정부 ",C
"건설사
설계사무소
토지주
시행사",C
"조달청, 정부기관, 지자체, 지방공사, 공공기관 등 발주기관
재개발/재건축 조합
건축주 (민간 기업체, 개인 건축주 등), 시행사
투자 신탁회사 등 (재무적) 투자기관",C
"건축설계사무소
건설사
공공기관(발주처: 한국토지주택공사, 서울주택도시공사, 지방주택도시공사 등)",C
"국가기관, 지방자치단체 등 공공기관
해외시장(베트남, 태국 등)",C
"(차량 구매를 목적으로 하는) 일반 고객
(차량 구매를 목적으로 하는) 개인 고객
(차량 구매를 목적으로 하는) 법인 고객",C
"교육&컨설팅: B2B, B2C- 중소기업/ 중견기업/ 대기업
컨설팅_브랜드마케팅 실행 컨설팅을 원하는 모든 기업
교육-브랜드마케팅 지식을 필요하는 모든 CEO 임원 팀장 팀원",C
"중소 유통회사 (기업특판 유통사, 온라인유통사, 수출기업)
중견기업, 대기업 (임직원 및 고객 선물 예산을 가진 기업, 기업복지몰 운영사)
모바일커머스 운영사
오픈마켓 판매사",C
"개인고객 (개인사업자)
대기업 입찰 (건설회사 등)
정부 (조달청/군납 등)
렌탈 회사 ",C
"롯데건설, 포스코 건설, 중견건설사
설비회사
관공서, LH공사 등 시행사",B
"건설사, 시행사
1차 하도급업체
전문건설업 면허 업체
건축외장패널 생산 및 시공업체
외단열 수요 업체 및 건설사",C
"선거관리위원회 국세청 지방자치단체 등
우체국, 물류 3PL, 풀필먼드사",C
"B2B 위주이며 유통사
제품 OEM을 원하는 제약사
사내 복지몰 운영 기업
조달청 등 공공기관 및 지자체
온라인몰 직영운영, 일반 소비자 ",C
"국내 중소기업 및 대기업 건설업 
 KCC
LG하우시스
한샘
한국유리
중소제조업체",C
"일반 LGP자동차 소유자 LPG 충전
제조업 공장(산업용보일러 운영중인)
LPG 도매사업자 벌크로리 운영중인",C
"건설사, 설계사무소",D
"전자제품 제조사
휴대폰제조사, 
디스플레이 모듈사 
부품 실장이 필요한 전자제품 제조 업체
5G 안테나 CABLE 모듈이 적용되는 제품 제조 업체",B
"스마트폰, 노트북, 테블렛 등 IT기기 및 장비 제조사
디스플레이, 카메라 등 모듈 제조사
5G 안테나 모듈 및 시스템 제조사
IOT 기기 제조사
자동차 및 전장 제조사
2차전지 및 전자기기 제조사",B
"LCD/OLED Display 생산 업체 ( 삼성 디스플레이, LG Display )
반도체 생산 업체 (삼성반도체, SKHynix, SFA반도체, 시노팩스 )
FPCB SMT 업체 (DKT, KCI, JMT, 삼성전기 )
신뢰성 테스트 필요한 제조업체 (QC Test 가능한 제조업체 )",A
"온전한 건강과 아름다움을 통한 행복한 생활을 원하는 자
건강 회복을 원하는 자
건강기능식품, 화장품 대리점 창업을 하고 싶어하는 자
경력단절 여성, 남성이 설계사로 일하고 싶은 자",D
"건설사, 설비회사, 건축자재 유통업체",C
"제조 공장, 투자 개발사, 건설사, 건설 시공사, 건축주, 설비회사",C
"Y존 케어에 관심있지만 방법을 모르는 국내 여성 전체
위생적이고 건강한 성 생활을 원하는 젊은 남녀
폐경으로 인한 호르몬 변화로 Y존 불편함을 호소하는 40대 여성
노화에 의한 건조함으로 Y존에 불편함이 있는 50-60대 여성
Y존 질환이 있지만 산부인과 내원에 거부감이 있는 여성
어린 자녀의 건강한 Y존케어를 원하는 엄마들",B
"건설사, 설비회사, 인테리어 (프로젝트)
동종업종 비대리점 (유통)
사업지역 근교 소비자 (소매)",C
"건설사, 시행사, 설비회사, 개인고객(온라인)",C
"리모델링을 원하는 주부나 가장
대량 납품이 가능한 도매(쿠팡, 로켓배송 납품용)",D
"현재 당사의 중요한 고객 유지
지역별로 규모 큰 유통사
종합 인테리어 회사
B2C 전문회사",C
"건설사, 토목엔지니어링, 건축사사무소, 제조사 등 설계를 필요로 하는 모든 기업
공공기관
교육기관
설계 소프트웨어를 사용하는 모든 기업, 개인",C
"건강하고 보험료 납입 능력이 있고 비위험 직군의 개인
법인을 운영하는 대표이사 및 임원
상속세 준비를 위한 부유층
증여세를 이용하게 세대 자산이연을 하고자 하는 자산가 및 건물주",C
"소매부분 : 리모델링을 원하는 고객, 주거용 건물 건축주
도매부분 : 전국 및 각 지역별로 유통관리 판매영업 (수입판매 포함)
납품 / SPEC 부분 : 건설사 및 관급공사 와 시행사 포함으로 설비회사 영업",B
"건설사, 설계사무소, 건축주",C
"금융 (은행, 증권, 보험사 등)
공공 (공공기관)
대기업 (삼성, 현대, SK 등)",B
1군 건설사 / 2군 우량건설사 / 인테리어업체 / 비대면 잠재고객,C
"소프트웨어를 보다 쉽게 사용하고 관리할 수 있는 미들웨어 제품을 필요로 하는 모든 회사
증권사, 은행, 이동통신사, 공공기관 등",B
"건설사, 설계사무소, 건축주
지자체 건축, 조경, 토목 공무원",C
"현대 신중랑 판매대리점은 현대자동차의 차량을 대리판매를 하는 사업장으로서 전국의 필요한 개인, 법인, 단체, 차동차가 필요한곳에 전국 판매망을 구축하여 판매합니다.
저희 대리점은 승용차80%와 화물차20%를 판매비율로 가지고 가는데, 시장 수요에 따라 매년 비율은 조금씩 다르며 화물차는 특수용자동차(음식물쓰레기 수거차, 폐기물 운반차, 청소차, 크레인, 견인차, 소방차, 화물운송차, 건설용수송차 등 다양한 화물차를 법규에 맞게 제작하는 일을 특장차 제작하는 공장들과 협력하여 고객들을 유도하고 정보를 제공하여 고객이 필요로 한 차들을 설계 제작하도록 하여 화물차를 판매한다.",C
"반도체, 디스플레이 설비 제조 회사 (Applied Materials, Lam research, ASM 등)
반도체, 디스플레이 제조사(삼성전자, 하이닉스, TSMC, BOE 등)",A
"시행사(물류센터관련)
건설사(롯데, 신세계, 대림, 포스코 등)
설계 및 감리(삼우, 정일, 희림, 전인등)
자산운영사(캔달스퀘어 등)",B
"중소형 슈퍼마켓.
일반 요식업소
일반 소매고객",C
"중소형 슈퍼마켓.
일반 요식업소
일반 소매고객",C
"주요 고객은 자동차 OEM업체 (Ex, 현대/기아, GM, 등 기타 자동차 메이커)
시트제조 메이커(Ex, DAS, Adient, Lear 등)
신생 전기차 진출사 (LUCID, Revian, 등)",B
"토지주, 시행사, 건설사
신탁사, 증권사, 은행
주거용, 비주거용 건물 건축주
LH, HUG, 각 시도별 도시공사, 한국산업단지공단 등 공기업
물류회사, 데이터센터를 보유한 회사
각 시도별 협동조합(재개발, 재건축, 임대사업)",B
완성차 제조사,D
"정부/투자기관
-	국토부, 환경부, 노동부 등
-	도로공사, LH, SH, 수자원공사 등
민간부문
-	민간발주자, 시행사, 재건축/재개발조합, 토지주
-	협력업체(전문업체)
-	주거시설 수분양자
상가시설 수분양자 등",C
"건설토공업체
중장비 운영업체",C
"통신 (KT, LG U+, SKT, SKB), 
대기업 (삼성, LG, 현대차, 포스코 등)
국내 보안 장비 개발사 (수산아이앤티, 엑스큐어넷, 코닉글로리, 윈스 등)
국내 공공기관 (정보자산관리원, 지자체, 국가 주요 기관 등)",A
"농자재 취급상(도매상, 소매상)
농업경영체(영농종사자, 작목반, 품목별단체)
농협(중앙회, 지역본부, 단위조합)
지자체",B
"건설사, 대형유통업체와 거래를 통해 전국 각지 소비자들의 니즈와 가치구현을 넘어 세계시장 목표",D
"주요 금융상품 판매채널: 은행, 증권 보험
주요 연기금 및 일반법인:  국내정부기관, 법인(대기업, 보험, 단체)
개인: 판매채널을 통해 판매, 펀드를 설정하여 판매채널을 통해 각 개인 및 법인에게 판매하는 방법, 그리고 직접 연기금이나 대기업집단, 각종 재단 등과 접촉해서 펀드를 판매 함.",C
건축주(토지주 및 시행사)가 주로 통합적 사업마인드를 가진 대상을 하고자 한다 ,D
"건설사
건축설계사무소
건축감리회사
CM사
시행사",C
"건설사
건재상, 타일 및 위생도기 판매점
건설자재 도매상",C
"공공기관(전산조직을 외주에 의뢰하는 공공기관)
일반 대기업, 중견기업 등의 조직 전산화를 외주에 의뢰하는 기업",C
"임가공업을 영위하는 중견, 중소기업
기업의 사무관리업무의 전산화를 필요로 하거나 개선하고자 하는 기업
시스템 유지보수를 필요로 하는 컴퓨터시스템 관리업체",B
"국내 가전회사, lg전자, 삼성전자, 해외 가전 회사
OFF-LINE 매장 중심",C
"은행업무를 이용하고자 하는 전국민(롱테일전략을 겸함)(B2C)
세그먼트는 첫 금융소비자 20대이하, 주경제인구인 3040세대, 자산보유 5060세대
신용공여가 필요한 기업(법인, 개인사업자)
수출입 금융 컨설팅이 필요한 기업",A
"공공주택 분양을 원하는 20~60대 소비자
재건축조합
업무시설공사(자사의 사옥공사를 하고자 하는 대표이사)
한국토지주택공사",C
이동통신사와 금융기업입니다,C
"고객센터(대리점) – 1차 고객
유통점(온,오프라인), 지역 판매창구(슈퍼, 목욕탕 등등)   2차 고객
우유, 발효유, 음료, 치즈를 소비하는 소비자
서울우유의 온, 오프라인 판매 : 서울우유 및 OEM공장에서 제품을 생산, 판매를 위하여 서울우유 고객센터(대리점)에 상품을 판매 혹은 위탁, 고객센터는 상품을 할당 지역 목욕탕부터 대형 유통점까지 납품, 일부의 경우 서울우유 물류 차량을 통하여 유통점 창고에 직접 배송하는 경우 있음(전국 8개 쿠팡 물류센터는 서울우유 직접 납품)",A
"오피스텔의 입주를 원하는 직장인
빌라 입주를 원하는 주부나 가장
타운하우스 입주를 희망하는 고소득 전문직",C
"분양 대행 : 건설사, 시행사, 재건축/재개발 주택 조합
부동산 개발 : 토지주, 설계사무소, 건설사",C
"솔루션 개발 목표고객 : 자동차부품제조 1차/2차벤더, 전기전자부품 제조업, 자동창고 운영업체
시스템인프라 구축 목표 고객 : 자동차손해보험사, 사단법인 손해보험사, 사단법인 생명보험사, 은행연합회 등",B
"이동통신사 (KT), 건설사",C
"건설사, 설계사무소, 토지주, 시행사
설비회사
LH공사, SH공사, 도시개발공사
직영 대리점
리모델링을 원하는 사람",C
"건설사, 설계사무소, 시행사
설비회사
LH공사, SH공사, 도시개발공사
전국에 있는 직영 대리점",C
"건설사, 설계사무소, 시행사
설비회사
LH공사, SH공사, 도시개발공사
전국에 있는 직영 대리점",C
"치과 병원 
치과 의원",C
"리모텔링을 원하는 중소상인
신종사업에 관심 있는 상가 건물 소유주 및 임대인
업종전환을 희망하는 자영업자
기존 PC방, 노래연습장을 운영하는 소상공인",B
"1군건설사 : 아파트 내부 및 공동시설, 프로젝트 적용
일반고객사 : 리모델링, 신규설치를 위한 주부, 신호부부 등
상품제조사 “ 천정재, 패널제조사 외",C
"반도체 테스트 핸들러를 포함한 반도체 및 FA 관련 설비의 개발, 제조, 판매, 서비스
코스닥 상장회사
주요고객_50% 이상 매출비중 : Micron Semiconductor Co.,Ltd, Sk Hynix Inc",C
"국가기관, 공기업, 사기업, 개인사업자",C
"주거용건물 건설사(민영건설사, SH공사, LH공사, 조달청)
재개발, 재건축관련 조합 및 시행사",C
"공공발주 : 조달청, LH공사, SH공사, 각 지방정부의 공사, 지자체, 중앙정부 등
시행사 : MDM, 신영, 인창 등 시행사
시공사 : 현대건설, 삼성물산, 대림산업, 대우건설, GS건설, 롯데건설
대기업 : 롯데쇼핑, 신세계, 이마트
재건축 조합, 재개발 조합",B
"산업자원부, 환경부 정부기관",C
"가비아
카페24 (인터넷 데이터센터)",C
"LH, SH공사 등
중대형 건설사 등
재건축, 리모델링을 준비중인 건축주",C
"다국적 기업 : 해외에 본점을 두고, 세계 여러 나라에 영업점이 있으며 한국에 진출한 기업
국내 100대 기업 : 리더십 교육이 가능한 많은 스탭 인력을 보유하고 지점,지사 등의 영업망을 갖추고 있는 회사",B
"법에 의해 외부감사가 의무화된 일정규모 이상의 주식회사
법률적 의무는 없으나 채권자, 주주, 사업파트너 등의 요구에 의해 감사서비스를 제공받고자 하는 회사
인수, 합병, 구조조정 등을 추진하는 과정에서 전문화된 실사 가치평가 등 재무 자문을 필요로 하는 법인 또는 개인
법인세, 소득세, 국제조세 등 관련 세무조정, 조사대응, 세무플랜 수립 등을 필요로 하는 법인 또는 개인",B
"교육기관(초등학교, 유치원, 어린이집)
공공기관(공공도서관, 체험관)
쇼핑몰(백화점, 의류브랜드 매장)",C
"주로 방송사, 이동통신사 및 공공기관 납품을 주로 합니다.",C
"중규모 (연면적10,000m2이상의 건물) 이상의 건물을 신축하고자 하는 욕구가 있는 고객
삼성, SK, 신세계, 롯데, 현대차, 네이버 등의 대기업 그룹사
대학교, 병원 (서울대 병원, 아산병원, 연세의료원 등)
공공기관 (세종시, 서울시, 중앙기관, 지방단체)",A
"욕실 용품 유통업체
시행사, 시공사, 중소 건설사",C
"노즐 및 밸브를 사용하는 기업
분수, 아파트 정원 공사업체
환경설비업을 하는 회사, 설계사
관공서가 운영하는 소각장, 민간운영 소각시설, 대기오염물질 발생 각종 사업장
제지공장, 시멘트 공장",B
"당사 1단계 목표 : 초중고등학교 
2단계 목표 :  B to C 이며 
3단계 목표 :  관공서 빌딩
4단계 목표 :  일반 빌딩 순입니다.
위 1단계 초,중,고등학교를 우선 목표 대상으로 잡은 이유는 자동물내림 문화를 바꾸어 가는데 있어 초,중,고등학교부터 납품 설치됨으로 습관이 바뀌고, 그 습관은 위 2단계 가정(B to C)의 문화를 바꾸게 되면서 자동물내림 문화는 다음 단계로 바뀌어 갈 수 밖에 없다고 보기 때문입니다.",C
"건설사(민영, 공영), 설계사무소, 시행사
건축자재 도소매 업체, 인테리어 업체
리모델링 주요 고객사
주거문화 개선을 추구하는 실수요자(ON라인, OFF라인)
시공회사(설비회사)
O.E.M / O.D.M 을 추구하는 회사
해외 건축자재 수입업자",C
"건설사 / 시공사, 정부사업, 설계사무소
시행사, 설계 프로그램 유저",C
