마케팅채널,label
"공공기관에서 발주하는 현상설계공모 참여
건설사, 시행사에서 발주하는 지명경쟁 설계공모 참여
건설사, 시행사, 토지주와 수의계약을 통한 수주
적격심사 등을 통한 공공경쟁 입찰참가",D
"국내외 최종 사용자의 승인을 통한 중간 업체 판매 확대
자체 영업력을 통한 신규 거래선 확대 및 기존 거래선 판매 유지
대리점을 통한 판매",B
"한국토지공사/해양수산부/지자체 등
신탁회사(개발신탁)/개인 건축주",B
" 기존거래선의 지속적인 유지 (법령에 의한 의무 용역사업)
 공공조달(나라장터)의 입찰을 통한 영업
 지역에서의 기업의 오랜된 네임벨류를 통한 관공성의 수의계약
 경영진의 관련분야 활발한 대외활동으로 인한 정보력등을 바탕으로 한 영업력",C
"LH공사, SH공사, 지방 관공서 등 직접 영업을 통한 입찰 참가
공공조달 입찰을 통한 영업
직영대리점을 통한 고객 영업",B
"인근 골재 수요처 파악 및 제안을 통해 입찰 참여
골재 운송처를 통한 간접판매 진행
개인 인맥 및 거래처 소개를 통한 영업",C
"각 건설사 목표고객(담당부서, 담당자)에게 직접 영업을 통한 협력사 등록과 입찰 참가
이전 영업자료를 통해 연락 받은 소개 인적영업
DM발송 및 카타록, 리플릿 방문 영업",C
"홈페이지 및 콜센타를 통한 상담 및 협의
스크린골프 및 프로야구 공고 등을 통한 홍보
자체 영업팀 개별영업
타사 경력직원 채용으로 영업 확대",D
"LH공사, SH공사 등의 시공사를 통한 영업
개인 인맥을 통한 개별영업",D
"온라인 마케팅
지역 총판 권한을 활용한 채널 활동
자사몰을 통한 홍보 및 마케팅
유투브를 통한 레퍼런스 전파
오프라인 대리점을 통한 영업
SNS 및 블로그 활동
자체 영업조직에서 직판 영업",B
"자체 영업 및 마케팅을 통한 Promotion
홈페이지를 통한 상담 및 협의
기존 거래업체와 개인의 WOM(word of mouth)
협력업체의 대행 Promotion",A
"건설사 방문 미팅
기존 고객을 통한 소개
개인 인맥을 통한 건축주 소개
온라인 광고(네이버 등 업종 조회)
오프라인 광고(지역 광고지)",A
"급식센터를 통한 주문
온라인쇼핑몰
공공기간 박람회 참가",D
"기술 IT제조업은 BTB이므로 고객의 영업 및 개발정보가 굉장히 보안이 필요하므로 딱히 마케팅이 필요 없으며, 이미 업체등록이 된 협력사와 신제품개발하고, 제품출하전 보통1년~1년반전에 독점으로 개발NDA맺고 시작 진행하므로 고객의 생산공장이 있는 지역에 개발 영업 및 현지 제품C/S대응이 매우 중요함.",B
"OFF LINE 영업은 타켓 회사에 당사의 제품군을 소개하면, 타켓 회사에 대해서는 인맥 등을 동원한 관계 영업을 합니다.
ON LINE영업은 제품군별 제품REVIEW등의 SNS홍보를 하고 있으며, 제품군별 다양한 PACKAGE구성을 하여 ONLINE 상에서의 나눌 점유율을 높이는 활동을 합니다",C
"대면 영업을 통한 고객 발굴
업무제휴(보험판매대리점,경영컨설팅업체 등)를 통한 고객 소개
거래 기업체의 소개
블로그 등 SNS를 통한 고객 창출
지인 및 소개영업 마케팅 등",B
"TV 노출
개인 인맥 ",D
자체 영업조직에서 개별 영업,E
"기존 거래업체와 신규 도, 소매점 직접 방문 영업
직, 간접 방문을 통한 샘플 및 단가정보 제공
업체 방문 시 매장정리와 좋은 위치 선점",C
"고객의 공급 업체 리스트에 등록을 통한 견적 제출 기회 창출
공식 입찰공고를 통한 입찰 참여
기존의 만족할 만한 공급 실적을 통한 고객들의 자발적인 견적 요청
고객의 문제점을 기술적 해결점을 제시해 줌으로서 실제 해결공사 참여",A
"공공 조달 시장 (조달 우수업체 등록을 통한 조달시장 공략)
수의 계약 시장 (각 지자체에서의 물품관련한 수의계약 시장 공략)
온, 오프 라인 시장 (방송장비의 온라인 판매와 오프라인에서의 위탁 매장 운영)",A
온라인 통합 및 자체영업조직에서 개별 영업,C
"원청업체를 통한 정확하고 신속한 배송 모니텅링
대리점 등 부품 공급망 배송 및 물품하자 도착 방지를 위한 오프라인 협의 운영",E
"목표고객에게 입찰참가
개인인맥을 통한 수의계약 유도 영업
무작위 방문판매 영업",C
"건설사 및 LH/SH공사 직접 영업을 통한 제안 입찰 참여 
인테리어 디자인회사를 통한 제안 입찰 참여",B
"첫째는 점주와 직원이 광고판이다.
 가족에게 인정받지 못한 기업제품이 과연 믿고 살수있을까?
두번짼 제품이다. 소비자가 외면한 제품을 돈으로만 해결하려는 광고 홍보를
 신뢰할수 잇을까?
세번째는 발빠르고 앞선 전략을 인터넷을 활용한 마켓팅(비용대비 효과가 매우큼)
넷짼 포장지(봉투,박스)을 활용(처음 재작비용만 지출)
등을 활용하고 지속적잉 사회봉사 기부문화 사회환원을 실천하여 기업이미지 up",D
"홈페이지 쇼핑몰
주요 고객사(목표고객) 직접영업
외부 미디어 채널
SNS, 블로그, Youtube",A
"건설사 설계팀 등 고객에게 직접 제품 어필을 통한 영업
인테리어 대리점을 통한 영업
홈페이지를 통한 온라인 마케팅 활용",A
"고객에게 직접 제품 어필을 통한 영업
개인 인맥에 의한 제조업 공장 소개 영업",D
"조명디자이너, 건축가, 인테리어 디자이너 등등 공간 디자인을 하는 직업군에게 ERCO의 제품을 소개하며, 최신 조명 기술을 전파.
대학교 학부생, 대학원생을 대상으로 조명 및 공간 디자인 교육.
SNS(페이스북, 인스타, 블로그)를 통한 브랜드 알림.
예술 관련 전시회 혹은 박람회에 참여.",B
"광고 및 홍보를 통해 연락 온 구매 희망자에게 제안 영업
개인 인맥에 의한 소개 영업
휴일 오프라인 교대 근무 영업 ",C
"오프라인 매장 운영을 통한 접점 유효고객 상담 및 제품 판매
SNS(인스타그램) 마케팅을 통한 잠재 고객 확보
개인 및 친지 인맥
지역 아파트 친목도모 인터넷 카페 
지역생활 관련 게시판",B
"광고를 통해 연락이 온 구매 희망자에게 제안 영업
블러그 마케팅
기존거래처의 소개",C
"나라장터 입찰
고객을 통한 소개
블로그 마케팅 
온라인 마케팅",B
"Blog 마케팅을 통한 당사 긍정적이고 활동적인 이미지 구축
회사 홈페이지를 통해 구축된 사례기재 및 활동홍보
SNS 채널을 통해 주기적인 IT 동향 기재 
eDM 제품별 제작을 통해 내부적으로 가지고 있는 고객사 DB를 활용하여 메일링",B
폐기물 배출 사업장은 주기적으로 방문하여 당사의 안정적인 운영을 어필하고 지자체의 경우에도 수의계약이 아닌 경우 적극적인 입찰 참여함. 폐기물 처리회사의 경우 배출업소와 갑을관계로 보기 어려움. 왜냐하면 폐기물 배출이 용이해야 생산도 원활하게 진행되기 때문에 수평적 관계로 마케팅을 하는 상황임. 또한 배출업소와 처리업자와의 거리도 운반비로 영향을 주기 때문에 지역을 크게 벗어나기 어렵고 따라서 안정적인 처리라는 실적증명을 통해 장기적인 거래가 가능함.,B
"온라인 전채널
뷰티 유튜버를 통한 레퍼런스 전파
H&B 스토어
홈페이지를 통한 고객 커뮤니케이션",B
"네이버 키워드, 쇼핑 광고
Cj, 롯데, gs 등 종합몰 입점, 판매
네이버 스마트스토어 기획전 참가
오프라인 매장 판매",B
"공공조달 입찰을 통한 영업
재개발 조합원을 통한 영업
1군회사 공동입찰 참여를 통한 영업
라디오 광고를 통한 영업",B
"온라인 주문 및 공급 체계를 활용한 양방향 고객 소통
완성차 보수용부품 유통점 방문 배송 영업
산업기계 및 자동차 튜닝 업체 직 방문 영업",C
"건설사 및 시행사 모임을 통한 유대관계 및 정보 수집
공공 조달입찰을 통한 영업",D
"국내면세점 
백화점 및 아울렛 –국내 일반소비자.
TV홈쇼핑 고객
SNS 및 On line 망을 이용한 판매",C
"국내면세점 
백화점 및 아울렛 –국내 일반소비자.
TV홈쇼핑 고객
SNS 및 On line 망을 이용한 판매",C
"광고주와 적극적인 소통을 하고 있는 광고대행사 (에이전시)
운영중인 커뮤니티내 채널 내에서 활동중인 중인 기업회원의 인바운드
관련 업계 오프라인 모임을 통한 입소문.
유튜브
홈페이지 광고 상담신청 코너",C
"온라인 채널(홈페이지, 모바일, TV, 유투브 등) 활용한 마케팅 
영업점 내.외부 광고판 활용한 마케팅
자체 영업조직을 통한 대면 마케팅
영업점 직원의 내.외부 마케팅 활동",B
"정부 지원사업의 주관기관(수출유망, IP나래, R&D평가, 비즈니스지원단 등등) 으로 중소기업과 접점 발생
세무사, 변리사, 노무사, 행정사 등의 업무 협조요청 시 진단업무 수행
중소기업 경영자문 중인 기존업체의 소개를 통해 신규 업체 확보
당사 소유의 어플리케이션을 통해 홍보 및 마케팅
: 선별된 고객군, 이미 당사와 자문계약 업체이거나 앱을 통해 회원 가입한 
업체 등을 대상으로 제한되고 선별적인 마케팅을 함. 예를 들어 수출유망중소기업 선정을 위해 신청을 희망하는 업체는 당사 어플리케이션을 통해 지원신청하면 당사가 사전 검토 후 자격요건이 충족 시 선정 후 지원사업 신청을 대행하는 등의 형태.",C
"웹사이트 광고 온라인 광고
그룹과 계약한 글로벌 기업의 한국지사 관리 
유럽 전체 시장 점유율 1위 업체의 브랜드
데이터를 기반으로 자료 분석을 통한 고객 관리",D
"우량고객(우량기업 및 종업원, 신용상태 우수한 개인 및 개인사업자) 유치로 자산 및 비이자 수익 창출",C
"홈페이지를 통한 고객영업
홈페이지를 통한 직접판매 
공공조달 입찰을 통한 영업",D
"지속적인 인적 네트워크 
다양한 강의, 무료 상담 등 참여 ",D
"기술 영업활동
고객만족도 조사
고객감사 및 각종 세미나 등",D
"전속채널: FP, GFP, TRI, RE’S, Smart FP, 법인사업부
비전속채널: GA사업부, BA 사업부
온라인
해외법인영업 (베트남, 중국, 인도네시아)",B
"영업점, 인터넷뱅킹, 대면 영업",D
"매일 색다른 음식으로 다른 음식점보다 질적으로 높은 음식으로 
차별화하여 손님을 늘리는 것!!",E
"해외 및 국내 공공기관 및 민간 건축 부분 등 입찰 참가
분양사무소를 통한 고객영업
온라인, SNS 등을 통한 마케팅",B
온라인 광고,E
"보험사 및 보험설계사무소
병원
SNS 및 블로그",C
"SNS, 홈페이지, 각종 온라인
지역 신문, 광고
대형마트 담당자 contact",C
"SNS
유튜브
개척
지인 소개
롯데, 현대홈쇼핑을 통한 DB영업",C
"기존 고객의 사업확장이나 신규투자
장비의 부품교체나 해외장비의 부품국산화
바이럴 마케팅
홈페이지 마케팅
나라장터 입찰",B
"공공조달 입찰을 통한 영업
개인 인맥을 활용한 영업
건설사에 협력업체 등록
관내 동종업체와의 협조 영업",C
"공개입찰 90%, 수의계약 10%
당사와의 꾸준한 관계를 유지한 고객사의 직원을 통해 정보수집
대리점을 통한 고객 영업
해외 에이전트를 통한 고객 발굴",B
"한국토지주택공사 등 영업을 통한 품평 및 입찰 참가
홈페이지를 통한 상담
대리점 직접방문 영업",B
"공공기관 입찰
인쇄 협력업체 영업",C
"공공조달 입찰을 통한 영업
공항공사 및 철도시설공단 등 목표 고객에게 직접 영업을 통한 입찰 참가",C
"직영, 제휴점을 통한 목표 고객 영업
온라인통합(인스타그램, 페이스북, 유튜브 등)
자체 홈페이지, 모바일 어플리케이션",C
"온라인 마케팅
영업사원의 오프라인 직접 영업활동
임직원 인맥에 의한 건설사 및 현장 소장단 영업",C
"대기업 대상 에폭시 자재 OEM, ODM 수주 영업
건설사, 시공사 등 직접 방문을 통한 제품설명 및 고객 니즈에 따른 맞춤 제품 제안
개인 인맥에 의한 소개
홈페이지 및 네이버 쇼핑을 통한 마케팅",C
"대기업 대상 에폭시 자재 OEM, ODM 수주 영업
건설사, 시공사 등 직접 방문을 통한 제품설명 및 고객 니즈에 따른 맞춤 제품 제안
개인 인맥에 의한 소개
홈페이지 및 네이버 쇼핑을 통한 마케팅",C
"홈페이지를 통한 고객 유입
SNS홍보
언론 홍보",C
"영상제작 마케팅 제작을 통해 유튜브 시장 진출
주된 마케팅 통로는 이메일을 통한 DM
바이럴마케팅",C
"TV광고,잡지,신문
SNS오피셜 운영
유튜브 및 인플루언서 협업
박람회, 전시회",B
"유튜브,네이버,카카오,페이스북,인스타그램 5대 주요채널
자사 플랫폼 채널
방송 PPL협찬
홈쇼핑 및 마켓컬리 등 온라인 채널 활용",A
"전시회 참가
지역총판
조달(종합쇼핑몰)
공공조달 입찰",C
"기존 수임한 고객, 자문회사, 지인들과 원할한 소통, 좋은 관계 유지
인터넷 블러그 통해 적극적인 회사 홍보",C
"주어진 과제에 부합하는 작품을 생산하여 타사와의 경쟁에서 우위확보.
공공조달 입찰을 통해 수주
우수한 작품을 완성하여 자연스러운 광고 효과",D
"기존 고객으로부터의 소개
관련 기술잡지 광고, 박람회 참가 홍보로 인한 영업
개인 인맥에 의한 영업",C
"계약자 및 피보험자 소개 영업
공공기관 사업 낙찰 업체 영업
지점 방문 고객을 통한 영업",C
" 국내이미 우리 plant 를 사용 중인 고객 owner, 건설사 를 통한 수주
 해외각국별 agent 통한 수주 와 영업법인 통한 수주 ",C
"홍보영양사를 통한 개별대면영업
카톡플러스 채널을 통한 기존고객 관리
메일링을 통한 고객관리
기존고객관리를 통한 구전마케팅 진행
본사홈페이지를 통한 요청고객
어린이집 연합회를 통한 홍보,영업
b2b,g2b,eat를 통한 입찰서 확인
구청,시청 공지게시판 통한 확인",B
저희는 공공발주사업의 현상설계를 통한 수주로 설계완료시 홈페이나 블러그를 통한 마케팅을 합니다.,C
"홈페이지 구축 : 수신,여신,외국환,KB카드 등 비대면 신규 가능
다양한 앱 구축으로 누구나 손쉽게 접근하고 이용할 수 있도록 플랫폼 구축
지역별 요소요소에 자동화코너 운영
전국 1000개의 지점과 출장소를 운영(대면채널)
지상파 및 비대면 광고를 통해 마케팅 실시
Ex)이승기, 김연아, 박인비, 캐디모자 등",B
당사 영업부에서 직접 영업,E
인맥 ,E
"LH공사 등 시행사 목표 고객에게 직접 영업을 통한 입찰 참가
광고를 통해 연락이 온 구매 희망자에게 제안 영업
공공조달 입찰을 통한 영업
사업설명회를 통한 부동산중개업소 및 관심 고객에게 홍보",B
"시행사를 통한 영업
공공입찰을 통한 영업",C
"공공입찰을 통한 영업
현상설계
건설사와의 협력유지
개인인맥을 통한 영업",C
"직발주 유통사, 코일센터, 컬러강판사 대상 목표 고객 영업
포스코건설 등 주요 건설사 대상 목표 고객에게 강건재 상품 등 제안 영업
구현 가능성/기술 문의 등 연락이 온 설계사에게 제안 영업
지자체/관공서 대상 강건재 상품 제안 영업(소재 대체 등을 통한 단가 저감, 공기 단축 등 이점)
국내외 주요 협회, 학회(세계철강협회, 동남아철강협회, 강구조학회 등) 대상 기술 홍보/소개 
회사 홈페이지, 별도의 제품소개 홈페이지, 홍보채널(SNS, 유튜브 등) 통한 온라인 마케팅 등",A
"광고 및 홍보를 통해 연락 온 구매 희망자에게 제안 영업
개인 인맥에 의한 소개 영업
휴일 오프라인 교대 근무 영업 ",D
적정한 대금 지불 함으로써 고객의 입소문 입니다.,D
"초기단계에는 internet, tv프로그램참여를 통한 마케팅이었는데, 현재는 고객의 입에서 입으로 전해져 바이럴 마케팅이 주를 이루고 있으며, 현재는 마케팅을 하지 않습니다.",C
"나라장터 종합쇼핑몰에 다수공급자계약을 통한 온라인 판매
영업부에서 각 수요처 영업을 통한 수주
경쟁입찰을 통한 수주",C
지방자치단체 및 공사에 입찰참가 후 수주,C
지자체 및 수요처에 견적 또는 입찰참가,C
"지방자치단체 및 보건소 수의계약을 통한 수주
경쟁입찰을 통한 수주",C
광고 및 블로그 마케팅,C
"브랜드 파워, TV광고, 신문, SNS체험, 블로그, 유투브, 인스타그램",A
"온라인 마케팅 및 자체 영업조직 영업,
홈페이지를 통한 상담/협의
카달로그를 통한 마케팅",C
"재개발, 재건축, 리모델링 추진 조합 등 주민협의체
대전시, 발전소등과의 협의",C
"티비광고, 방송출연, 보험클리닉(오프라인 매장광고), 라디오광고, 홈쇼핑광고",C
완성차 및 1차사 입찰 참가,C
시행사 및 시공사등 목표 고객에게 직접 영업을 통한 입찰 참가 ,B
"자체 영업조직에서 개별영업
자체 홈페이지 
온라인 광고
홈쇼핑
드라마 PPL",B
"자체 영업조직에 의한 영업.
전시회 참여 및 방문을 통한 영업.",C
"홈페이지
블로그
자체 영업망
지역에 한한 현수막
엘리베이터 광고",B
"대기업 고객사 입찰참가
중소기업 일반 영업
오프라인 매장 영업
쿠팡, 11번가, 기타 쇼핑몰에 온라인 마케팅",B
"온라인 판매
귀뚜라미, 대성등 OEM 판매",C
"개인 인맥에 의한 소개 영업
공공조달 입찰을 통한 영업
홈페이지를 통한 상담 협의",B
"분양대행업체 외주
바이럴마케팅",C
"LH공사, SH공사외 시공사 자격으로 입찰에 참가
자사제품의 광고와 대형사와의 협업으로 인한영업
대중매체의 광고로 고객에게 자연스럽게 다가가기 전략
지인 인맥으로 인한 영업",C
"오프라인 강의, 모임 등 사람이 많이 모일 수 있는 자리
유튜브, SNS 등
바이럴 마케팅",B
"지역 총판 권한을 활용한 판매
당사 영업팀에서 업체를 선정하고 직접 방문하여 상품설명을 통한 영업
홈페이지와 제품 카다로그를 활용한 홍보활동
국내외의 각종 전시회에 당사 제품을 전시 및 기획홍보를 통한 고객사 확보",B
업체 신규제품관련 접수 시 상품설계부서에서 샘플제품관련 원가분석 및 평가를 통하여 적정한 단가를 반영하여 입찰에 참여함.,C
롯데 육가공 업체로 납품,C
"대기배출시설 설치 기 신고 사업장을 대상으로 한 대면 영업 실시
발주처에서 발주한 공사에 직접 입찰 참가
관공서 함께하는 환경 컨설팅 혹인 관공서 주관 대기측정 참여",B
"직접영업을 통한 입찰 참가
온라인을 통한 입찰 참가",C
목표고객에 대한 지속적 방문,D
현장에서 파악함,E
"인터넷, 직접 방문 홈페이지를 이용한 방법",D
"세미나, 설명회 등을 통해 알게 된 잠재고객에 제안 영업 (대외 홍보)
협회 홈페이지를 통한 정보 제공
인맥에 의한 영업 및 홍보",B
"영업팀에서 구독자 모집
부동산 매매나 임대차를 하기 위한 고객을 대상으로 영업팀에서 영업",C
"국내 대형건설사의경우 : 회사의 자격조건. 예를들어 ISO, KS, Q-Mark, 신용도평가 점수 등을 기초로 매년 실시하는 업체선정 유지 등을 통하여 마케팅
중소건설사의 경우 : 대면접촉을 통한 지속적 개인 관리, 이를 통하여 인적관계 유지 및 입찰 참여
조달청 : 나라장터 입찰규정에 따른 구비요건 완비로 입찰참여 및 수주
A/S : 기존 수주 및 공사완료한 집합세대를 중심으로 관리하여 별도 영업리스크 최소화 및 고정고객 확보",A
"1. 동종업 같은 계열 제품을 파는 딜러를 이용한 홍보
2. 미용 연습용 마네킹 가발 등은 학교 교수와 학생들에게 세미나 지원 및 학교 후원을 통한 간접 제공
3. 인터넷 검색 채널을 통한 직접적인 접근
4. 홍보용 부스 설치를 통한 홍보활동[예; 킨텍스, AT센터 등  수일간의 미용대회 참가]
 해외 미용대회 참관 및 홍보를 통한 행사 참여",A
"자체 영업조직에 의한 개별영업
개인 인맥에 의한 분석기 및 장비업체 소개 영업
홈페이지를 통한 상담(키워드광고)",C
"고객사 직접 영업을 통한 입찰 참가
기존 고객 소개, 지인을 통한 영업
베트남 공장 방문을 통한 영업
공공조달 입찰을 통한 영업
구매업체에 대한 영업",C
"협력업체와의 지속적이고 진솔한 관계 유지 및 고객사의 니즈 파악 및 대응
직영 대리점을 통한 목표 고객 영업 
LH공사, SH공사 등 시행사 및 시공사 등 목표 고객에게 직접 영업을 통한 입찰 참가",C
"네이버,다음 등 광고 마케팅
블로그 활용",C
"라디오 광고, 엘리베이터 내부 광고, 블로그 마케팅, 페이스북, 인터넷 기사, 분양 카다로그 등",C
"발주처(건설사, PC회사 등) 고정거래처
적극적 영업활동으로 신규거래선 개척
인적 네트워크 활용한 영업
광고를 통한 홍보
신공법 개발 및 기술공모제 참여 및 수상으로 기술력 홍보",B
"B to B 대면영업을 통한 마케팅.
네이버 스마트스토어, 쿠팡 등의 플랫폼 기업을 활용한 마케팅.",B
"오프라인 직영매장운영으로 초보반려인의 방문유도 > 반려지식 나눔 
SNS (인스타그램) 를 통한 반려인과의 잦은 소통과 일상생활속의 본사제품 자연스런 노출
정기적인 자체 블로그 운영 ( 홈페이지 구매후기 모음집 등 신상품 소식 안내 )
년1회 초대형 관련 박람회(일산 케이펫 페어) 참석 > 브랜드홍보 , SALE행사.",A
"조달청 입찰을 통한 관급 납품 및 공사
유통점들의 소개 영업
개발제품의 수요에 의한 영업
혁신제품 지정에 의한 관급 수의계약
건설사 담당자들 네트워크를 통한 영업",B
"네이버카페, 유튜브등 sns마케팅
텔레마케팅을 통한 지속적인 고객관리
주기적으로 DM발송",C
"건설회사 및 시행사 고객을 대상으로 한 입찰참여로 인한 수주
조달청 입찰 수주
시행사를 통한 기술제안 등으로 인한 영업
주요고객의 소개로 인한 영업
회사 홈페이지를 통해 실적, 시공 등의 홍보로 수주 활용",C
"홈페이지
각종 온라인 쇼핑몰
오프라인 직영 및 대리점
SNS 및 블로그",C
"공공기관
민간기업 ",E
"건설사 등을 통한 직접 영업
홈페이지, 블로그, SNS 등을 통한 온라인 영업
기존 거래처, 개인 인맥을 통한 영업
건축 전기공사 업체와의 제휴",C
담당 부서에서 직접 영업,E
"1. 자체 영업조직에서 개별 영업
2. 홈쇼핑
3. B2c, B2B영업형태
4.개인 인맥에 의한 영업",C
"한 번 고객은 지속가능 고객으로 만듦. (제품의 특성 상 한 번 패키징이 결정되면 특별한 하자가 없는 한 지속적인 거래가 이루어진다.)
상품개발자, 디자이너와의 맨투맨 상담을 통한 고객사 확보. 
고객사로부터 소개를 통한 영업. 
포장기계 업체로부터의 고객사 소개.",C
시행사 시공사 설계사를 위주로 선 스펙인 등록 위주 영업활동 / 협력업체를 통한 입찰참여,C
"직접영업과 협력업체 등록를 통한 입찰참가
개인 인맥을 통한 건설사 소개로 영업",C
기거래처 소개 마켓팅으로 신규고객창출.,D
"기존 거래처에 최선을 다함
거래처 부분별 담당자에게 개개인에 맞는 응대.
동종업종 관계자와 교류에 의한 고객소개 : 미미함",D
"군부대 내 담당자 및 부대장 미팅을 통한 직접 영업
국방일보 및 환경관리인 홍보지 광고 마케팅
지역 인맥 및 단체활동 인맥 라인 구축에 의한 영업",C
"국내 유통전문 업체를 통한 공동 마케팅 및 영업
해외 자동차 판매 업체를 통한 공동 마케팅 및 영업
해외 유통전문 업체를 통한 공동 마케팅 및 영업
온라인 유통 채널을 통한 영업",C
"대리점을 통한 전문건설업체.
당사 직원의 건설사, LH공사 설계팀 및 현장 담당자 홍보 등 기술영업",C
"교통량 증가를 위해 인근주변 고속도로 이용 홍보
공휴일 통행량 창출을 위한 가볼 만한 장소 소개
교통사고 줄이기 캠페인 시행
대정부 운영평가 대응",B
"정부/지방정부/정부투자기관/정부출연기관 등 입찰참가
대규모 도시개발사업/민간투자사업/개발사업 개발하여 관련 기관에 제안 영업
건설사들과의 공동도급 추진(각자 실적보완)
토지주, 시행사 등 제안 사업 검토 선별 추진",B
"LH공사, SH공사, 지방도시공사, 건설사, 시행사의 설계관련부서에 당사 영업직원이 직접 제안 입찰 및 영업",C
영업팀에서 직접 일본 기업을 대상으로 납품,C
"실제 방문
메일과 전문잡지 매체를 통한 홍보 등
인터넷 홍보 방문
메일과 인터넷 홍보",C
"건설사 시행사 및 건설관련 지인을 통한 영업
대리점과 조달청 LH등을 통한 마케팅 ",C
"발주기관에 대한 1:1 인적 마케팅
TV. 라디오. 신문. 인터넷을 이용한 광고 홍보 
먼저 이용한 고객의 편리성에 따른 구전 홍보 ",C
"발주기관에 대한 1:1 인적 마케팅
TV. 라디오. 신문. 인터넷을 이용한 광고 홍보 
먼저 이용한 고객의 편리성에 따른 구전 홍보 ",C
"정부, 지자체, 국방부, 정부기관, 국영기업체, 정부투자기관 직접 영업을 통한 입찰 참가
당사가 보유한 특허기술 영업
경험과 신뢰를 바탕으로 한 신탁사 영업
개인 인맥에 의한 건축주 영업",C
"온/ 오프라인라인의 통합운영  : 네이버까페 홍보활동 , 브로슈어 디엠발송 
홈페이지를 통한 상담/협의
영업 대상의 프랜차이즈본사에 지속적인  대면영업활동 
SNS 및 블로그작업 
자체 영업조직에서 개별매장  영업
SNS통한 제품홍보  (홈페이지 , 쇼핑몰 , 블로그 , 카카오플러스친구  등)",C
"브랜드마케팅SNS쪽으로 확대하고 있다. 인스타,블로그,유튜브 등 
데이터 구축을 위해서 고객의 정보를 취합하기 위해서 SNS상에서 많은 이벤트 및 할인 제공
직영 대리점을 통한 목표 고객 영업
오프라인 매장",B
"기존 거래업체를 통한 지속적인 연계영업
온라인 홍보 및 블로그, 유튜브 통한 홍보",C
"광고대행
블로그홍보
유튜브 제작홍보",C
"	B2B
-	주간 메일 발송
-	내부 영업자들의 고객과 정기적인 미팅, 상담
-	고객과의 친밀한 관계 유지 노력
-	전국 대리점 및 리셀러 활용
	B2C
-	블로그마케팅, FACE BOOK, INSTAGRAM 광고
-	온라인광고 기업과 제휴, 키워드 광고, 홈페이지 정기적 업데이트",C
"건설사, 시행사, 설계사무소, 박물관, 등등 직접영업통한 입찰참가
지인소개를 통해서 입찰참가",C
"한국실내건축가협회 KOSID 활동을 통한 디자이너 관계유지 및 제품 홍보(현 상임이사)
개인 인맥에 의한 건축주 및 디자이너 영업
네이버 스마트 스토어 제품 홍보 및 소매판매를 통한 B TO B 판매유도
본사의 마케팅지원을 통한 KOSID세미나 개최
FACEBOOK, INSTAGRAM 등 SNS 홍보 마케팅
건축자재 업체들간의 상호 영업협력체 구성",B
"기존 업체를 통한 영업권 확대
개인인맥 영업
홈페이지를 통한 상담영업
영업부에 의한 개별영업",C
"사내 영업조직에서 개발영업
홈페이지를 통한 상담 및 문의
기 고객사 소개 영업",C
"전국 100개의 당사 시판창호대리점
(용림엘디디, 한결금속, 영신창호, 금진, 지현산업, 동호실업)
건설사 1차 vender(창호단종사)를 대상으로 한 입찰계약 및 수의계약
(현대알루미늄, 일진유니스코, 알루이엔씨, LG하우시스)
중소형 단종사를 대상으로한 수의계약
제조완성사 1~2차 vender(가공업체)를 대상으로 한 입찰계약 및 수의계약
(현대로템, LGC, SKI, 덴소코리아, 우진산전, 대주코레스)",C
"건설사의 외주 구매팀 또는 현장담당자 직접 영업을 통한 입찰 참가
오랜기간 공사를 수행해 온 인맥에 의한 소개 영업
완료된 공사의 담당자가 신규Project 수행시 관계 영업
건설사 협력업체 등록하여 건설사 입찰 참여
건설사 수주 지원 견적 제출하여 입찰 참여",C
"대상 목표 고객사 홈페이지 방문을 하여 인사, 재무, 자금담당자 확인하고, 전화 접촉, 오프라인 상담, 설명 및 제안하여 자산을 유치한다.
지인고객에게 개별적으로 연락하여 접촉하여 오프라인 상담, 설명 및 제안 후 자산 유치",C
"온라인 및 오프라인 채널을 이용한 홍보
홈페이지를 통한 상담
지사 및 특판을 통한 영업
공공조달 및 누리장터를 통한 입찰참여",C
"관공서, 유통 체널, 기존 고객관리 소개, 온라인 판매
희망 구매자 제안 영업, 직영 대리점 구축
공공조달 입찰 영업방식, 홈페이지 통한 상담
개별 영업 방식, 신규 대리점 교육방식
개인 인맥 소개 영업방식, 새로운 거래처 개발",C
-,E
자체 영업팀에서 개별 영업,C
"정부 지방자치단체 등 목표고객에게 직접 영업을 통한 입찰참가
중소기업 CEO, 임직원을 대상으로 이메일 및 SNS를 통한 교육과정 모집
중소기업 관련 협회, 단체 등 목표고객에게 직접 영업을 통한 컨소시엄 참여",C
"홈페이지를 통한 고객의 발주
주요 고객사(목표고객) 직접영업, 혹은 입찰 참여
다양한 채널 확보가 가능한 영업 에이젼트 활용",C
"마케팅 전문부서에서의 고객관리 및 유치
국내, 외 공급업체와의 지속적인 소통 (마케팅 부서 주관)",C
"기존 고객의 소개
온라인채널 홍보
세무정보 제공을 통화 고객과의 대화",C
"홈페이지를 통한 상담/협의
채용 포털사이트(사람인/잡코리아/피플앤잡/리크루트)",B
agent을 활용하고 있으며 향후 폐쇄몰도 운영,C
"대기업 폐쇄몰입점을 통한 특정집단 고객
인맥을 통한 특판(기업 명절선물, 사은품, 판촉물)
유통업체 단체 카톡 방, 밴드, 카페, 블로그(카테고리별 다양하게 있음)
한국SNS협회를 통한 회원사들과 교류(제품을 서로 판매해줌)
대기업 대리점을 통한 소개받은 영업",B
"공공조달 입찰을 통한 영업
일반건설업체(대기업, 중견기업, 중소건설업)와 공동수급공사 영업
전문건설업체와 주계약자 관리방식에 의한 영업",C
"업계 최소 5년 이상의 경력을 갖춘 전문 영업인을 통한 인맥 영업
관련 업계 발행 유통 잡지 등의 지면 광고",C
"포털 사이트, 대형 쇼핑몰의 온라인 광고
포털 사이트 블로그 등의 컨텐츠 지속 노출 및 체험단 운영
SNS 채널
IPTV 광고
오프라인 판매점(ex. 올리브영 등) 
신문, 잡지 광고",B
"기존 영업 조직망 및 관계
대외 지명도",C
"온라인
구전 마켓
처음 영업한 업체로부터의 지속적인 소개",C
"온라인 마케팅 (홈페이지, 블로그, 유투브, 마케팅 레터 등)
IGM교육을 들은 원우의 추천
IGM 교육 컨텐츠의 고퀄리티를 아는 교육담당자에 의한 선정",C
"위생도기 제조업체에 ODM으로 공급
리모델링 전문업체에 ODM으로 공급
건자재 유통업체에 자체 브랜드로 공급",D
"대단위 민간사업을 선도하는 디벨로퍼 (신영. SDS삼호. 인피니개발. 일레븐건설 등)
국영투자기업 (LH.SH. 경기지방공사 외) 관 주도로 건설 시행하는 업체 외",D
"공공조달 입찰
공공기업 수의계약 영업
회사영업
인맥을 통한 영업
온라인",C
"관공서 및 시공사 등 우수조달구매자재로 설계하여 목표 고객에게 직접 영업을 통한 입찰 참가
공공조달 입찰을 통한 영업",C
기술영업을 통한 최종 바이어와의 상담 협의 ,C
"전국 216개 점포를 통한 대고객 접점 채널 (2019.12.31 현재 기준)
온라인(인터넷 & 모바일뱅킹 및 콜센터 등을 통한 비접촉 채널)",C
"홈페이지를 통하 마케팅
SNS를 통한 마케팅 (인스타그램, 페이스북 등)
쿠폰 및 회원제 도입
고객이 직접 홍보 시 무료 커피 이용권 등 많은 이벤트 활용
시즌별 신제품 판매 등",B
"공공 기관, 전국 각 지자체, 랜드마크성의 프로젝트 시행사, 건축주 등에 직접 영업 및 간접 영업을 통하여 당사의 기술 영업 제안 
공모전 참여 등을 통하여 교두보 확보
건축 설계 단계에서의 기본 및 실시 설계 참여
전국 지자체가 가지고 있는 각 지역적 특성 및 관광자원 개발 사업에 적극 참여",B
"LH공사, SH공사 등 시행사 및 시공사등 목표 고객에게 직접 영업을 통한 입찰 참가
광고를 통해 연락이 온 구매 희망자에게 제안 영업
직영 대리점을 통한 목표 고객 영업
개인 인맥에 의한 건축주 소개 영업 
공공조달 입찰을 통한 영업
블러그 마케팅",C
"발주정보 습득
  . 공공 (나라장터 등)
  . 민간 (설계사, 협력사 등과의 협력을 통한 정보 공유)
  . 기존 발주처 관리",C
당사는 매출의 90%가 해외 수출 이어서 기존의 해외 전시회 및 시장개척 활동으로 상대방 회사에 신뢰를 쌓고 제품 공급업체로서 상대방의 요구조건의 합당할 경우 벤더 지정이 되어 그 범위 내에서 영업을 하고 해외 지역에 로컬 에이전트를 두고 영업을 함,C
"한국도로공사,한국공항공사 등 공공기관 목표 고객에게 직접 영업을 통한 입찰 참가
정부 및 지자체에 제안 영업
공공조달 입찰을 통한",C
"건설현장의 직접 대면영업
건축주, 기존 거래처(시공사), 시행사 등 networking을 통한 간접 영업",C
"기존 고객 관리 철저로 소개받아 규모 확대
모임 참석 홍보로 고객 확대",D
"시행사 및 시공사 등의 고객과의 직접 영업을 통한 입찰 참가 (25%)
제조사(본사)의 영업망을 활용하여(의존하여) 목표 고객 유치(25%)
개인 인맥(기존 고객)에 의한 영업으로 당 사제품 수요자 유치 (50%)",C
"기업들이 숙명적으로 받아들이고 실천해야 할 경영과제가 또 있는데, 이것은 
Compliance(준법경영)임. 
Compliance는 마케팅(영업)분야에 특히 중요시되고 있는데, 마케팅(영업)과정에서 각종 불공정 행위가 발생할 경우 직. 간접적 경영손실은 막대하고, 회사의 존폐에도 양향을 미칠 정도로 중요한 과제임.",E
"기존 거래처를 통한 소개 영업
포탈 사이트를 회사 소개 광고
관련 업종 사이트 게시판 활용한 회사 소개",C
"종합건설사 협력업체 등록을 통한 입찰 참가
자체 영업조직에서 지명원을 통한 회사 시공 기술력 홍보
회사 홈페이지에 시공 동영상, 사진 등 다양한 방법으로 주요 공법 홍보",C
"홈쇼핑에 대한 매출 
지역 대리점을 통한 매출
특사업을 통한 매출
직영대리점을 통한 매출",A
"인스타
블로그
페이스북
소개
홈페이지",B
자체 영업조직 및 외부 영업조직을 활용한 마케팅 ,C
"SNS및 홈페이지 활용
라디오 방송, VMS홍보",C
"온오프라인을 통한 홍보
건설공사의 입찰참가
토지, 건축물의 분양공고
유투브를 통한 임대주택 등 주거복지 홍보",C
"시행사 영업
인테리어 회사에 제안 영업
해외 제조사(본사)로부터 해외 현지 건축설계사 영업",C
"수입 주방가구는 반드시 설계와 인테리어 컨셉에 맞는 레이아웃과 마감을 선택해야하기 때문에 발주처와 직접적으로 대면 협의를 통해 모든 작업이 이루어집니다.
마케팅 방법은 주로 인테리어 업체. 시행사. 건설사에 제품 브로슈어를 전달해드리고
사업지역과 실 입주자의 취향과 라이프 스타일을 고려하여 제안서를 만들어 제출하여 드립니다
제출한 제안서와 도면에 근거하여 견적서를 제출하게 됩니다
지인을 통한 영업방법도 가능합니다",C
"공공입찰을 통한 수주
공개되는 회사정보(신용등급)을 기본으로 1군민간 기업에 협력사 등록제안 영업",C
"한국토지주택공사, 대구도시공사 등 발주처, 시행사 등 공공입찰, 민간입찰을 통한 입찰참가
광고를 통한 직접 홍보 및 분양사업 (자체 사업)
개인영업, 연락을 통한 사업 수주
대학교 실습생 체험 등을 통한 회사 홍보 및 마케팅",B
"온라인 포털 광고
인적네트워크를 통한 영업
나라장터 입찰",C
"종합건설업체 협력사 등록
개인 인맥을 통한",D
"1안 – 지원기관 (RIPC )기관의 지원 프로젝트 (2020 프로젝트의 40%)
2안 – 나라장터를 통한 정부입찰 – 20%
3안 – 지명경쟁 – 업체간 지명 경쟁을 통한 프로젝트 수주",C
"KT의 B2B 영업채널(영업조직)을 통한 제안 영입
홈페이지를 이용한 홍보 마케팅",C
"밸브류
 - 위생도기업체와 공동개발 또는 ODM을 통한 년간 계약
소비재 상품
-	쇼설커머스 및 홈쇼핑
오프라인 (백화점, 고끼오, 모던하우스, 이마트, 롯데마트)",C
"매일 매일 신규 약국 정보 입수(심평원 자료) – 전문 판매자에게 제공
개발 제품에 대해 사전 약국 약사들 대상 온라인 제품 정보 제공 – 유투브 교육, 카톡 질의 응답 등 
전문 판매자 용 앱 개발 – 제품정보, 판매수수료, 정책 등 정보 제공
홈페이지 활성화 – 제품 정보,를 통한 질의 응답, 판매원 모집, 계약 등
전문 유튜버 활용 등",A
"고객에게 직접 영업을 통한 입찰 참가 
회사 소개서 , 블로거 , 홈페이지 
관공서 입찰 ",C
"고객에게 직접 영업을 통한 입찰 참가 
회사 소개서, 블로거, 홈페이지 
관공서 입찰 ",C
"인맥을 통한 영업
고객에게 직접 영업.
회사 소개서. 
박람회 참가.",C
"SNS를 통한 마케팅 
확보된 DB를 이용한 마케팅 ",D
"관공서 및 공공기업 발주에 대한 입찰 참여
신규 노선 개발을 통한 민간투자사업 개발",C
"개인 인맥을 통한 고객 영업
홈페이지를 통한 상담
블로그 마케팅(예정)",D
"차별화된 브랜드 구축으로 다시 찾고 이용하고 싶은 구매충동 소비자
품질확보와 원가절감을 통한 가격 경쟁력을 생산하는 기술연구소
신뢰와 신속하고 친절한 A/S 시스템 
품질. 신뢰. 원가의 우수성을 인정한 시행사. 개발사",E
오프라인,E
"우리가 수행한 프로젝트가 영업기능 수행
장소에서의 특별한 경험제공 → 온라인이나 고객사를 통한 디자인사 확인 → 연락 온 고객에게 영업상담 및 제안
회사의 미래가치 중심으로 제한적인 공공조달 입찰참여",C
"온라인 오프라인 분양광고
개인 인맥에 의한 신뢰 정립",C
"제조업체와 연계한 영업
인터넷 및 모바일을 통한 광고(키워드 및 블로그, SNS)
건설사 및 시행사에 제안서 영업
인맥을 통한 영업",C
자사 홈페이지를 통한 영업,D
"주요 고객사(목표고객) 직접영업, 혹은 입찰 참여",C
"지인소개[건축계획을 통한 적극적인 건축의도 및 요구사항반영 전달]
조달청홈페이지[입찰 및 현상공모 참여]
당사의 홈페이지를 통한 수주",C
"건설회사 직접 영업
개인 인맥에 의한 조합 소개 영업
거래처 담당자 이전에 따른 신규 고객사 창출",C
"TV 본사 브랜드 광고
입소문
문자, SMS
DM 및 이메일
P.O.P",C
"건설사 및 설비회사에 영업활동 및 입찰참가를 통해 매출창출.
직접영업 또는 지인을 통한 소각장, 발전소, 지역난방공사 등 매출창출.
조달청 입찰공고를 통한 영업.
기존 거래처의 재구매 활동에 의한 매출창출.
홈페이지, 전시회 참가 등 홍보활동을 통한 매출창출.",C
"공공경쟁 입찰의 우위조건 확보를 통한 수주 영업
LGU+ 고객서비스 유지보수 및 서비스상품 수주 
풍부한 시공능력으로 책임시공 및 관리의 신뢰를 통한 채널 관리",C
"신기술 개발과 특수 공법으로 경쟁력 있는 제안 영업
공공경쟁 입찰의 우위조건 확보를 통한 수주 영업
풍부한 시공능력으로 책임시공 및 관리의 신뢰를 통한 채널 관리
채널관리를 통한 영업 추진",C
"공공경쟁 입찰의 우위조건 확보를 통한 수주 영업
풍부한 시공능력으로 책임시공 및 관리의 신뢰를 통한 채널 관리
채널관리를 통한 영업 추진",C
"당사 영업부에서 고객을 상대로 직접 영업하여 수주
이대한경제신문 광고 등을 통한 발주
공공부문은 공법심의에 참여하여 기술 영업",C
"공공입찰을 통한 수주
공개되는 회사정보(신용등급)을 기본으로 1군민간기업에 협력사 등록제안 영업",C
"온라인 통합 마케팅
매년 온라인 컨퍼런스 개최(신기술, 제품, 서비스 관련 내용 발표)
유튜브 채널 운영을 통한 정보 전파
네이버비즈니스플랫폼(NBP)와 티맥스소프트의 업무협약(MOU)를 통한 클라우드 마케팅
뉴스레터 콘텐츠 작성, 브로셔 제작, FAQ 제작, B2B 영업 등의 마케팅",A
"지자체(시.구청) 영업 
공공조달 입찰을 통한 영업 
인터넷 파워링크 및 블로그, 유튜브 마케팅",C
"업체조사 후 직원에 의한 1:1 대면영업
개인 인맥 또는 거래처에 의한 소개영업",C
"자사의 홈페이지를 통한 채널.
바이어의 거래처를 통한 소개
박람회, 전시회를 통한 회사 노출(진행 예정). ",C
"기존고정 거래처의 요청.
설계사무실과 협업
협력사와의 죠인트협업
광고앱을 통한 홍보",C
"선택적 집중을 위한 다양한 마케팅 채널을 운영하지 않음
동업계와의 경쟁력은 고객사의 간접홍보에 역점을 두고 진행 (입찰 요청 시만 참여)",E
본사 직접 제안 영업,D
"토지주 지인을 통한 매각 제안
기존 거래해 오던, 금융권 PF 담당부서,
분양 시에는 분양대행사를 통한 마케팅",C
"POSCO Network 활용
철강분야 개인 인맥 활용",D
"거래처 브랜드에 신상품 제시
오프라인 직영매장과 sns통한 상품제안",C
"기존 및 신규 고객사 연구소 개발실 등 중심 PR 
전시회 / 홈페이지 / 유투브 등 소개하고 문의 대응
인맥을 통한 소개 영업 
대리점 체결하고 대리점 영업 ",C
"중국 플렛폼 사업자 (진둥 타오바오 모구지에 쥬메이) 모바일 (위쳇상 왕홍) 	
동남아 모바일상(유투브 페이스)
각파트너 들과협력영업",B
"지속적인 관계를 형성할 수 있도록 영업
퇴사 후 고객 회사로 이직 한 소장에 의한 신규 거래처 확보한다
LH공사, SH공사 등 공공기관 발주처에 대한 환경 친화적인 자재를 공급한다.
가설자재 작업자의 무게를 30% 이상 경감하여 제공함으로써 근골격계에 미치는 영향을 최대한 감소시킨다",E
고객 기반 네트워크,E
"공공조달 입찰을 통한 영업을 한다
개인인맥에 의한 소개 영업을 한다
시공사례를 통한 추천 영업을 한다",C
"건축설계사를 통한 영업
SH공사, LH공사등 시행사를 통해 시방서 등에 제품이 적용될 수 있도록 영업
건축현장을 직접 찾아다니며 영업",C
"동종업 같은 계열 제품을 파는 딜러를 이용한 홍보
미용 연습용 마네킹 가발 등은 학교 교수와 학생들에게 세미나 지원 및 학교 후원을 통한 간접 제공
인터넷 검색 채널을 통한 직접적인 접근
홍보용 부스 설치를 통한 홍보활동[예; 킨텍스, AT센터 등 수일간의 미용대회 참가
해외 미용대회 참관 및 홍보를 통한 행사 참여",B
오프라인 매체광고 및 SNS 및 블러그,C
"블로그, 인스타 마케팅
유튜브를 통한 상품 전파 
온라인 통합",C
"건설사, 시공사, 시행사 입찰 
대리점 영업 
바이럴 마케팅
각 유통 업체 입점 제안",C
"정부 예산 확대를 위한 기재부 및 국회 등 이해 관계자 마케팅
벤처출자를 통해 연기금 등 기관 출자자의 수익률 확대 마케팅 ",D
"건설사에서 진행하는 연간 단가 입찰.
공공발주처(LH공사, SH공사, GH공사 등)에서 진행하는 현장 담당자 직접 영업",C
"홈페이지를 통한 온라인 마케팅
SNS를 활용한 마케팅
각종 전시회 참가를 통한 홍보
신문 등 언론사의 기사를 통한 홍보
개인 인맥에 의한 영업",C
"특별한 마켓팅 채널이 없음
주로 기존의 고객의 소개 등 개인적인 채널",E
"지인들과의 지속적인 만남
거래처와의 컨설팅을 통한 영업확대",D
"다수의 장기 직거래 고객사 및 대리점(가공센터)에서 직접/간접 입찰 참여를 위한 문의
해외 수출상사, 대리점, 그룹사 중계 END-USER 직접 접촉 (90%이상 B2B시장)
설계사-건설사-고객사 대상 솔루션기술 설명회 주기적 실시
정부유관부처/학회/협회 통한 당사 제품 및 이용기술의 직간접 지원
글로벌 컨퍼런스 개최를 통한 당사 브랜드 이미지 제고 등 홍보 (TV광고는 기업이미지홍보만……..)",B
"건설 시행 주체 (건설사, 시행사, 건물주, 토지주, 신탁사)가 요구시 서비스 제공
기존고객의 소개에 의한 영업
개인 인맥에 의한 (건설 시행 주체) 영업",C
"유튜브 등을 활용한 기관 또는 사업홍보
부서별로 사업에 대한 온오프라인 설명회 개최 및 홍보
홈페이지를 통한 상담
방송국, 신문사 등을 통한 사업성과 홍보 등",C
"개인 인맥에 의한 거래처 소개영업.
기존 고객사의 철저한관리로 관련업계에 저변확대.",C
"토목시공 전문 건설업체 등 목표 고객에게 직접 방문 영업
이메일로 수신하는 건설업체들의 공개 입찰 참가 요청서에 입찰 참가
다년간의 운영으로 충성고객 보유 및 소개 영업
개인 인맥에 의한 소개 영업",C
"시공사와의 직접 영업 
지방 영업소를 통한 지역 시장 활동 
서울 등 수도권 페인트 전국 건재 유통 대리점 
전문지 및 관련 미디어 광고
SNS 및 블러그 ",C
"공공조달 입찰
금융감독원의 지정 배정
개인 인맥에 의한 법인/개인사업자 소개
기존 거래처의 소개
법인 홈페이지를 통해 연락이 온 법인/개인사업자",C
"B2G > 우수제품, MAS. 벤처나라, 학교장터
B2B > 건설사, 설계사, 대리점
B2C > online쇼핑몰",C
"한성 브랜드 강화 및 영업 지원 강화(한성 슬로건 및 OOH) / 
온라인 마케팅 활동을 통한 한성자동차 브랜드 강화
: COVID-19 이슈 완화를 감안한 한성자동차만의 차별화 대외활동 운영 및 
온라인 광고 및 바이럴 컨텐츠 다양화 및 신규 CRM 프로그램 시행",E
"구매 고객에게 직접 영업을 통한 입찰 제안
지인을 통한 영업
건설사 임원 퇴직자, LH공사, SH공사 퇴직자를 영입하여 전관 영업",C
"시행사와 설계사무소에 당사 영업팀에서 직접 영업
건설사 임원 퇴직자, LH공사, SH공사 퇴직자를 영입하여 전관 영업",C
"지인
설계사
금융사",D
"입찰 및 수의계약
대표 인맥 수주",D
"공공발주에 의한 입찰 및 현상공모 참가 및 홍보
건설사의 관계 및 인맥을 통한 영업",C
"고객사 본사 및 연구소 영업 제안을 아이템 다변화 실시 (현대모비스, 엘지전자)",E
"시공사에 의한 입찰
회사 방침에 의한 영업
블러그 마케팅",C
"공공건축 부문 : 발주리스트 확보 및 기술형/TK/종심제 등 분야별 강점을 보유한 입찰참여
공공토목 부문 : 도로/철도/택지/조경 등 당사에 특화된 분야에 수주 참여
민간부문 : 광고/홍보/모델하우스/SNS/방송 등을 활용하여 마케팅 진행 및 지역거점 활용",C
"각종 공사(LH, SH, 경기도공 등등) 경쟁설계로 수주
시행사와 시공사의 토지 매입 지원 및 법규해석 지원 등의 영업
기타 설계가 필요한 분들의 상담으로 진행",C
"기존 건축주 또는 지인을 통한 마케팅
준공건물의 우수성을 통한 마케팅
현상설계를 통한 공공입찰",C
"국가기관 및 공공기관의 직접 영업을 통한 입찰참가
온라인 마케팅을 통한 홍보
브로슈어 배부를 통한 소개영업
개인인맥에 의한 건축주 소개 영업",C
"건설사와 설비사의 책임자와 대면 영업
전국의 대리점(판매점)을 통한 영업.
전시회참여",C
지인영업 및 인터넷 광고,D
"창업 46년의 신뢰
SNS
인터넷 마케팅",D
직접영업 / 오픈마켓마케팅 / 블러그 마케팅 ,D
"LH공사, SH공사 등 시행사 및 시공사 등 목표
직영 대리점을 통한 목표 고객 영업",C
"조달청, 정부투자/출연기관, 지자체 등에 대한 정보, 영업 등으로 입찰 참가",C
"네이버 키워드 광고
유투브 채널 
SNS , 블로그, 카페
언론 보도자료 
홈페이지 ",C
"자료를 통한 개인 영업
지인 소개 및 기존 거래처에서 소개
온라인 영업 계획 진행 중",C
공사 후 철저한 사후 써비스와 기술력을 제공함으로써 계속적인 소개와 인맥 관리입니다,D
"블로그 마케팅, 인스타, 페이스북, 유튜브 등 SNS 마케팅",C
"목표 고객에게 직접 영업을 통한 입찰 참가
광고를 통해 연락이 온 구매 희망자에게 제안 영업
개인 인맥에 의한 건축주 소개 영업 
공공조달 입찰을 통한 영업",C
"현 고객사 소개를 통한 잠재 고객사 영업 및 제안 (법인장, 인사총무 담당자를 통한 소개)
건설사 소개를 통한 잠재 고객사 영업 및 제안 (신규 공장 건설중인 법인)
개인 인맥에 의한 소개",C
"시공사 경쟁입찰 
관공사 경쟁입찰
개인 인맥을 통한 건물주 소개",C
"소비자가전 유통채널을 통한 목표 고객 영업
통신사 유통채널을 통한 통신고객 목표 영업
Distributer를 통한 하위 영업망 연결 매출 연계(B2B 제품 등)
완성차와 직거래를 통한 수주영업 채널운영
공공기관 및 다중시설 직접 영업을 통한 매출 기회 확대
온라인 비즈니스 기회 확대 
자사 브랜드샵 운영확대를 통한 성장시장 공략",A
"공공조달 시스템을 통한 입찰
D.M발송을통한 상품제안
영업사원을 통한 대면 홍보
기존 거래처의 입소문 ",C
"건설시공사, 설계사 및 조달등 단열, 방수 재료와 기술을 필요로하는 고객
무기 부품등 플라스틱, 고무외 화학 정밀제품을 필요로하는 고객",E
"약사 대상 제품 설명회 및 영업조직 영업
TV 광고, 디지털 광고, 전문지 광고, 블로그, SNS광고
온라인, 오프라인 거점 매장, 자사 홈페이지",C
"대부분이 소개 마케팅
지역별, 업종별 등 선별한 기업 전단 작업",D
"총판 권한을 활용하여 지역별 채널 구축
경쟁사 제품을 사용하는 기업에 직접 영업
국내 전시회 참가를 통한 영업
인맥을 통한 영업
홈페이지를 통한 홍보",C
"기존 거래처를 통한 소개 영업
포탈 사이트를 회사 소개 광고
관련 업종 사이트 게시판 활용한 회사 소개",C
"각종 SNS 계정
자사 공식 온라인몰
대리점 영업 홍보",C
"공공발주처 및 공공공사 평가 전문가들과의 인적 네트워크를 통한 정보 교류
주요 설계, 엔지니어링사와의 네트워킹을 통한 프로젝트 정보 입수 및 협업
대형 시행사, 신탁사, 금융기관 등과의 네트워킹을 통한 사업 정보 파악 및 협업 기회 모색 
기업광고, 프로젝트 홍보 등 언론 매체를 통한 인지도 제고",A
"파트너급 임원진의 고객사 경영진과의 인적 네트워킹
경제, 경영 관련 컨퍼런스 참여를 통한 대외 노출
Linked in, Youtube, facebook 등 온라인 매체를 통한 기업홍보",B
"온라인 광고 (케이블 채널 tv광고, 포털사이트, SNS)
대출상담사를 통한 마케팅 (영업사원을 통한 수익창출-보험설계사 개념)",C
"개인 인맥을 통한 소개영업
기존 고객의 추천을 통한 소개
고객사 직원의 창업을 통한 확산
기존 생산품 홍보를 통한 영업",C
"자료를 통한 개인 영업
지인 소개 및 기존 거래처에서 소개
온라인 영업 계획 진행 중",C
"인맥으로 인한 소개
전시회 등을 통한 업체 홍보로 업체와 관계 정립",D
시행사 및 시공사 직접영업을 통한 입찰,D
"SNS 및 블로그 마케팅
주기별 문자메시지 발송
오프라인 직영 매장
카카오톡 단톡방을 통해 고객과 직접적으로 소통 
고객 데이터를 활용한 텔레마케팅
총판활동
전화영업",C
"중점 관리 설계사를 통한 설계 영업
LH공사, SH공사, 지방 도시공사 및 시행사, 시공사 등에 입찰 참가 
건축주, 운영사에 대한 기술 및 대체 시공 방안 제시 영업
기존 고객에 대한 철저한 A/S 관리로 신규 고객 창출",C
"건설용역사, 시공사, 용역 발주처에 대한 직접영업
지역 대리점을 활용한 기술적용 영업
사내 조직에 의한 개별 영업
홈페이지를 통한 기술 홍보",C
취재원의 거래처와 협력,D
"사회관계망 서비스를 통한 홍보
홈페이지를 통한 관계망 확보
SNS 및 블러그
지역 네트워크를 통한 이미지 제고",C
서울시와 버스조합의 홍보,D
"건설사나 설계사에 협력업체로 등록되어 입찰참가
우수 사례에 대한 시상을 통한 홍보",D
"이커머스 시장의 홍보마케팅(키워드 광고, 세대 연령 타켓 광고)
SNS 홍보(인스타그램, 페이스북, 블로그 등등)
이마트 등 오프라인 행사(행사 진열대 선택)",B
"해외 우수사례를 통해 한국적인 제품으로 개선하여 제품 개발 후 전시회 통해 소개
B2B 구매대행사에 제품 등록 후 홍보 마케팅
협회 및 학회 세미나에 협찬사로 참가 부스 홍보
각 매체 (신문, 정보지, 월간소식지, 기업사보) 통해 홍보
베트남 정부 통해 관련 기관 및 업체에 홍보",A
" 온라인통합
 네이버 구글 키워드광고, 홈페이지를 통한 상담/협의
 유투브 채널 을 통한 브랜딩 과 인바운드 확장 
 특정 업종 신문광고 및 세미나 개최 
 SNS 및 블러그",C
"면세점 특판팀에서 구매 요청 
중국 상인들 자체 정보
자사 홈페이지 - 인바운딩 마케팅 영업",C
"기존 고객사 네트워크를 통한 영업
포털을 통한 검색광고
SNS 및 블로그 등을 통한 바이얼 마케팅
국가 경쟁입찰을 통한 제안 입찰",C
"기존 고객사 네트워크를 통한 영업
경쟁입찰을 통한 입찰제안",C
기존 고객사 네트워크를 통한 영업,D
"조달청과 한국농수산물유통공사에 입찰을 참여
오뚜기 CJ제일제당에 제안서와 담당자 영업
시장 가격보다 경쟁력 있는 가격을 제시하면 시장 참여자들이 연락을 함
각각의 유관업체와 소통채널을 유지하여 기업이 연락 함",C
"유튜브, 페이스북,  인맥, ",D
"공공기관 입찰
인쇄 협력업체 영업",C
"인스타그램, 페이스북, 네이버 블로그 
자사몰을 통한 상품, 프로모션
유튜버 콜라보레이션 마케팅
170개 오프라인 매장 
인플루언서 노출 마케팅 ",B
"온라인 광고(포털, 홈페이지, 부동산께페, 블로그, 유튜브 등)
옥외광고 및 외부판촉(차량광고, 현수막, 게시대, 전광판, 부동산, 집객시설 등)
모델하우스 운영
공공조달 입찰 및 시공실적 확보등을 통한 영업
언론사 홍보",C
"대형건설사를 비롯 건설사 고객 등에 대한 영업
SNS를 통한 친환경 자재에 대한 홍보강화  
다른 자재에 비해 시공성 /경제성 등이 뛰어난 점을 건축관련 잡지에 지속적으로 홍보 ",B
"홈페이지를 통한 상담
유튜브를 통한 전파
오프라인 직영 매장
SNS 및 블러그",C
"대리점, 목표 고객에게 직접 영업을 통함.
공공조달 입찰을 통한 영업. 블러그 마케팅.",C
"국내 종합건설사 본사 및 현장 임원 및 책임자에게 직접 영업하여 입찰의 기회 얻음.
회사의 신용평가 및 수주액을 기반으로 한 실적을 통해 협력업체 등록을 하면 입찰 참가의 기회 얻음",D
"공공 택지 확보를 위한 LH, SH 등의 입찰
개인 보유 택지나 건물을 매입 또는 공동사업 진행
NPL화된 사업지의 분석을 통한 부동산 매입
공공 공사 입찰 참여
대관청 제안 사업",C
"대면을 통한 지속적 영업
비대면을 통한 지속적 영업
온라인 시장 개척을 통한 B2C 영업
오프라인 매장
온라인을 통한 영업. 인스타그램. 블러그 , 체험단
전시회 참가를 통한 홍보",C
"1.	수요자의 평판을 통한 채널
2.	협력 대리점을 통한  채널
3.	업계 평판을 통한 채널
*** 산업용 자재들이다 보니 특별히 광고가 필요하지 않았으나, 이제는 SNS 를 통한 광고. 즉 네이버등에 적극적으로 광고를 해야하지 않을까 고심하고 있음. 광고를 강화하면 힘이 약한 협력 대리점등의 반발도 어느정도 예상되어 상황을 주시하고 있음.",C
"R&D 컨소시엄 및 개발을 통한 고객과의 공동 개발
고객과 직접 기술영업 미팅을 통한 마케팅
전시회 및 학술 대회를 통한 직접 마케팅",C
"LH공사, SH공사 등 시행사 및 시공사 등 목표 고객에게 
직접 영업을 통한 입찰 참가
도, 소매업체 직접 방문 영업",C
"포탈사 조회
기시공사의 추천
자제 영업조직에서 개별 영업
총판 권한을 활용한 채널 활용",C
"자체 전국대리점제 운영
종합카로그록 배포
온라인 판매 홍보
자체 개별영업",C
"건설사에 필요한 업무지원(신기술, 인허가 지원, 디자인 제안)
공공조달 P/Q 입찰
마케팅 임원을 통한 영업",C
"건설사 특판 전기담당자 영업
lh공사.sh공사 지방도시공사 시행사나 시공사
대리점을 통한 희망고객
전기공사업체
공공조달입찰
전기신문 광고",C
"사회단체 및 회사 등과의 업무협약을 통한 제휴
수술고객의 지인소개
많은 수술경험을 통한 단체 수상경력이나 유명인등, 셀럽들의 방문사진게시를 통한 이미지 구축",C
오프라인 영업,D
기존 거래처 중시,D
관공서 입찰 참여,D
"직영 대리점을 통한 고객영업
건설사, 조선사, 플랜트사 직접영업",C
"목표고객 (건설사)에게 직접영업을 통한 입찰 참가
공공조달 입찰을 통한 영업
광고 및 소비자 직접영업을 통한 판매
개인 인맥을 활용한 건축주 소개 영업",C
광고 및 소비자 직접영업,C
오프라인 영업,D
"건설사 입찰 참가
공공조달 입찰을 통한 영업
광고 및 소비자 직접영업을 통한 판매",C
"온라인판매, 다단계(유통전문판매)판매, 약국 유통판매, 홈쇼핑판매, TM 판매 등으로 시장을 구분하여 판매",D
고객사 신제품 개발제안,D
자체영업조직을 통한 오프라인 마케팅,D
오프라인 영업,D
"자체영업조직, 온라인 마케팅",D
대면영업,D
"공공 조달, 대리점 및 직영 마케팅",D
자체영업조직을 통한 오프라인 마케팅,D
"공공 조달입찰, 온라인 마케팅",D
"인맥을 통한 영업
자체 영업팀을 통한 마케팅",D
"조달MAS계약을 통한 관공서
정부입찰을 통한 공급
인터넷광고를 통한 고객 확보
대리점 관계를 통한 공급확대",C
개인 인맥 및 인터넷 광고을 통하여,D
건설사 입찰참가 및 현장원가방안 해결,D
"홈페이지 운영
기업 판촉물, 기업체 폐쇄몰을 통한 홍보 오프라인 브랜드 대리점 운영홍보",C
"SNS를 통한 일괄 홍보채널 보유
공공기관 인트라넷 협업을 통한 마케팅 실시",C
업체 신규제품관련 접수 시 상품설계부서에서 샘플제품관련 원가분석 및 평가를 통하여 적정한 단가를 반영하여 입찰에 참여함.,E
"오프라인 컨택을 통한 목표 고객 영업
기출시된 상품에 명기된 제조사를 참고하여 연락이 온 고객 대상 영업",C
"발주청(관) : 도로공사, 지방국도관리청, 각시도 지자체, LH공사, SH공사, 철도공사 등..
시공사등 목표 고객에게 직접영업을 통한 입찰 참가",D
"LH공사, SH공사 등 시행사 및 시공사 등 목표 고객에게 직접 영업을 통한 입찰 참가
광고를 통해 연락이 온 구매 희망자에게 제안 영업
직영 대리점을 통한 고객 영업
개인 인맥에 의한 건축주 소개 영업 
공공조달 입찰을 통한 영업
홈페이지를 통한 상담/협의
자체 영업조직에서 개별 영업",C
자체 영업조직에서 개별 영업 ,D
"시행사 및 시공사등 목표 고객에게 직접 영업을 통한 입찰 참가
브랜드 홍보
네크워킹을 통한 건축주 영업 
공공조달 입찰을 통한 영업
온라인 마케팅",C
"거래처에 샘플을 공급하여 소비자가 직접 제품선택하도록 영업
디자인 잡지에 제품 광고 
건설사 영업을 통한 제품 공급 
SNS / 블러그 마케팅 
드라마등을 통한 노출을 통한 마케팅 ",B
"온라인을 통하여 마케팅을 합니다.
홈페이지를 통한 상담과 협의
유투브를 통한 홍보
SNS 및 블러그",C
"당사 월간 뉴스레터
SNS (Facebook, Twitter, Linkedin, 등), 유투브, 전문 오디오 잡지
오프라인 영업, 마케팅 활동",C
"온라인 홈페이지를 통한 소식 전달
 동문 회원제를 이용한 밴드, 카카오톡의 단체 카톡방
 학과별 조교와의 협력관계를 통한 교내 게시판, 공지란 공유
 동문회보 발행을 통한 오프라인 신문 매체 활용
 동문회관 건물 내 접객실과 같은 오프라인 회의실 제공
 동문회관 5층 강당을 활용한 세미나, 오케스트라, 합창단 등 모임, 행사장",C
"직접 영업을 통한 고객 확보
세무 정보 제공으로 전문성 신뢰",D
"제품을 구매사용한 고객의 마우스 마케팅
설치된 제품의 파생 마케팅
성공한 인적 네트워크의 공유 마케팅",C
"주문자 생산 방식(OEM) 영업.
제조업자 개발 생산 방식(ODM) 영업.
고객사와의 회의 및 협업을 통한 오프라인 위주 영업.",C
"한방포털싸이트
네이버포털싸이트
블러그 마케팅
유투브
자체 광고",C
직영 하도급으로 직접 영업,D
"SNS를 통한 목적지 및 테마별 홍보 및 영업.
여행사를 통한 홍보 및 영업.
홈페이지를 통한 홍보 및 영업.
개인 인맥에 의한 할인 및 영업.",C
"온라인(쿠팡, 11번가, 신세계, 옥션, 네이버, GS
홈페이지 구글이나 네이버 등 온라인 노출
오프라인 직영점 홍보: 농협, 이마트, 백화점
특판점을 통한 전국 초,중,고 홍보
대형식자재 공급사 가공원재료 공급 홍보",B
"광고를 통해 연락이 온 구매 희망자에게 제안 영업
직영 대리점을 통한 목표 고객 영업
총판 권한을 활용한 채널 활용
온라인 총판매 점
홈네트워크 판매사 ",C
"중앙정부, 지방정부, 국회, 지자체 의회, 각 기관, 협회 등 
지자체 각 사업단, 유관단체 등",D
"지자체 육성 과일, 야채, 가공식품 등 
식품회사/제약사 등
포털사이트 대행사, 광고대행사 등
소비자 대상 직접마케팅 기업",C
"제품과 시장특성 상 특별한 마케팅 채널은 요구되지 않음.
산업박람회",D
"LH공사, SH공사 등 시행사 및 시공사 등 목표 고객에게 직접 영업을 통한 입찰 참가
광고를 통해 연락이 온 구매 희망자에게 제안 영업
개인 인맥에 의한 건축주 소개 영업 
공공조달 입찰을 통한 영업",C
"유튜브, 개인홈피, 공공입찰, 블러그, 개인인맥을 통하여",C
"네이버 블로그 마케팅
유투브 마케팅
기존 고객들을 통한 소개",C
"기존 고객과의 지속된 관계유지
지자체, 공기업 등 목표고객에게 직접 영업을 통한 수의계약 
기존고객의 소개에 의한 영업
개인 인맥에 의한 신규 고객 소개
공공조달 입찰",C
오프라인 매장과 유투버를 통한 기업 소개,C
당사는 매출의 90%가 해외 수출이여서 기존의 해외 전시회 및 시장개척 활동으로 상대방 회사에 신뢰를 쌓고 제품 공급업체로서 상대방의 요구조건의 합당할 경우 벤더 지정이 되어 그 범위 내에서 영업을 하고 해외 지역에 로컬 에이전트를 두고 영업을 함,D
"오프라인 직영 매장을 통한 마케팅
총판권한을 활용한 채널 영업
가격비교사이트를 활용한 채널 영업
바이럴마케팅을 통한 영업
자체 영업조직에서 개별 영업
온라인 통합",C
개인 인맥에 의한 건축주 소개 영업,D
시행사 등 직접 영업 또는 인맥을 통한 입찰 참가 또는 본사 홈페이지를 이용합니다.,C
시행사 등 직접 영업 또는 인맥을 통한 입찰 참가 또는 본사 홈페이지를 이용합니다.,C
"도서발간 (년 2회 기획재정부 목적사업)후 무료 배포
목표로 하는 고객에 대하여 팩스, 재단 홍보자료 발송
서비스를 받은 고객의 추천, 소개
개인 인맥 및 소개
홈페이지 홍보",C
"종합건설사, 전문건설 시공사 등을 목표로 고객에게 직접 영업을 통한 입찰 및 인맥 영업
전국 지역 영업망을 구축. 지역 거점 영업",C
"종합건설사, 전문건설 시공사 등을 목표로 고객에게 직접 영업을 통한 입찰 및 인맥 영업
온라인 홈페이지를 통한 영업
소규모 가설재 임대업체를 통한 재임대 영업",C
"토지주, 건축주, 시공사, 금융기관 등 각각의 고객에게 직접 영업을 통해 사업 하고자 하는 목표물에 대한 신속 하고 리스크 없는 솔루션을 제시
개인 인맥을 통한 소개 영업",C
"자사몰, 네이버스토어 등 온라인 마켓
해외 협력사를 통한 해외 마케팅
SNS",C
"한국지사에서의 시장조사 리포트
전시회
구글링",C
고객에게 직접 방문하여 제품 및 가격 정보 제공,D
"전자제품 제조업체에 당사 제품의 품질 안정성 등을 어필한다
직접 고객에 대해 당사 영업부에서 영업한다",D
기술영업을 통한 최종 바이어 와의 상담 협의 ,D
"협력사 등록으로 인한 공개 입찰
개인적 인맥 및 과거 회사와의 인연으로 인한 수주",D
고객에게 직접 방문하여 제품 및 정보제공,D
"메이저 건설사(현대, 대림, 삼성 등)에 납품되는 자동문 업체 영업
해외 전시회를 통한 국가별 자동문 업체 영업
메일 및 SNS를 통한 온라인 영업
알리바바 및 무역협회를 통한 각 나라별 지사화 영업",C
"회사내부 영업조직
홈페이지를 통한 상담영업
기존고객사 제품을 통한 상담영업",C
"영업조직에서의 개별 방문영업.
박람회 참가
홈페이지를 통한 상담.
온라인 키워드에 의한 전화문의.
신문 스크랩 정보",C
오랜 경험과 고객의 신뢰를 바탕으로 인하여 고객의 소개로 거래처 증대를 꾀하고 있습니다,D
"오랜 영업 활동으로 맺어진 모든 고객사
인맥을 통한 소개로 신규 고객을 계속 유치하고 있음
업무 능력이나 성과를 인정받을 때 인맥을 통한 신규 고객 유치가 가능, 따라서 기존 고객사들이 생산활동에 부족함이 없도록 최선을 다해 지원하고 있음
인터넷을 통한 잠재 고객사 searching",C
"현 고객사의 관리.
인맥에 의한 소개.
홈페이지를 통한 상담.",C
"A사
-기존 다른 거래처 레퍼런스를 바탕으로 영업 
 지속적인 개발업무 담당자와 연락을 롱한 소개 영업
B사
-치과 및 의료기기 전시회를 통한 영업
 개인 인맥을 통한 소개 영업 및 제안",D
"신문방송사
하도급업체를 통한 입소문마케팅
마케팅 전문기업 활용
자체 마케팅 팀 운영
자체 홈페이지 활용",C
"공개입찰사이트
지인소개
업협회홍보
홈페이지",C
"공공기관(조달청, 지방자치단체, 공사, 지방공사), 시행사, 재개발/재건축 조합, 민간기업 등 발주기관 입찰 참가
민간 발주처(시행사, 민간 기업체, 주택조합)에 기술제안을 통한 영업
개인 인맥에 의한 건축주 소개 영업
기존 용역수행중인 현장의 사업관리기술인에 의한 영업
투자신탁, 시행사 등 사업관련 서비스 선 제공을 통한 사전 영업
홈페이지 및 온라인, 자체 영업팀에 의한 개별 영업",C
"목표 고객에 대한 인맥으로 발주처의 설계, 감리 용역에 컨소시엄 입찰 참가
본사가 가진 가치역량으로 컨소시엄 용역의 협력사 참여 영업
설계 혁신요소를 확보하여 기술제안방식 컨소시엄 용역의 협력사 참여 영업
평가 심의위원 인맥을 활용한 영업 ",C
"LH, SH 공사 등 시행사 및 시공사 등을 목표로 고객에게 직접 영업을 통한 입찰 참가
공공조달 입찰을 통한 영업",D
"광고 및 홍보를 통해 연락 온 구매 희망자에게 제안 영업
개인 인맥에 의한 소개 영업
휴일 오프라인 교대 근무 영업 ",C
"브랜드마케팅MBA교육 강의를 통한 채널
CEO 모임을 통한 채널
온라인 채널(블로그 페이스북 등)",C
"임직원 선물 및 고객선물의 수요가 있는 중견, 대기업 영업
인지도 있는 브랜드의 상품을 판매를 희망하는 전국에 분포된 기업특판 전문 유통회사 영업
스마트스토어를 통해 우수상품을 구매하려는 개인 고객 타겟 영업
블러그 마케팅 ",B
"딜러 네트워크 
본사 직영 판매 (정부/군납/대기업 입찰)
온라인 판매 (SNS 등을 활용) 시도 
홈페이지/SNS 등을 통한 기업이미지 홍보 및 제고 ",C
자체 영업팀에서 시공사 및 설비업체에 직접 영업을 한다,D
"건설사 외주구매, 시공사 건축담당
개인 인맥에 의한 건설사 관계자 영업
대리점을 통한 영업",C
"온라인 오프라인 채널 영업
국내외 직영 대리점을 통한 판매 및 서비스
유투브 등 SNS 마케팅",C
"오너 및 실무자들과의 지인찬스/개인인맥, 마케팅
조달청 “3자단가계약”을 통한 공공기관 입찰 영업
코트라 등을 활용한 해외 마케팅
온라인 홈페이지를 통한 직영몰 매장운영 
라이브 방송을 통한 온라인 마케팅 전파",C
"직접 영업을 통한 입찰참가
팜플렛을 이용한 기계 홍보
거래처를 통한 구전 영업
대기업과의 1:1 상담 협의",C
"DM의 발송
에너지 신문 등을 매체를 통한 영업
검사대상기기 설치내역에 의한 개척영업에 의한 고객 영업
가스공급 도매사업자에 의한 소개영업과 기존 LPG공급현장 보일러 등의 관리
정보공개청구를 통한 관심지역 보일러 설치현황의 영업활용",C
"조달청 제품홍보.
설계사무서 설계영업",D
"당사 마케팅 팀원들의 개별 영업 진행
전자제품, 휴대폰, 디스플레이제조 업체등 목표 고객에게 직접 영업을 통한 BIDDING 진행",D
"글로벌 제조사(애플, 삼성전자, 엘지전자 및 중화 스마트폰 제조사) 구매, 연구소등 직접 마케팅 활동
IT 관련 모듈회사와의 기술 협업 등을 통한 승인 및 시장 확대
자동차 전장업체 및 2차전지등 부품사들과 주기적인 연구개발 미팅에 제안제시로 확대 마케팅",D
"삼성디스플레이, 삼성반도체, SKHynix 거래 중에 있고, 꾸준한 CS대응으로 영업활동 연계함. 
영업사원 및 타인의 소개로 연락이 온 경우에 오더메이드 방식의 장비 구성을 제안함으로써 실제 생산라인에 필요하도록 제안 함.
영업사원 개개인의 인맥에 의한 영업방식과 고객사 소개에 의한 영업
공개 입찰에 참여 ",C
"블로그 등 각종 SNS채널
TV광고, 지면광고, 버스/지하철광고 등
대리점 설계사를 통한 시음, 체험 광고
전국대리점에 강의를 통해 구전(건강 강의를 통한) 광고
온라인, 오프라인, 방문판매원 영업
CSR을 통한 기업마케팅, 
연예인 제품 협찬을 통한 SNS광고 ",C
회사에서 전문교육을 이수한 영업사원을 통하여 고객사에 직접방문 영업,D
"성, 정부 설계원을 통한 공장 신규건설 및 신축 건물 정보
공개 입찰을 통한 참여",D
"홈쇼핑, 온/오프라인, 수출 등 
카카오톡 브랜드 채널, 충성고객 SMS 관리 
유튜브를 통한 다양한 정보 제공
SNS 및 블로그 바이럴 마케팅
인플루언서 공구 ",C
"브랜드를 통한 다양한 고객 접촉
개인 인맥을 통한 소개",D
"시행사, 시공사, 설비회사, 건축주 등 친밀한 영업을 통해 입찰 참여 및 SPEC 제안 
온라인 판매 및 홍보를 통한 거래처, 단골 고객 확보",C
"블로그, 인스타 마케팅
유튜브를 통한 상품 전파 
온라인 통합",C
"자체 영업조직에서 개별 영업
유튜브를 통한 상품소개 영상 
홈페이지 활용
각종 건축박람회 참가",C
"온라인(홈페이지, 블로그, 네이버카페, 유튜브, 카카오채널)을 통한 홍보
유저 콘테스트 등 자발적 사용자 참여 이벤트를 통한 홍보
주 사용 유저들이 구독하는 매체 지면 광고 
골프대회 및 지하철 등 오프라인 A보드 광고
전국 총판, 파트너 네트워크를 활용한 지역별 홍보",B
"본사의 광고
기계약자의 소개를 통한 채널
돌입방문을 통한 개척
이관고객을 통한 추가계약",C
"LH공사, SH공사 등 시행사 및 시공사 등 목표로 지금도 진행 및 추진하고 있다
전국 유통망 근접하여 도매 판매 구축
최종 시공단계 업체와의 능동적 관계성 구축",D
"건설사, 설계사등 목표고객에게 직접영업을 통한 수주 혹은 입찰참가
개인인맥에 의한 수주 영업
신뢰관계가 구축된 기존 거래처로부터의 서비스 제공 요청
블러그 마케팅",C
"영업 라인을 통한 직접 영업
회사의 협업관계를 맺은 협력사의 간접 영업",D
직접영업 / 오픈마켓마케팅 / 블러그 마케팅 ,C
고객사에게 영업 / 본사 홈페이지를 통한 제품소개 및 광고,C
"설계사무소 영업으로 제품 스펙을 설계에 포함
건설사 직접 영업
지자체 직접 영업
대리점 통한 영업",C
"화물차의 경우 적재정량, 적재톤수를 각 특수화물차종에 따라 적재톤수를 다르게 변형할 수 있는데, 이것을 국토해양부 인증 절차를 거처 허가한 차량만 사용자가 원하는 적재톤수를 등록하여 사용할 수 있는데, 전국 많은 특수차량 제작하는 업체와의 소통을 통해 필요한 고객에게 정보를 신속하게 제공하므로 고객이 필요한 차량의 정보 없이 판매를 못하므로 같은 업종에 일하시는 고객을 소개해주는 경우가 많습니다. 특장 제작사가 어떤 차량을 생산허가를 가지고 있는지 정보를 알고 있는 것이 중요 하다고 하겠습니다.",D
"고객에게 제조 서비스를 제안하는 프리젠테이션 실시
고객사의 공개입찰에 참여
고객을 제조 현장에 초대하여 현장 시찰 진행",C
"시행사, 자산운영사(개인 인맥 및 지인 소개)
건설사(부대입찰 및 경쟁입찰 참가) 
설계 및 감리(미국 콘크리트 기술학회지 소개 및 블러그 마케팅)",C
"영업사원을 통한 직접 영업.
전단지나 온라인 채널을 통한 영업.
가락시장내 중도매인 상회를 매입하여 직접구매 실현.
대리점 개설을 통한 판매권 확보, 독점적 지위확보.",C
"영업사원을 통한 직접 영업.
전단지나 온라인 채널을 통한 영업.
가락시장내 중도매인 상회를 매입하여 직접구매 실현.
대리점 개설을 통한 판매권 확보, 독점적 지위확보.",C
"자동차 부품사의 특성상 일반 상업광고는 맞지않음
고객사 Netwerk 활용
HomePage 및 회사 제품 브로셔 (www.gimaterials.com)
국내/해외 전시회 참가도 가능하나 아직까지 활용가치에 대하여는 검토단계임",D
"LH공사, SH공사 등 시행사 및 시공사, 증권사 등 목표 고객에게 직·간접 영업을 통한 입찰 참가
개인 혹은 임직원 인맥에 의한 건축주 소개 영업 
공공조달 입찰을 통한 영업
영업담당부서에서 신탁사, 증권사, 법조계 영업 및 소개를 통한 영업",C
완성차제조사 구매/설계 방문,D
"정부 및 투자기관의 공식적 채널통한 영업
자체 역량을 발휘한 사업발굴/개발(SOC, 기타 개발사업)
시행사 및 각종 조합과의 소통",C
기존 고객의 소개,D
"온라인통합
총판 권한을 활용한 채널 활용
홈페이지를 통한 상담/협의
유투브를 통한 레퍼런스 전파
다양한 마케팅 프로그램 실행 및 세미나 개최
오프라인 직영 매장 및 데모 시스템 운영",C
"농자재 전문취급점 영업
정책사업에 참여
End-user인 영농인에게 영업
Mass-media와 교육/세미나를 통한 성공사례 소개
Digital/SNS Marketing",C
"온라인 총판 마케팅
블로그 마케팅
개별영업",C
"개인 및 법인 대상 펀드판매시스템을 갖춘 모든 은행, 증권사, 보험사
정부 연기금, 대기업, 공제회, 재단 등
관련하여 홈페이지, SNS 등을 통한 홍보 및 향후 디지털 직접판매시스템으로 확대. ",C
민간산학연의 핵심파트너들을 통하여 채널을 확장한다 ,D
"주로 종합 건축설계사
주로 종합 감리회사 
주로 CM 회사
일부 LH, SH 공사
일부 시행사
일부 건설회사",C
"타일 단종업체를 통한 건설 시행사 및 시공사
중간 도매업자를 통한 매장 영업
자체 영업조직을 이용 인테리어 업체 영업",C
"나라장터를 통한 입찰
대기업, 중견기업과 협업을 통한 영업
영업조직에서 자체 영업",C
"회원사(S/W분야의 회원조직으로 15개사가 영업 및 기술확보 공유)를 통한 원천 영업소스 취득
중견기업과 협업을 통한 위탁 영업",D
"인적 자원의 네트워크
개별 영업",D
"스포츠마케팅 활용(하나원큐)
오프라인 점포
SNS 및 블로그
온라인 통합
TV CF 등 ATL, BTL 모두활용",A
"분양 홈페이지, 사무실, 인터넷 배너 운영
모델하우스 오픈 및 운영
청약을 통한 운영",C
자체 영업조직에서 개별 영업을 진행하고 있습니다,D
"고객 직접 영업, 직영대리점, 광고주, 개인 인맥, 블로그, 홈페이지, 유튜브, 직영매장, SNS 등
우유 : “급식” 어려서부터 우유에 친숙해질 수 있도록, 학교와 군대 등 채널에 집중
발효유, 커피, 발효유 : 인지도가 떨어지는 제품은 위 BEST사례 전 채널을 통해 마케팅",A
"분양대행사
마케팅업체
홈페이지를 통한 광고홍보
SNS 및 블로그를 통한 홍보",C
"시행사, 시공사, 조합 등 고객에게 직접 영업 통한 입찰 참가
개인 인맥을 통한 영업",D
"솔루션 개발 (MES 구축) / 시스템 인프라 구축 / 유지보수 사업 
자체 영업조직을 통한 시스템통합(SI) 직접 영업 
솔루션 세미나 및 각종 전시행사를 통한 홍보 마케팅
벤더를 통한 구매요청에 따른 입찰수행 
조달청을 통한 공공 입찰
홈페이지를 통한 문의 / 제안 
산 학 연 연구과제를 통한 과제수행 및 공동프로젝트 진행",C
"이동통신사, 건설사 목표 고객에게 직접 영업을 통한 입찰 참가",D
"LH공사, SH공사 등 시행사 및 시공사 등 목표 고객에게 직접 영업을 한다
광고를 통해 연락이 온 구매 희망자에게 제안 영업
직영 대리점을 통한 목표 고객 영업
전시장에 찾아오는 고객에 대해 B2C 영업
블러그 마케팅",C
"LH공사, SH공사 등 시행사 및 시공사 등 목표 고객에게 직접 영업을 한다
광고를 통해 연락이 온 구매 희망자에게 제안 영업
직영 대리점을 통한 목표 고객 영업
전시장에 찾아오는 고객에 대해 B2C 영업
블러그 마케팅",C
"LH공사, SH공사 등 시행사 및 시공사 등 목표 고객에게 직접 영업을 한다
광고를 통해 연락이 온 구매 희망자에게 제안 영업
직영 대리점을 통한 목표 고객 영업
전시장에 찾아오는 고객에 대해 B2C 영업
블러그 마케팅",C
"치과 신규 개원의 박람회를 통한 신규 수요 창출
ON / OFF LINE을 통한 정보제공 및 제품 공급을 위한 유통망 구축
수입 및 국내 제조사와의 원활한 유통망 구축을 통한 신뢰 확보",C
"개인 인맥에 의한 소개 영업
지역 광고를 이용한 맞춤형 영업
기존 거래 업체의 소개에 의한 리퍼럴 마케팅
다수의 매장 있는 핵심지역에서 직접 운영 관리하면서 마케팅에 활용",C
"기존 인맥에 의한 영업
전국의 전시장 운용
전시장을 통한 홍보로 구매희망자에게 영업
공공조달을 통한 관공서 영업",C
자체 영업조직에서 개별영업,D
"네이버 키워드 광고, 인맥, 유튜브",D
"공공조달 입찰을 통한 영업
재개발. 재건축조합 및 시행사 영업
민영건설사 전자입찰 및 수의계약 영업
수입가구 전시장을 통한 목표 고객 영업",C
"기존고객을 통한 소개
공공기관에서 공개하는 발주계획
미디어를 통한 정보 취득
인맥을 통한 수주
공공경쟁 수주
홈페이지나 SNS를 통한 의뢰",C
"환경부, 산업부 R&D를 통한 시범사업",E
"총판 권한을 활용한 채널 활용
자체 영업조직에서 개별 영업",D
"LH공사, SH공사등 관급공사등에서의 풍부한 공사 경험에 의한 높은 평판
업계 관계자들과의 커뮤니케이션.",D
"홈페이지 및 블로그, 카페
고객리스트를 이용한 이메일 마케팅
Naver 키워드 마케팅",C
"상장사의 경우 일정기간 정부에 의한 강제배정
비상장사 등은 대부분 인적네트워크
외부감사법 및 공인회계사 윤리규정에 의해 매체, 인쇄물 등을 통한 마케팅활동은 상당히 제한되며, 인적 네트워크와 법인의 평판에 의존함",D
"온라인 SNS 마케팅
지역 대리점을 통한 채널 활용
자체 영업조직을 통한 판매",C
기술 바탕으로 한 고객사에게 필요한 기술제안을 고객에게 직접 영업하여 입찰 참여하는 마케팅을 주로 합니다,D
"기존 고객의 재 문의
대형 그룹사에서의 참여 초청 대응
공모(현상설계)의 응모 및 당선을 통한 수주
공공, 민간의 입찰공고에 참여
공식 유튜브, 홈페이지, 블로그, 밴드 운영
재직 직원들의 수주정보 제보 (제보 시 인센티브 지급 제도)",C
"거래처의 소개 : 주로 문제 현장에 대한 해결책으로 소개 받음.
납품했던 제품을 보고 찾아오는 손님",D
"기존 구매했던 고객의 재구매
인맥을 통한 영업
당사 영업팀",D
"당사 제품의 특성상 기축시장(기사용중인 양변기 대상)과 신축시장(새로 건축, 리모델링 등 대상) 두 가지로 나누어 볼 수 있는데,
기축시장은 각 도, 시 교육청을 대상으로 하고 있으며 그 교육청을 대상으로 영업을 하는 채널은 전국 대리점 및 영업 딜러들입니다.
신축시장은 위생도기 전문회사 또는 위생도기 판매상이 마케팅 주 채널이라고 볼 수 있습니다.",D
"민영, 공영 등 시행사 및 시공사 목표 고객에게 직접 영업을 통한 입찰 참가
홈페이지 및 카다록 배포를 통한 ON라인, OFF라인 광고 영업
지역대리점 방문 활동을 통한 목표 고객 영업
개인 및 지인 인맥에 의한 건설사, 건축주 소개 영업
OEM/ODM 통한 구매조건부 신제품 개발 영업
해외 전시회를 통해서 판촉 및 바이어 발굴",C
"시행사 및 시공사 현장설명회에 참가하여 입찰에 응한다
시공사 연간단가 계약을 맺어 안정적인 영업을 한다
홈페이지, 언론홍보, 공식 블로그 및 SNS
고객사의 추천",C
