비용구조,label
"인건비
외주비
관리비",E
"재료비
인건비
물류비
사무실임대료
기계감가상각비
영업비",E
"인건비, 시공비, 재료비, 하자처리비
사무실 임대료",E
" 인건비
 설비투자비(분석장비, 측정장비)
 재료소모품비(시약구입비 등)
 건물 및 기계감각상각비
 사무실임대료
 차량유지비
 기타운영비",E
"인건비, 원재료비, 물류비용
설비투자비, 기술개발비
건물 및 기계 감가상각비",C
"인건비(외주비 포함), 장비대, 유류대, 전력료, 감가상각비, 소모수선비 외",E
"원가대비 60% 정도의 원자재비
인건비 영업부, 생산부 ,a/s팀
매년 상승되는 인건비를 줄이기 위한 지속적인 자동화라인, 환경 설비 투자비
물류비
납품 및 시공비
서울소재 영업부 사무실 임대료
제조공장 건물 및 기계 감가삼각비",D
"사내 전산 개발 및 유지보수비
사무실 임대료
에이전트 수수료
영업차량 유지비
데이터 서버 운영비, 인건비",B
"인건비
재료비
운송비
영업비
설비투자비",D
"인건비, 재료비, 물류비, 설비 투자비, 기술 개발비
금형 개발비, 운영비, 영업비, 광고 및 홍보비",A
"인건비, 원자재비, 개발비, 설비투자비",C
"인건비
사무실 임대료, 창고 임대료
차량유지비 및 관리비
물류비용
비 회수 채권
악성 재고",D
"인건비, 부자재비, 홍보비, 물류비용
기기설비투자비, 상품개발비, 
일반관리비
건물 및 기계 감가상각비",C
상기답변으로 대체함.,E
"인건비, 광고비, 택배(물류비), 포장재료비
사무실 임대료
통신, 서버사용료
컴퓨터 등의 감가상각비
인건비 인건",B
"영업활동비
광고 및 홍보비, 영업비, 사무실 임대료",C
"인건비
영업비",E
"원료 물품대
인건비
물류비용",E
"인건비, 임대료
차량유지비
샘플비 (판촉)
출장비, 차량유지비, 여비 숙박비, 식비, 선물대
소모품비(창고운용에 필요한 수리비, 잡자재 등)
하자보수비(타일대금, 운반비 또는 인건비)
전산관리비
문구비",D
"재료비 (제작 포함) 약 70%
인건비 약 20%
사무실 및 기타 약 10%",E
"방송장비 시스템 개발 비용( 연구소에서 필요한 설비투자 포함)
제품 생산비용 (외주생산비 포함)
외주 시공회사와 외주 기술자비용
영업비용, 운영비",C
"광고 홍보비
인건비
사무실 임대료등",C
"직원 급여, 인건비, 복리후생비
사무실임대료, 설비감가상각비",E
"인건비, 재료비, 판매관리비",E
"자재비
노무비
시공비
외주비
설비투자 및 기술개발비",E
"인건비,제조비,냉장동 관리비,물류비,광고비
 마케팅비,설비 투자비,메뉴연구 개발비
건물,공장,기계 감가상각비
운영비,데이터 서버운영비,차량 관리비 및 운영비",A
"상품매입비용
수입, 통관, 검사 비용
배송 물류비
건물 및 인테리어 감가상각비
생산, 지원, 영업 인건비",D
"영업비
제품개발비
사무실임대표
인건비
광고 / 홍보비",B
"영업비
사무실임대표
물류비용",E
"제품 구입 비용
수입 관련 운송 비용
다양한 마케팅(교육 및 전시,박람회 참가) 비용
ERCO 제품을 사용하고, 제안하는데 필요한 서비스 비용
사무실 임대료
인건비 등등",D
"광고 및 홍보비
자동차용품 비용",D
"제품 사입 비용
사무실 임대료
관리비(전기세, 수도세, 통신비)
4대 보험료(건강보험료, 연금보험료)
대출 이자 비용
카드결제 수수료
차량관리비(주유비, 소모품비)
설비투자비, 인건비",D
"인건비, 시공비, 재료비, 광고비, 물류비용, 시무실임대료",D
"인건비(직원)
자재비
사무실 유지비(임대료, 차량들 관리비등등)
세금(4대보험료, 종소세, 법인세 등등",D
"마케팅비, 운송료, 소모품비, 접대비, 회의비, 차량유지비, 차량렌탈료, 외주개발비, 데모장비구매비
인건비(급여, 인센티브), 복리후생비, 4대보험, 임대료, 관리비, 제세공과금, 이자비용
시스템운영비(ERP, 그룹웨어, 문서공유 협업시스템, 원격근무 보안인프라시스템 등)
사업지원수수료(법무, 세무회계, 각종교육컨설팅 등 수수료), 각종인증(이노비즈, 벤처기업, ISO인증, 정보통신공사업 등) 진행 및 유지비
환경개선비, 자산구매비, 시설관리비",C
"소각하고 남는 소각재의 매립비용
오염방지시설 운영을 위한 약품비용
시설 개선과 유지보수를 위한 수선비와 소모품비
인건비와 전기 및 상수도 비용 등",E
"인건비, 광고선전비, 임차료, 판매수수료, 지급수수료, 연구개발비",B
"가죽, 원목 등 소재 구매 비용
소파 제작 인건비
소파 배송 비용
광고비
사무실 임대료
매장 운영비",C
"공사비(재료비, 인건비,외주비)
직원 경비
사무실 임대료",E
" 사무실, 물류센타 임대료
 상품 재고비용
 인건비",C
"인건비.자재비.물류비.숙박비
사무실 임대료
공구비",E
"인건비.
매장인테리어 비용
광고선전비",C
"인건비.
매장인테리어 비용
광고선전비
판매수수료(백화점,면세점, 홈쇼핑등 마진)",C
"인건비
웹/앱 개발비
특허확보
사무실임대료, 서버운영비, 광고대행비",B
"인건비, 영업비, 광고비, 감가상각비",C
"인건비
앱개발 및 관리비
사업장 임대료, 관리비
임,직원 교육비",E
"인건비, 물류비용
광고비, 영업지원비
데이터 서버운영비
건물 및 기계 감가상각비",C
"인건비, 광고비, 운영비, 물류비용, 임대료, 감가상각비, 업무추진비",C
"개발비, 인건비 
금형비 
임대료",D
"인건비가 거의 대부분임
기타 사무실 및 사무용기기 임차료, 잦은 출장에 따른 출장비 및 차량관련비용, 식대 등의 복리후생비
전문지식을 유지하기 위한 교육훈련비",E
"인건비, 재료비, 경비, 감가상각비, 개발비, 일반관리비
접대비, 복리후생비",D
"인건비, 사무실임대료, 전산개발비, 현금배당금
신계약비 및 유지비. 보험금, 사회적공헌비용 등",D
"인건비, 광고비, 영업비",D
"식자제
인건비
임대료
가스비
수도요금
전기세",E
"인건비, 협력업체비, 장비렌트비, 영업비, 설계비,  기술개발비, 임대비 ",D
"원자재비용
인건비",E
"사무실 임대료
영업비
렌탈장비 사용료
우편비
자동차 유지비",E
"인건비, 광고비
차량유지 비용, 유류비
사무실 임대료 등등",D
"광고비
홍보비
고객관리
프로모션 비용",C
"인건비,재료비,차량유지비,임대료
물류비,출장경비,외부가공비
운영비 ",E
"인건비, 자재비, 건설장비 임차료, 사무실 관리비 및 감가상각비
공사용차량 운영비 및 감가상각비",E
"자재비용 50%~60% (알루미늄)
인건비, 시공비, 하자보수비, 연구개발비
사무실임대료, 접대비
압출, 도장, 금형 제작에 필요한 기계류 유지비",D
"인건비, 시공비, 재료비, 물류비용
임대료, 영업비, 회사운영비
연구개발비",D
"사무실임대료
인건비
재료비
외주가공비",E
"인건비
사무실임대료 등 운영비
건축 외 타분야 외주비",E
"임대료, 관리비
투자비 감가상각비(인테리어, 집기, 전산장비), 수선비
복리후생비(급여 등)
매출원가(상영 부금, 매점 제료비)",E
"노무비 (급여/퇴직금)
경비 (영업비)
자재수입대금
외부재 재매입대금
사무실 임대료",E
"인건비, 재료비, 물류비, 운영비, 영업비 등
원료비
연구개발비
설비투자비",C
"인건비, 재료비, 물류비, 운영비, 영업비 등
원료비
연구개발비
설비투자비",C
"원자재비,인건비,관리비,영업활동비",E
"사무실 임차료 , 기술개발비, 서버운영 및 시설투자비",C
"제품원가,연구개발비,마케팅비,판관비,해외법인운영비",D
"상품매입비,물류비,컨텐츠제작비,채널수수료,판관비,마케팅비",D
"인건비,
시공비
자재비 
설비투자비
기술개발비
공장임대료
건물 및 기계 감각상각비",C
"본사는 법률회사로 인건비가 전체 비용의 80% 정도이며, 그 외 블로거 관리리, 임대료, 건물관리비, 사무재료구입비가 있습니다.",E
"인건비, 씨스템(소프트웨어포함) 투자비 및 감가상각비
사무소 임대료 및 관리비
기술 개발비 및 교육비
각종 소모품등 재료비
직원 후생복리비",D
"인건비, 재료비, 출장제경비 등",E
"SGI서울보증 지점에 대리점이 상주하고 있습니다.
임대료나 관리비가 별도로 청구되는 건 없습니다.
렌탈장비(프린트, 토너) 사용료
인건비
우체국 등기 비용",E
" 재료비, 인건비, 물류 비용, 현지 파견 인력의 조립 비용
 해외법인 운용비, 해외 agent 수수료, 해외 출장비
 일반 관리비, 감가상각비",E
"인건비, 물류비, 운영비, 렌탈비, 유류비, 차량유지비, 매몰비용, 건물감가삼각비, 마케팅비",D
"저희 회사는 우수인력확보를 위한 인건비가 가장 많으며, 그 다음은 디자인 작업에 필요한 자료구입(전문도서)과 장비(컴퓨터 및 프로그램)입니다.",E
"인건비(기본급여, 인건비성 복리후생비, 퇴직급여 등)
물건비성 경비(물건비, 제삼각, 제세공과)
이자비용
전산비용(이용료, 개발비 등)
광고비
기타",D
"임직원 인건비
사무실 임대료
공고 수수료",E
"인건비
사무실 임대료
영업비",E
"인건비, 시공비, 재료비, 광고비, 물류비용
건설장비 임대비
공사용 차량 운영비 및 감가상각비
사무실 임대료 및 관리비
설비투자비, 기술개발비",C
"시행사비용 : 설계 및 각종 용역비, 모델하우스 건립비, 분양대행사 운영비
건설비용 : 자재비 및 노무비, 장비비
사무실 관리비 및 감가상각비
각종 보험료 외",E
"인건비
협력업체 외주비
사무실 관리비 및 출장비",E
"인건비, 재료비, 광고비, 물류비
설비투자비, 기술개발비, 판매관리비
임대료, 건물 및 장비/장치 감가상각비 등",C
"광고 및 홍보비용
자동차용품 비용",D
"운송비, 임대료",E
"인건비,시공비,재료비,차량유지비,수입물류비,직원복리비",E
"인건비
원자재비,
사무실및공장임대료
기계감가상각비
시공비,기술개발비,",D
"인건비, 자재비, 임대료
기계감가상각비",E
"인건비, 자재비, 재료비, 물류비
사무실입대료
기계감가상각비",E
"인건비, 자재비, 임대료
카다로그 및 광고비
기계감각상각비",D
"인건비, 원부자재비, 체인점 관리비, 홍보비",D
"설비투자비, 기술개발비, 렌탈장비 사용료
인건비
운영비
영업비
광고 및 홍보비
유통비용
설비투자비
데이터 서버운영비",B
"인건비, 운영비, 설비투자비, 렌탈 장비",D
"인건비, 시공비, 가스구입비, 배관 및 시설 감가상각비",E
"설계사 수당, 광고비, 임대료, 본사 인력 인건비",D
"설비투자비, 몰드개발비, 연구시험비, 설계비용, 건물 및 기계감가상각비",E
"인건비, 시공비, 장비비, 자재비 현장별 숙소임대비",E
"인건비, 자재비, 광고비",D
"자재비, 인건비 , 설비투자비, 기술개발비",C
"인건비
영업활동비
광고비
렌탈 제품 구매비요",D
"인건비, 원자재비, 사무실 임대료, 건물 및 기계 감가상각비
영업비, 운영비, 유통비용
해외공장 운영비",E
"1.	인건비(연구원) 및 기술개발비
2.	원자재가(재료비)
3.	광고 및 홍보비",B
"인건비
사무실임대료
렌탈장비 사용료
영업비, 운영비",E
"인건비
설계비
시공비
재료비
광고비
분양수수료
사무실임대료",C
"인건비, 영업비, 자재비, 기술개발비, 고정자산의 유지비, 
감가상각비, 물류비 등",D
"임대료, 인건비가 비용의 95%",E
"인건비, 제품매입비, 물류비용
데모장비 구매비용(선투자)
운영비, 영업비, 광고 및 홍보비(전시회)",D
"인건비 및 시설운영비, 자재구입비, 설비투자비, 기술개발비",C
"인건비, 설비투자비, 재료비, 사료비, 약품비, 시설유지비",C
"인건비
측정장비 및 분석장비 구매비
측정 및 분석에 사용되는 장비 소모품비
실험실 시약구매비 및 운영비
사무실 운영비
차량구입비 및 유지관리비.",E
"채광비, 운반비, 장비구입비, 인건비, 임대차 비용, 시설비, 장비 시설 유지비, 운송비, 영업비 등",E
"인건비
통신비
차량 및 제반시설의 유지 및 감가상각비",E
"인건비 
사무실임대료
차량유지비
법인카드사용(식대, 유류대, 접대비 등)",E
"인건비, 사무실 임대료, 장비 구입비, 운영비 등",E
"운영비
인건비
사무실임대료
광고 및 홍보비
데이터 서버운영비",C
"직원 인건비
인터넷 서버 관리비
건물 임대표",E
"자재비 : 55%
인건비 : 25%
관리비 : 7%
A/S 비 : 3%",E
"가장 비중이 큰 쪽은 해마다 상승하는 재료비인 인모 구입비
그 외에 제품홍보를 위해 들어 가는 광고비
2020년 코로나로 활동이 전혀 없었지만 각 분기별 지역별 미용행사시 홍보용 부스 설치를 통한 지속적인 홍보활동",C
"원재료비, 인건비, 외주가공비, 물류비, 소모자재비
공장임대료, 운영비
영업비(영업 및 광고선전비 포함)
감가상각비, 설비투자비",E
"베트남 인건비, 외부업체 가공비, 사회보험료, 부자재비용, 전기료, 물류비 등
베트남 건물, 기계 감가상각비
인건비, 영업비용, 원료 구매 비용, 사무실 임대료 등",D
"원재료비, 부재료비
인건비, 외주가공비, 연료비, 소모품비, 전력비, 설치비, 운반비
건물 및 기계 감가상각비
기존제품의 품질향상을 위한 연구개발비
신규아이템을 위한 연구개발비",C
"인건비
광고비
사무실임대료
물류비
쇼핑몰 전산 운영비",D
"인건비, 재료비, 시공비, 물류비용, 임대료",E
"원자재 매입비, 인건비
물류비, 감가상각비, 지급이자, 기술개발비, 접대비, 광고선전비",C
"인건비
제품 매입 비용
사무실 임대료
영업비, 운임
마케팅 비용 (온라인)
비품 및 차량 렌탈 비용",D
"원자재비 (원단 가종 부자재 )
포털 검색광고비 (네이버 검색광고)
인건비 (외주가공비용)
직영 오프라인운영비(금융비용)
각종 운영비",E
"인건비, 시공비, 물류비, 자재비
기술개발비, 
설비, 공장, 토지 감가상각비",D
"텔레마케팅 직원 인건비
네이버카페ㆍ유튜브 Sns마케팅 직원인건비
홈페이지운영유지비및 유료제공사이트 사용료
컨설팅 직원 인건비",E
"현장시공 자재비
현장시공 인건비(현장관리비, 시공기술자 인건비, 식대 외)
현장시공 경비(사무실임대료, 숙박비, 장비비 외)
본사관리비(본사인건비 외), 기타비용",E
"인건비 
광고 및 홍보비
물류비용
전시장 임대료 및 운영비
원자재비, 기타",C
인건비등 직접경비 + R&D 및 장비 등 투자비,C
"재료비
인건비, 시공비
장비임대료, 물류비
사무실 임대료, 운영비",E
"건물 관리비(안전 점검, 수리 보수 등) 및 인건비",E
"인건비(내부, 외주 포함) 
재료비(원료비, 부자재비) 물류비용
사무실임대료(서울사무소)
설비투자비(장비구입)",D
"원, 부자재비
인건비
창고 임대료
외주 가공비
관리비(사무실 운용비, 인터넷, 통신 사용료, 식대, 차량유지비, 전기사용료 등)
물류비, 설비 투자비",D
인건비/재료비/물류비/차량유지비/사무실임대료/영업에 따른 활동비,E
"프로젝트별 인건비, 자재비, 장비비, 경비
본사의 영업 및 관리를 위한 공통경비",E
"사원 수수료.
판촉비(정기적 간행물, 접대비)
사무실 임대료.
사무실 운영비.
출장 교통비.
내근직원 급여.",E
"인건비, 출장비, 교육비, 중국공장 보증금, 개발비(출장 ,시간, 실패에 대한 기회 및 투자 비용)
사무실 운영비, 하자 처리비",D
"인건비(외주,내주)
영업비(광고 및 홍보)
임대료(사무실 공장)
운용비
접대비",E
"자체개발비 : 기술개발비, 각종 인증비 등
외주개발 : 디자인비, 기구설계비, 금형개발비, 앱개발비 등
유통비용 : 물류비 등
각종 장비 구매비용
무상 A/S 비용
건물 감가상각비
운영비
영업비",D
"인건비, 영업관리비, 재료비, 광고비, 물류비용
설비 투자비, 기술개발비, 몰드개발비, 
사무실 임대료, 건물 및 기계 감가상각비",C
"운영유지 보수비, 대체투자비, 긴급보수비, 본사관리비, 인건비",E
"설계비, 시공비, 재료비, 광고비, 기술개발비, 사무실유지비, 본사관리비, 인건비
토지구입비, 분양대행수수료, 등",C
"인건비
회사 유지관리비와 같은 간접비
부분적으로 외주에 설계 하청으로 주는 외주설계비",E
"인건비, 사무실임대표, 해외출장비
환율 변동에 따른 환차손",E
"인건비, 선임비, 항공료, 관부가세, 프로그램사용료 등
사무실임대료
건물 및 기계 감가상각비
대체로 운송비 즉 항공료 선임 내륙운송비가 60~80%입니다
인건비가 20%전후입니다. ",E
"인건비, 시공비, 재료비, 
사무실임대료
건물 및 기계 감가상각비",E
"외주비 40%. 자재비 30%
현장 및 일반관리비 15%
본사관리비 및 기타경비. 이윤등 15%",E
"외주비 40%. 자재비 30%
현장 및 일반관리비 15%
본사관리비 및 기타경비. 이윤 등 15%",E
"하도급 외주비, 재료비, 노무비, 경비 등
직원급여, 복리후생, 지급수수료 등
건물 및 집기 감가상각비
기술개발비, 토지비",D
"인건비, 
영업비, 
광고 및 홍보비, 
물류비용",C
"인건비
마케팅비용
물류비용
생산설비기계
재료비",C
"인건비, 시공비, 재료비, 물류비용
설비투자비, 기술개발, 
사무실임대료
건물 및 기계 감가상각비",C
"시스템설치 투자비
기술개발비
공사비
재료비
인건비
임대료
경비",C
"노무비 : 급여, 퇴직금, 잡금
경비 : 출장 직원들의 교통비, 식비, 숙박비, 복리후생비, 건물관리비, 소모품비 등
재료비, 개발비, 샘플 구매
영업비 : 영업경비, 광고비 등",D
"인건비, 재료비, 물류비, 
영업비, 설비투자비, 기술개발비
사무실임대료
건물 및 기계감가상긱비",B
"수입 물류비용 및 관세
국내 외 출장비용
사무실 및 창고임대비용
인건비 및 판관비
차량유지비",E
"원료비, 인건비, 물류비
설비투자비
건물 및 기계비
영업비
운영비
유통비
기타",E
"인건비, 재료비, 물류비, 광고비 등
건물 및 장비 감가상각비
연구개발비, 영업비",B
"재료비, 인건비, 전기/수도광열비, 물류비, 건물 및 기계 감가상각비",E
"원자재비, 노무비, 시공비(장비비, 경비), 물류비용, 
공장에서 제품 제작 위한 부속자재 및 외주인건비 
사무실임대료
각종 설비 감가상각비 
이자비용 
영업비 ",E
"고객 미팅을 위한 이동시 필요한 교통비
고객과 만찬 미팅시 소요되는 식비 및 접대비
정보자료 제작 및 배부에 필요한 인쇄비",E
"제품 원료 수입
공장,사무실 임대료, 인건비 고정비
시공비, 연구개발비, 설비 투자비, 광고비, 감가 상가비",C
"인건비(내.외), 알바비, 원재료비, 포장비, 디자인비, 운영비, 영업비, 광고 및 홍보
물류비,신제품 개발비, 건물 유지 보수비, 설비 투자비, 통신비, 데이터 서버 운영비
전기세, 수도세, 기계시설 유지비, 기타(잡화)",D
"인건비 영업비 
원료비 구매비 물류비",E
"인건비(내부 외주), 설비투자비, 재료비, 기술개발비, 품질관리비, 물류비, 수선유지비, 감가상각비",D
"인건비, 사무실 임대료 등 간접비
강사비, 호텔임차료 등 직접비",E
"원지매입비용, 판지매입비용, 인쇄비(인쇄/코팅/형압/특수인쇄등)
박스가공비(톰슨가공/접착 등), 배송 물류비
건물 및 기계장비 감가상각비, 생산, 지원, 영업 인건비",E
"인건비
직접비용(재료비) 및 간접비용(Utility비용)
설비 감가상각비
생산, 지원, 영업 인건비",E
"인건비, 마케팅비",D
"사무실 임대료
컨설턴트의 성공보수
운용비
테이터 서비 운영비",D
"제품 구입비
인건비 미 일반관리비
agent 수수료",E
"제품개발 제조 홍보 비용(선 투자)
인건비, 사무실운영비
대기업제품 선 지급 후수금으로 인한 운영자금(이자)
유통비용, 쇼핑몰통합관리 솔루션비용(사방넷), 데이터 서버운영비(가비아) ",E
"직·간접 노무비 
시공비(재료비, 노무비, 경비 등)
영업비용
제수수료
제보험료
임차료
교육 및 기술개발비",D
"인건비. 차량감가상각비. 판매촉진비. 사무실 창고 임차료. 차량유지비
포장비. 이자비용",E
"상품 매입비
연구개발비 
광고선전비, 인건비, 운반비, 교육훈련비",C
"인건비
컨설팅비(기술 제공)
홍보 및 연업 관리비",D
"인건비
지류비
인쇄비
개발비(온라인)
제품 소싱비
디자이너 교육비
구성원 정기적인 교육비",E
"인건비, 컨텐츠 개발비
시설 및 시스템 비용
강사료
건물 임대료",D
"인건비, 원부자재비, 물류비
연구개발비
건물 및 기계 감가상각비",D
"직원 인건비
물류 비용
설치 시공비
영업 비용
샘플비용
차량관리비
일반관리비
사무실 임대료",E
"인건비(일용직포함), 임대료, 자재구매대금
외주가공비, 렌탈 장비 임대료, 운영비, 감가상각비(자산에 대한)",E
"인건비, 시공비, 재료비, 물류비용
설비투자비, 기술개발비, 
사무실임대료
건물 및 기계 감가상각비",C
"재료비
인건비
운영비
물류비
연구개발비",D
"렌탈장비 사용료, 인건비, 운영비 (영업점, 전산시스템 등), 영업비",E
"인건비, 운영비, 영업비, 유통 물류비
광고 및 홍보비
시공비
제품 생산(공장)
매장 임대료
설비 투자비
제품 리스비
유지비",B
"인건비, 자재비, 공사비, 영업비 ,운영비, 임대료, 각종 소프트웨어 ,프로그램 기술 개발비 등",D
"인건비, 시공비, 재료비, 광고비, 물류비용
설비투자비, 기술개발비, 몰드개발비, 
사무실임대료
건물 및 기계 감가상각비",A
"인건비, 협력사 외주비, 관리운용비",E
당사의 가장 중요한 비용은 인건비와 재료비입니다 가장 큰 비용은 재료비이고 다음이 인건비 그리고 감가상각비 등 입니다,E
"R&D(기술개발비)
설비투자비,
인건비(내부 외주)
운영비
영업비
광고 및 홍보비
유통비용
국내외 출장비",A
"자재비 : 시멘트, 골재, 혼화제
물류비 : 레미콘 운송비, 유류대
인건비 : 믹서트럭 기사 및 임직원 급여
기타 판관비 : 영업비 등
건물/기계 감가상각비 등",E
"인건비
운영비
고객관리비",E
"인건비
물류 운송비
하자 처리비
영업활동비
사무실, 공장 임대료
감가상각비
세금 및 공과",E
"인건비, 전문건설업체 외주 발주비
외주비, 자재구매비, 현장관리비, 연구개발비, 본사 일반관리비",D
"인건비
광고 홍보비
사무실 임대, 운영비
영업비
출장비
시장 조사비",C
"인건비, 자재비, 장비비, 경비
건물 및 기계 감가상각비
영업비",E
"인건비, 재료비, 원자재비, 광고비, 임대료, 물류비, 영업비",D
"사무실임대료
영업비
광고 및 홍보비
운영비",C
인건비(내부 및 외주) 및 광고비,D
"인건비(내부, 외주)
시설물 유지보수비
광고 및 홍보비
설비투자비",B
"인건비, 건설시공비, 광고비
기술개발비
사무실 유지비
건물 감가상각비
렌탈장비(차량, 사무가구 등) 임대료
기타 사무실 운영을 위한 소모품 및 전기통신 비용",B
"전시장 운영비, 사무실 임대료, 물류비용, 
인건비, 샘플비용, 
환율",E
"인건비, 수입비용, 전시장 관리비용, 샘플 및 브로슈어 비용",E
"인건비, 시공비, 재료비, 사무실임대료 등",E
"자체사업 리츠사업의 경우 건설원가(토지비, 직접공사비, 설계비, 감리비, 취득세, 원인자부담, 법률/재무자문수수료 등) 및 리츠운영비(위탁, 자산관리, 사무수탁, 신주발행, 모델하우스 운영, 광고홍보, 분양대행수수료, 입주지원/관리비, 임대운영비, 관리수수료, 수선유지비, 수선충당금 등) 이 발생하며, 발주처의 입찰 방식, 내역, 사업구조에 따라 달라짐.",D
"인건비, 사무실 임대료, 광고비, 출장 여비, 차량유지비",D
"인건비, 재료비, 장비비, 물류비, 사무실 임대료",E
"인건비
마켓리서치
사무실임대료
중요 컴퓨터 장비 구입",E
"인건비, 네트워크 장비 투자비, 건물 건축비 ",E
"제품개발을 위한 경상연구개발비
제품생산을 위한 금형제작비
재료비,
인건비 및 4대보험료
지급임차료 등 경비
제품운반비
온라인판매 수수료
광고선전비",C
"제품 도입 비용(상품 수입 또는 OEM 생산) – 허가비용, 인쇄비 등
인건비, IT 유지비, 물류비, 광고비, 창고 보관료, 사무실 임대료
판매수수수료, 영업비",E
"임가공, 인건비, 물류비, 설비 투자비, 영업비용",D
"원부자재
임가공 
인건비 
물류비 
설비 투자비",D
"원부자재
임가공 
인건비 
물류비 
설비 투자비
RND 투자비",C
"원부자재
임가공 
인건비 
물류비 
설비 투자비",D
"인건비
외주비 (직접경비-측량비, 지반조사비, 인허가비등)
사무실 임대료
설계 프로그램 구입비",E
"사무실 임대료
인건비
운영비
광고비",D
"고정비 (직원 인건비), 관리비, 광고비, 영업비, 
설비 투자비, 개발 투자비, 브랜드 설계비
건설 시공비",A
"인건비
재고
차량유지비용",E
"인건비 ( 50% )
각종세금 및 소프트웨어 및 컴퓨터 감가 상각비 ( 15% )
은행이자 및 공과금 ( 10% )
광고.홍보 및 제안비용 ( 15% )
운영비 외주비 ( 10% )",D
"인건비, 시공비, 재료비, 광고비, 복리후생비
금융비용 (이자 및 수수료)
사무실임대료",C
"인건비, 물류비
광고비, 영업비
하자처리비
사무실임대료
차량운영비",C
"차량렌트비 ,인건비, 홈페이지관리비, 사무실임대료, 광고비",C
"원지매입비용
인건비
금형 및 설비 수리비
전기요금
차량 감가.건물 감가",E
"인건비,
차량 및 사무기기 렌탈비
영업비
설계 외주비",E
"자재비, 운반비, 인건비, 사무실임차료, 기타 관리비",E
"인건비
물품구매비용
장비구매비용 및 수입관리비용
카드 수수료
통신료",E
"인건비, 재료비, 현장 경비
연구개발비, 시설투자비 등
사무실 및 공장운영비, 공장 임대료
기계 감가상각비
홍보활동비, 영업 접대비 등",B
"운영비, 인건비, 시공비, 기타 경비 
기술개발비, 영업비
건물관리 및 감가상각비",C
"운영비, 인건비, 시공비, 기타 경비 
기술개발비, 영업비
건물관리 및 감가상각비",C
"운영비, 인건비, 시공비, 기타 경비 
기술개발비, 영업비
건물관리 및 감가상각비",C
"일반관리비, 인건비, 연구개발비, 특허비, 실험비용
제작원가(강재자재, 절단, 가공, 용접)
운반비, 가설재 설치비",D
"인건비, 시공비, 재료비, 사무실임대료 등",E
"연구개발비
인건비
건물 및 시설장치 감가상각비
운영비
영업비
광고 및 홍보비
설비유지비
서버운영비",B
"재료비
기술개발비
인건비",D
"인건비
은행대출이자
사무실관리비
차량유지비
통신비",E
"인건비, 자재비, 영업비, 서버 운영비 등.
제품(샘플)개발비,
건물, 기계 감가상각비(설비투자비), 몰드제작비.",D
"건설관련 단종외주비
자재비, 현장관리비
본사 영업 및 관리비",E
"인건비, (급여, 복지후생비, 교육/훈련비 外)
운영비 (법인세, 임대료, 소모품비 外)",E
"인건비, 재료비, 광고비, 물류비용
설비투자비, 기술개발비, 
사무실임대료
건물 및 기계 감가상각비",B
"인건비, 시공비, 재료비, 광고비, 물류비용
설비투자비, 사무실임대료
건물 및 기계 감가상각비",B
"인건비
판매관리비
사무실 임대료
금융비용",E
"인건비
사무실 임대료
제품 개발비
영업비용
운영비
물류비용
홍보비용",C
"수출입물류비 
인건비, 샘플구입비, 사무실 운영비 임대료 포함, 국내외 출장시 비용",E
사무실 및 창고 임대료 인건비 물류비,E
"자재구매비, 인건비
창고 유지관리비, 사무실 및 자재 창고 임대료
운반비, 기술개발비",D
"인건비, 영업활동비, 전산 사무장비",E
"시공비, 자재비, 부자재비, 기타보험료
사무실 임대료
기타 차량 및 감가상각비",E
"인건비, 물류비용, 사무실임대료, 직원들 차량유지비, 외주 시공비",E
"가장 비중이 큰 쪽은 해마다 상승하는 재료비인 인모 구입비
그 외에 제품홍보를 위해 들어 가는 광고비
2020년 코로나로 활동이 전혀 없었지만 각 분기별 지역별 미용행사시 홍보용 부스 설치를 통한 지속적인 홍보활동",C
"인건비, 광고비, 물류비용
설비투자비, 금형개발비, ",B
"인건비, 재료비, 광고비, 물류비
영업비, , 사무실 임대료 및 관리비
렌탈장비 사용료
자재비
세금",C
"인건비, 재료비, 물류비, 임대료, 개발비, 금융비
영업비(판관비), 감가상각비",C
"인건비, 경상경비(건물유지보수, 홍보비, 행사비 등)",D
"제품의 매입비 및 물류비.
회사 임대료 및 A/S비용.
직원 복지비",E
"인건비, 시공비, 재료비, 광고비
기술개발비, 외주제작비
사무실 유지비
스마트팜 관리시스템 서버운영비
설비 감가상각비",B
사무실 임대료 및 소모품 비용을 제외한 거의 대부분이 인건비,E
"인건비, 임대료, 접대비",E
"건물 및 기계 감가상각비, 설비투자비, 경상투자비
원자재비, 물류비
기술개발비, 영업비, 홍보비, 신규사업투자비, 전력비,
인건비, 복지비 등",B
"인건비, 직원복리비, 회사관리비, 사무용품비
업무수행에 필요한 면허, 협회 등록비
업무수행에 필요한 시험장비",E
"인건비
회의 및 행사개최비
전산시스템 운영비
홍보비
인쇄비
여비교통비
신규사업 개발비",B
"인건비, 재료비
일반관리비, 공장임대료
기계장비 감가상각비.
각종 리스비용",E
"인건비(내부 외주)
부품 재료비, 물류비용
공장임대료
기계 감가상각비
기계 정비 수리 유지비
영업비
운영비
사무실임대료",E
"재료비, 인건비, 물류비용, 설비투자, 기술 개발, 외부 인증비용 
광고 및 홍보비, 로열티 ",B
"인건비
출장경비(숙박비, 출장 여비/식비, 교통비)
직무회비(계약금액에 따른 정률)
사무실 임차료
교육훈련비",E
"인건비, 원재료비, 부자재, 광고비, 기계 및 건물 감가상각비
설비투자비, 서버운영비 및 제조system운송비",B
"인건비, 사무실 임대료, 수수료, 차량 통관부대비",E
"인건비, 물류비, 광고홍보비
접대비, 차량유지비, 창고유지비",C
"인건비, 물류비, 광고홍보비
접대비, 차량유지비, 창고유지비",C
"시공비,관리비,광고비,임대료",D
"원자재비, 인건비, 감가상각비, 지급수수료, 운영비, …",E
"인건비, 협력사 외주비, 관리비",E
"현대모비스, 엘지전자
1.차량용 핸즈프리 마이크 제조 납품
2. 차량용 USB포트 제조 납품
3. 차량용 오디오 앰프 제조 납품
하만인터네셔널
1. ANC (Active Noise Control) 마이크 제조 납품
쌍용자동차, 르노삼성자동차
1. 차량용 핸즈프리 마이크 제조 납품",E
"자재비, 인건비 물류비 
설비투자비
사무실임대료",E
"인건비(본사, 현장)
수주비(정비사업, 공공입찰 등)
하자보수비, 급수수료, 세금공과금
복리후생비, 여비교통비, 광고선전비, 브랜드사용료
금융보증이자, 보상비, 기타수수료, 법인세",C
"인건비가 50% 정도 입니다.
협력사 30% 직접경비 20%",E
"인건비
외주비(기계, 전기, 통신, 소방, 토목, 구조 등의 설계업체)
경비(운영, 영업)
현장관리비(감리)",E
"인건비
설계실 운영을 위한 각종 프로그램, 컴퓨터 구입 및 리스비용
사무실 임대료
영업비
운영비",E
" (일반적인 제조업의 구조)
 원,부재료비, 인건비, 판매관리비, 영업 및 홍보비, 연구개발비, 감가상각비",B
"인건비,노무비,자재비,경비,광고및영업비",C
"공장 유지 및 제품제조 고정비
제품개발비
광고비
가스제조 및 보관, 판매를 위한 고정비",C
임대료 / 인건비 / 물류비 / 영업비 / 운영비 / 광고비용 외,C
"인건비, 시공비, 재료비, 광고비, 물류비용
설비투자비, 기술개발비, 몰드개발비, 
사무실임대료
건물 및 기계 감가상각비",A
재료비 노무비 경비 일반관리비 이윤으로 구성됨.,E
"인건비, 인테리어 시공비, 인테리어 자재용품비
주방기기 구입비, 출장 경비
광고 마케팅 비용
웹 솔루션 개발비 
3자물류 대행비, 택배 대행비",C
"인건비
영업비 및 사무실 임대료
사무실 운영비 및 A4 용지 구입비",E
"인건비가 가장 많은 부분을 차지하며
재료비
경비순으로 들어갑니다",E
"인건비, 광고홍보비, 유통비, 영업비, 시설운영비",D
"인건비, 
사무실임대료, 사무실운영비, 소모품비
교육훈련비
지급수수료",E
"원자재비 (식재료)
인건비
물류비 (창고운영비 및 배송비)
소모품비 (식당, 주방 공구 등)
설비 투자비 (고객사 식당 설비투자)
투자 설비에 대한 감가상각비
사무실 임대료
공관 관리비(베트남 특성)
영업비",D
"인건비 및 재료비, 영업비 및 공과잡비
외주공사비",E
"재료비, 노무비, 경비, 광고비, 
물류비용(창고, 운송
사무실 임대로
건물 및 감가상각비",C
"인건비, 물류차량유지비 및 감가상각비
영업비, 홍보비
건물 및 저온창고시설 감가상각비, 운영비",C
"재료비
인건비 
기술개발비
설비투자비
물류비용",B
"인건비, 원료비, 재료비
영업비, 유통비, 물류비, 광고홍보비
연구비, 기술개발비
건물 및 설비 감가상각비
건물 임차료 등",A
"인건비
판촉홍보비
영업활동비
교육비",D
"인건비, 광고비, 물류비용, 재료비
사무실 및 창고 임대료
영업비",C
"인건비
광고 홍보비
사무실 임대, 운영비
영업비
출장비
시장 조사비",D
"인건비, 시공비, 광고비, 기술개발비, 감가상각비
운영비, 영업비, 판매비와 일반 관리비
유통비",C
"외주비, 자재구매비, 현장관리비
연구개발비, 본사 일반관리비",D
"인건비
교육 훈련비
일반 관리비",E
"인건비, 여신금액에 대한 충당금, 임대료, 광고비, 플랫폼 개발비, 부실채권에 대한 비용, 
수신금액에 대한 이자 지출 비용",D
"생산비 (지대, 공정 별 인건비, 물류비 등)
설비 투자비, 프로그램 구입비
사무실 임대료
설비 감가상각비
프로그램 학습 등 수업비",D
"인건비
영업비 및 사무실 임대료
사무실 운영비 및 A4 용지 구입비",E
"재료비, 노무비, 경비
급여, 일반관리비, 기술개발비
감가상각비, 여비교통비, 설치비, 외주가공비",D
"인건비
기계투자
사무실 임대료
영업비
운영비
기계 감가상각비",D
"영업비, 인건비, 재료비, 물류비용 등
사무실 임대료, 장비 구매료, 광고 및 홍보비, 창고 임대료 설비비용, 기계 운영비용",C
"인건비, 시공비, 외주비, 재료비, 물류비, 이자비 등
설비투자비, 기술개발비, 몰드 개발비, 샘플비 등
사무실 임대료
건물 및 기계 감가상각비 
소모품비, 복리후생비, 통신비, 차량 렌트비 등",D
"인건비, 사무실임대료
개술개발비
설계비 및 설계도서 작성비
제품제작비 및 시공비
영업비",D
"인건비
주재료비(용지비)
용역비 (신문배달)
행사관련부대비용",E
"인건비
용역셔틀료
광고 및 홍보비 
임대료",D
"인건비와 연료비, 정비비 등입니다",E
"인건비, 
하드웨어(컴퓨터, 드론 등 장비 구입), 소프트웨어 구입비용
기술개발비",D
"온라인 마케터
금형제작
WMS(물류 운영)
디자인 및 기구설계비",D
기업이윤 – 기업비용 = 수익,E
"인건비, 광고 및 홍보비, 플랫폼 제작비 
데이터 서버 운영비, 프로그램 사용료 ",C
"인건비, 사무실임대료, 대행 외주비용, 
복리후생비, 접대비
용역 비용, 소모품비
차량임차료, 광고 선전비",D
"외주용역비(패널사용료)
인건비
복지비
광고 및 홍보비
건물 감가상각비",D
"외주용역비(패널사용료)
인건비, 복지비, 임대료",E
"외주용역비(패널사용료)
인건비
복지비
임대료",E
"인건비, 물품구매비 보세창고비, 회사 임대 창고비, 차량구매유지비
제조기계비용 감가상각비, 전기료, 제조관리비용, 금융비융, 일반관리비 등",E
"디자인 하는 인력관리 운영, 
영업비,
공장운영비 ",E
"사무실임대료
인건비
재료비
외주가공비",E
"제조원가
오프라인 매장 사업자 수수료
유통 수수료 (오프라인 채널, 온라인 외부몰)
인건비 (직원)
물류비 (운반비, 포장비, 물류 아웃소싱비 등)
마케팅 비용 (광고/촬영비, 온라인 자사몰 상세페이지, 온라인 광고비 등)",D
"직접공사비(투입 공종별 공사비)
간접공사비 및 경비(설계비, 감리비. 대지비, 분양비용, 기타 사업비성 경비 등)
일반관리비(본사 운영경비 및 인건비 등)",E
"인건비 (고정비/변동비)
기술개발비
원재료 구입비
설비투자비
건물 및 기계 감가상각비",D
"인건비, 의상구입비, 광고비, 택배비, 운영비
임대료, 의상 감가상각비",D
"인건비, 시공비, 재료비, 물류비용
설비 투자비, 기술 개발비, 몰드 개발비
사무실임대료
건물 및 기계 감가상각비",C
"프로젝트별
계약이행보증 및 하자이행보증료
인건비 : 관리자, 기능공, 잡부등 급여 및 노임
자재비 : 거푸집 주요자재 및 가설자재, 공구기구, 잡자재등
안전관리비 : 공사현장의 안전을 위한 인건비 및 안전시설비
장비비 : 지게차, 크레인, 펌프카등의 장비비
경비 : 관리자 및 인부들의 식대 및 기타경비
노조로 인해 발생하는 부대비용 : 노조에 속한 기능공인 경우 생산성이 낮고 추가비용이 많아 별도로 책정하여 지급
하자관리비 : 공사진행 중 및 차후에 발생하는 하자처리를 위한 미장, 할석 등의 비용
공통비용 : 본사의 인건비, 경비, 영업비등",E
"직접 공사비
간접 공사비 및 일반관리비, 본사관리비
사무실 임대료
광고 및 홍보비
마케팅 비용(Network 관리비 포함)",C
"인건비, 물류비, 원단 테스트비, 출장비, 샘플비, 클레임비 처리비, 원단구매비
원자재 구매비, 임가공비, 샘플비, 인건비, 마케팅비, 전시회 참가비",D
"인건비
공장 임대료
금융 비용
물류비용",E
"인건비, 영업비, SW 개발비, 시제품 제작비, 시제품 분석 및 인증비용
건물 임대관리비, 관리비
서버 및 네트워크 보안 관련 유지 비용
광고 및 홍보물 제작비용, 기자재 설비 투자비",C
"원부자재 구매 비용
설비투자비, 기술개발비, 몰드개발비
공장 및 사무직 인건비, 영업비
건물 및 기계 감가상각비",C
"공사 재료비, 인건비 및 경비(현장 근로자 급여, 숙박비, 차량유지비)
일반관리비(급여, 복리후생비, 접대비, 차량유지비, 지급임대료, 각종수수료 등)",E
"인건비
임대료
물류비
영업비",E
"인건비, 외주비, 판관비, 복리후생비, 접대비",E
"인건비
재료비
광고비.물류비.설비투자비.개발비.임대료건물 감가상각비.",C
"장비 구매비용
수술 및 진료에 필요한 약품 및 소모품 구매
설비투자비
수술재료대 (가장 큰 액수를 차지)
병원 임대료
인건비 (직원 40명)",D
"원재료비, 노무비, 시공비, 금융비",E
"원재료비, 노무비, 물류비",E
"노무비, 설비투자비, 기술개발비, 감가상각비, 물류비",D
"원재료비, 노무비, 설비투자비, 기술개발비, 감가상각비, 물류비",D
"원재료비, 노무비, 물류비, 설비투자비, 기술개발비, 광고비, 감가상각비",B
"원재료비, 노무비, 시공비",E
"원재료비, 노무비, 물류비",E
"원재료비, 노무비, 물류비, 설비투자비, 기술개발비, 감가상각비, 금융비",C
"원재료비, 판매관리비, 인건비, 시설장치비, 연구개발비",D
"원재료비, 노무비, 설비투자비, 기술개발비, 감가상각비, 물류비",C
"원부재료비, 노무비, 감가상각비, 물류비, 판매관리비",E
"원재료비, 노무비, 설비투자비, 감가상각비",D
"원재료비, 노무비, 물류비, 판매관리비",E
"원재료비, 노무비, 설비투자비, 기술개발비, 물류비",C
"원재료비, 금융비, 노무비, 시공비, 설비투자비, 기술개발비, 물류비",C
"상품구입비, 노무비, 물류비, 판매관리비",E
"원재료비, 노무비, 시공비, 설비투자비, 기술개발비, 물류비",C
"토지비
공사비
설계 등 인허가비
분양마켓팅비
금융비용
인건비등 일반관리비",E
"인건비, 개발비, 재료비, 광고비, 물류비, 임대료, TooL 개발비",A
"인건비(내부,외부), 사무실임대료, 레탈장비 사용료, 데이터 서버운영비,기타 등",E
"원자재비. (60%차지)
외주가공비
외주업체 노임
인건비
본사관리비(일반관리비 : 임차료, 관리비, 차량유지비, 출장여비 등)",E
"인건비, 
대리점, 물류임대료
배송비용",E
"인건비
물류비용
일반관리비
상품매입비용",E
"인건비 및 시설운영비, 자재구입비, 설비투자비, 기술개발비",C
"인건비
재료비
기술개발비
설비투자비
설비 운영비(전기 등)
건물 및 기계 감가상각비",C
"재료비, 인건비, 시공비
기술개발비, 사무실운영비
영업비",D
"설비투자비, 금형개발비, 
인건비, 시공비, 재료비, 물류비용, 영업비
건물 및 기계 감가상각비
영업비",C
"원료 물품대
인건비
물류비용",E
"재료비
노무비
외주비
장비비
본사관리비등 경비",E
"제품개발비, 관리비,몰드개발비
물류비
사무실 임대료
건물,기계상각비
인건비
재료비 ",C
"인건비, 의료재료비, 병원 관리비
감가상각비, 관리비, 청소용역비 ",E
"인건비, 영업비용, 데모 장비 구매/렌탈
데모 장소 대관비용, 데모 디스크 제작 비용, 3rd Party 개발 용역비",E
"동문회관 유지비
  - 동문회관 관리비, 사무실 탕비용품, 소모품 등 구매비용 및 PC비용
  - 강당 관리비, 음향시설 설치 유지 보수비 
  - 동문회관 직원 인건비
 동문회보 발행관련
  - 회보 제작비 (인건비 포함)
  - 회보 발행비 연간 정기 간행물 등록 우편 발송비
  - DM 비 인건비 및 봉투입 작업 및 발송 작업비
  - 광고수주 건은 광고대행사 외주 후 비용지출이 아닌 수입원이 됨
 동문회 홈페이지 관련
- 홈페이지 서버 구축비 및 유지비
- 홈페이지 DB데이타 관리 유지비",D
"인건비
사무실임대료
4대보험료.
프로그램사용료",E
"재료비, 노무비, 물류비용, 영업비용
개발비 (매출의 5%), 기타비용",D
"인건비, 재료비, 물류비용
설비투자비, 설비유지보수비, 몰드제작비
건물 및 기계 감가 상각비",C
"사무실임대료
운영비
통신비
광고 홍보비
관련 프로그램 사용료
협회공제비",C
"인건비
운영비
지게차수리비
기계수리비",E
"항공기 구입비 또는 리스비용
인건비
시설/설비 투자비
운영비, 홍보비",C
"재료비, 인건비, 광고비, 물류비
제품개발비, 설비투자비, -운영비, 영업비
건물 및 기계 감가상각비
연구개발비, -차량관리비
온라인 판매 수수료
오프라인 판매 수수료",B
"인건비, 시공비, 재료비, 광고비, 물류비용
영업비,
설비투자비, 기술개발비, 금형개발비, 
건물 및 기계 감가상각비",A
"포털사이트, 중앙언론사 관련 협업 
인적자원 비용
뉴스화 등 SNS 경상비
전국 기관, 지자체 등의 취재에 따른 비용",E
"제품 선정, 시장분석, 유통, 소비자 공급까지 발생하는 비용 등",E
"인건비, 재료비, 설비 투자비, 외주 가공비
금형제작, 사출, 고속가공, 레이저 필름가공, 비전검사",D
"시공비, 자재비, 인건비, 설계 및 감리비, 보험 및 기타수수료
건설 면허유지비, 택지(용지)매입비, 광고홍보비, 사무실임대료, 기타법인운영비
금형제작, 사출, 고속가공, 레이저 필름가공, 비전검사",C
"인건비(내부 외주)
운영비
영업비
유통비용",E
"인건비, 시설비, 자재구매비, 물류비용
사무실 임대료
차량 유지비",E
"인건비, 외주용역비, 장비 및 프로그램 구입비
사무실 임대료, 영업비",E
"인건비, 사무실임대료, 일반관리비",E
당사의 가장 중요한 비용은 인건비와 재료비입니다 가장 큰 비용은 재료비이고 다음이 인건비 그리고 감가상각비 등 입니다.,E
"인건비(상여포함)    
사무실임대료  
물류비용
광고 및 홍보비
운영비
업무 추진비(영업)
업체 리베이트 지원비
A/S 센터 운영비
차량 유지비
이자 비용",C
"인건비
사무실임대료
운영비
영업비",E
"인건비, 시공비, 재료비, 기술개발비",D
"인건비, 시공비, 재료비, 기술개발비",D
"인건비
자문비 (회의비 포함)
외주비
출판 인쇄비
협회비 (각종 협회 가입 및 정기회비)
사무실 임대료",E
"인건비, 
가설비계공사 시공비
외주비 (운송료, 가설자재 정리 및 보수) 
야적장 부지 및 임대자산 감가상각비",E
"인건비, 
가설비계공사 시공비, 
외주비 (운송료, 가설자재 정리 및 보수) 
야적장 부지 및 임대자산 감가상각비",E
"토지비, 인건비, 시공비, 설계비, 인허가비, 광고비
사무실 운영비, 접대비",B
"운영비, 건물 및 설비 감가상각비
인건비, 재료비, 광고비, 물류비, 기술개발비, 설비투자비",B
"인건비
제품구매비
물류비
사무실임대료
차량렌탈료",D
"수입물품(재료비)
물류비용
관리비
인건비
사무실임대료
금형개발비.",C
"인건비
개발비
건물유지 등 고정자산 감가상각비",D
"재료비
인건비
운영비
물류비
연구개발비",C
"인건비, 재료비, 물류비, 포장비
설계비용, 금형제작비
영업비
건물/기계 감가상각비용\",C
"재료비, 물류비용, 관리비, 인건비",E
"인건비
운영비
영업비
광고 및 홍보비
기술 개발비
금형 투자비
설비 투자비
물류비",C
"재료비,가공비,물류비,제조설비 감가상각비,설비투자비",D
"인건비, 물류비, 교통비
사무실, 창고, 영업차량의 임차료",E
"인건비 (내부 외부)
자재비
운영비
공장 임대료
영업비
포장비
물류비",E
"제품 제조 시 개발 용역 및 생산비
전자 부품 및 모듈 sourcing시 구입비
인건비 및 중국 지원 팀 운영을 위한 모든 경비",E
"인건비, 재료비, 설비투자비.
기술개발비, 연구개발비.
건물 및 설비 감가상각비",C
"A사, B사
-인건비, 원자재비 
 건물 및 기계 삼가상각비
 설비투자비, 몰드 및 장비개발비",C
"인건비, 재료비, 경비
지급이자, 홍보비
감가상각비, 분양대행수수료, 복리후생비",D
"인건비
자재비
보험료
소프트웨어구입비
하드웨어구입비
영법비
사무실관리비",E
"인건비 (대부분), 기술개발비, 사무실임대료, 건물 및 장비 감가상각비
운영비, 영업비, 광고 및 홍보비",B
"설계원 인건비
감리원 인건비
사무실 임대료
장비 및 엔지니어 학.협회비 등 운영비
영업비",E
"인건비
운영비
영업비",E
"광고 및 홍보비
자동차용품 비용",D
"인건비, 외주비용, 사무실 유지비용, 영업비",E
"상품구입비
인건비
물류창고운영비 및 물류비
상품개발관련 비용
금융이자
판매 프리렌서 판매수수료 ",D
"매출총원가 
직접비 : 재료비, 노무비, 판매경비, 판매수수료, 보증수리비 등 
간접비 : 노무비, 경비, 일반관리비
영업외 수익/비용
세전이익 ",E
"인건비, 원자재비, 경비
물류비, 광고비, 판촉행사비
설비투자비, 금형개발비, 임대수수료",D
"인건비, 재료비, 물류비, 배송차량 유지비
금형개발비, 설비투자
차량, 기계, 감가상각비",D
"인건비
연구개발비
감가상각비
교통비
서버 유지비",D
"재료비, 노무비(직접/간접포함), 운영비, 판관비, 그룹웨어 서버운영비
금융비, 자사 건물 및 기계 감가상각비 / 설비투자
연구개발비, 필요시 라디오 등 광고 홍보비",C
"기술연구 인력개발비
급여
유형자산 감가상각비
외주가공비
판매비 및 일반관리비",D
"인건비, 시공비, 재료비, 광고비, 물류비용
설비투자비(LPG시설지원시), 기술개발비, 
측정기계 구입 및 감가상각비
차량유지비, 식비, 영업비
접대비",D
"인건비, 재료비, 물류비용
공장임대료
기계 감가상각비",E
"재료비, 인건비, 물류비, 복리 후생비
설비 투자비, 개발비, 자동화 장비
사무실임대료, 감가상각비(건물, 설비)",D
"제조경비(노무비, 기계임율) 즉 인건비, 재료비, 물류비, 설비유지보수비, 약품, 기타 
건물 및 시설, 설비 감가상각, 연구개발비, 판관비등",D
"직접비:가공비, 구매품, 인건비 (설계비용, 제작비용), 기술개발비용(외주개발 및 내부개발)
간접비 : 사무실 임대료, 전기요금, 판관비",E
"제품개발비, 광고 홍보비, 물류센터운영비, 인건비
대리점 프로모션비, 교육컨설팅, 기업컨설팅비
영업비(품위유지비, 주유비, 차량유지비, 식대 등), 전국대리점 세미나 비용",B
"인건비, 임대료, 운반비, 기타 일반관리비",E
"인건비, 재료비, 운반비, 물류비, 창고관리비
설비 투자비, 기술인력 교육 훈련비
사무실 임대료 
출장비 및 복리 후생비",E
"인건비, 광고/모델 및 홍보비
제품원료비, 부자재비, 물류비
공장 설비투자비, 연구소 기술 개발비
사무실 임대료",B
"자재비
운반비
영업비
운영비",E
"인건비, 물류비, 사무실관리비, 기타",E
"인건비, 재료비, 광고비, 물류비
영업비, 사무실 임대료 및 관리비
렌탈장비 사용료
자재비
세금",C
"인건비, 재료비(수입대금), 물류비용
사무실 임대료, 타일 디자인 구입비용
영업비, 판촉비",E
"인건비, 영업비, 운영비, 유통비용, 광고 및 홍보비, 사무실임대료, 기술개발비",B
"인건비, 판관비, 접대비",E
"인건비, 물류비, 사무실 임차료, 창고 임차료, 일반관리비, 영업비",E
"인건비
프로그램 개발비 (시설물 유지관리 프로그램)
프로그램 구입비 및 사용료 (친환경 인증관련)
사무실 임대료",D
"인건비, 연구개발비, 영업비
사무실임대료",D
임대료 / 인건비 / 물류비 / 영업비 / 운영비 / 광고비용 외,C
"운영비
영업비
광고 및 홍보비
데이터 서버 운영비
인건비
소프트웨어/하드웨어 구입비",C
"제조원가
인건비, 운반비, 지급수수료, 광고비",D
"사무실임대료 및 전시장 임대료 고정비, 고객판촉비, 인건비",E
"원재료비(Parts)
노무비(제품 조립, 머시닝, sheet metal, 도장에 대한 직접인원 비용)
간접재료비(가스, 도장 분말 등)
공장 임차료
기계장치 등 고정자산에 대한 감가상각비
볼트 너트 와셔 등 소모품비
제품, 원재료, 재공품 운반에 대한 운반비
외부 창고 임차에 대한 지급수수료
제품 포장에 대한 포장비
스크랩 폐기에 대한 지급수수료
제조 라인 외주에 대한 외주인건비
일용직 사용에 대한 외주인건비
생산 품에 대한 테스트에 대한 지급수수료
당사의 없는 공정에 대한 외주가공비용",E
"인건비 57%
자재비 35%
장비구입비 및 감가상각비 3% 
물류비용 2%
창고, 사무실임대료 1%
기타등 2%",E
"건물 임대료
인건비
광고비
물류비용
초기 시설투자비용
기계 및 감가상각비",C
"건물 임대료
인건비
광고비
물류비용
초기 시설투자비용
기계 및 감가상각비",C
"제조비용 (원재료비, 인건비 고정비)
개발비용 (설비 투자비용, 각종 기술 개발 관련)
사무실 및 공장 물류센터 운영비용
외주업체 관리비용",D
"인건비, 시공비, 외주비, 자재비, 현장관리비, 안전관리비, 물류비용
설비투자비, 광고비, 기술개발비, 하자보수비, 소송비
현장사무실임대료
수주영업비",B
"원자재(철강)
제조경비/인건비/물류비용
설비투자비/건물 및 기계 감가상각비
ERP운영비용",D
"인건비 재료비 노무비 
기타비용(판관비, 홍보비, 기술개발비, 임대료 등)",C
"물품구입,
인건비",E
"데모장비 구매비용(선 투자)
렌탈장비 사용료
인건비(내부 외주)
운영비
영업비
광고 및 홍보비
유통비용
설비투자비
데이터 서버운영비",B
"OEM 제조경비, 인건비, 원료비, 영업비
물류비, 연구개발비, 용역비, 상품구입비",C
"인건비 (외주 포함)
사무실 임대료
광고비
물류비
기술개발비",B
"인건비
조사분석비용
시스템 비용: 운용지원을 위한 시스템 개발 및 유지비용, Trading 및 펀드회계(Operation) 비용 국내외 조사분석을 위한 각 시스템 및 정보사용료, 해외 유수업체 등을 통한 자문비용
마케팅 활동비, 
사무실 임대료 등의 비용",E
인건비 위주 연구개발비 및 첨단기자재 설비투자비 및 대외출장 및 회의 비용을 사용한다,E
"인건비, 사무실 임대료
내역 외주비
필요 경비
영업비, 광고 및 홍보비, 기술개발비",B
"원재료비, 인건비, 물류비
설비 투자비
영업소 임대료
연구 개발비, 건물 및 기계 감가상각비",C
"인건비, 기술개발비, 직원교육비
프로젝트 운영비(사무실임대료, 공과금 등 각종 운영비)
본사 사무실 임대료
영업비",D
"인건비, 기술개발비, 영업비
사무실 운영비(사무실임대료, 공과금 등 기타 비용)",D
"영업비
운영비
샘플비
유통비",E
"인건비, 마케팅비용
오프라인 영업점 시설 운영
데이터 서버운영비, 사무실임대료
예금수신금리 차이",D
"토지 매입비
개발관련 선투입비
단지 설계 및 인허가 관련 비용
착공 후 투입 공사비
분양관련 홍보비
준공 이후 하자관련 유지보수비",B
"인건비
외주개발비
데모장비 구매비용(선 투자)
운영비
영업비
데이터 서버운영비",D
" 인건비, 시공비, 재료비, 광고비, 물류비용
 설비투자비, 기술개발비, 몰드개발비, 
 사무실임대료
 건물 및 기계 감가상각비
 인건비(내부 외주)
 운영비, 영업비, 홍보비
 유통비용
 설비투자비",A
"인건비
금융PF 이자
광고비
분양대행비
시공비
운영비",D
"인건비, 광고비, 사무실임대료, 사무기기 렌탈, 사무실운영비, 기타",D
"컨설팅/개발인력/영업인력/연구소/관리인력 인건비
판매를 위한 시스템 인프라 장비 (IBM/HP/CISCO등) 판매물품비
통합 유지보수를 위한 시스템 인프라 장비 데모, 개발장비, 서버자재/부품, 구매, 관리비
지사운영을 위한 사무실 임대료, 본사 운영비 등",D
"인건비, 시공비, 재료비
설비투자비, 기술개발비, 
사무실임대료
건물 및 기계 감가상각비",D
"인건비, 재료비, 노무비, 광고비, 물류비용
설비투자비, 기술개발비, 몰드개발비, 
사무실임대료
건물 및 기계 감가상각비",A
"인건비, 재료비, 노무비, 광고비, 물류비용
설비투자비, 기술개발비, 몰드개발비, 
사무실임대료
건물 및 기계 감가상각비",A
"인건비, 재료비, 노무비, 광고비, 물류비용
설비투자비, 기술개발비, 몰드개발비, 
사무실임대료
건물 및 기계 감가상각비",A
"모든 기자재의 구매비요
광고 및 홍보비용
물류 및 유통비용
인건비
영업비
사무실 임대료 및 감가상각비",D
"고정비용 : 임대료, 상가관리비, 인건비, 광고선전비, 감가상각비
변동비용 : 재료비, 운영비, 물류유통비, 영업비, 기자재비 등",D
"공장 및 신규라인 설치비
공장부지 및 설비 선투자에 따라 금융비용
원재료비, 인건비, 부자재비
영업비, 광고선전비, 설비 유지비용",D
"재료비(원자재 구입비용, 상품 구입비용)
노무비(급여 및 퇴직연금)
제조경비(전력비, 감가상각비, 복리후생비, 소모공구비, 외주가공비)
판매관리비(각종 세금, 경상개발비, 지급수수료)
영업외(이자비용, 기부금, 잡손실 등)",D
"광보 및 홍보비
장비 투자
데모 장비
외주 인건비",D
"재료비, 인건비, 시공비, 물류비, 기술개발비, 설비투자비
건물 및 기계 감가상각비
전시장관련 흥보비, 영업비",B
"인건비, 사무실 운영비(전기료, 건물 유지비, 장비비, 소프트웨어비, 세금)
프로젝트 운영비(외주비, 물품구입비, 재료비 등)
영업비, 홍보비, 설비투자비",C
"인건비, 기술개발비, 서버 임대비, 시스템 Tool
전용회선 사용료
사무실 임대료",D
"인건비, 광고비, 영업비
사무실 임대료
데이터서버 운영비",D
"시스템 욕실시공으로 인한 건설공사원가
건설재료 등 판매로 인한 건설재료 매출원가
비즈니스 유지 및 관리를 위한 판매비와 관리비
임직원 급료 및 퇴직금 등 인건비성 항목
임직원 교육훈련비 등
시스템 욕실 유지 및 관리를 위한 A/S 비용",E
"인건비, 교재제작비, 강사료
사무실임대료, 키워드마케팅비, 세미나진행비
개발비(콘텐츠) 및 감가상각비
복리후생비, 교통비(출장비)",D
"인건비 : 90%
기타비용 : 임차료, 보험료(손해보상), 수수료 등",E
"인건비
하드웨어 장비 구매비
사무실 임대료
영업비, 광고 및 홍보비
유통비용
설비투자",B
"인건비
개발장비
외주 인건비",D
"인건비와 외주비 (기계, 전기, 소방, 토목, 조경, 구조)
: 전체 비용의 70%이상
각종 비용 : 컴퓨터 장비 및 소프트웨어 구입비, 임대료 등",E
"인건비, 시공비, 재료비, 운영비, 임대료",E
"인건비, 재료비, 접대비, 홍보비, 임대료, 일반관리비",D
"개발비, 금형투자비, 생산설비
인건비, 재료비, 
사무실 임대료, 홍보비 등",B
"인건비, 원부자재재료비, 물류비, 광고비
기술개발비, 몰드 및 금형개발비
영업판매, 금융권 대출이자, A/S처리비용",A
"인건비, 광고홍보비, 기술개발비, 투자비, 교육비, 사무실 관리비
운영비, 영업비, 데이터 운영비",B
