핵심자원,label
"디자인능력과 전문지식을 갖고 있는 설계 인력과 정보, 협상력을 갖춘 영업인력",E
"판매 제품의 높은 품질 신뢰도 및 선진 기술 제공
전문 영업인력의 기술 서비스에 따른 고객의 현장 불만 감소
고객의 요구에 맞춘 신속한 신제품 개발 및 대응",C
"시공에 필요한 기술자 보유(시공, 공무 등)
고객만족을 위한 사후관리 시스템 ",D
" 전문지식을 갖춘 부서별 인적자원
 법령에 근거한 전문과학기술서비스업
 오랜 근속연수로 인한 인적자원의 경험력
 다양한 대외활동을 기반으로 한 경영진의 사장흐름을 파악하여 변화를 이끄는 경영진
 지역에 기반한 영업력",D
"전문 기술인력과 풍부한 경험을 갖춘 각 부서의 인적자원
시장 흐름을 파악하여 변화를 이끄는 경영진
업계에서 규모가 큰 설비 및 생산 능력의 공장(자동화 설비)
제품 생산의 오랜 노하우와 생산기술",B
"양질의 골재 생산에 적합한 원석
본업에 대한 전문 지식과 경험을 가진 인적자원
시장점유율 1위의 55년 업력의 노하우",D
"영업부의 인적자원으로써 누적된 영업기술, 인적 관계
30년 이상 누적된 생산 기술력의 인적자원으로 시행착오 최소화를 통한 원가절감과 순발력 있는 대응",D
"자산 증대 및 신용등급 상향을 통한 자금 조달 금리 인하
산업 시장 흐름을 파악하여 변화를 이끄는 능력 있는 경영진
신규 상품 런칭 및 산업별 심사 강화를 통한 리스크 완화 능력
상품별 전문 인력 채용을 바탕으로 브랜드 파원 및 인적 자원",D
"공장 및 설비시설
배관 제작 노하우 및 생산능력",E
"전국적 오프라인 유통 네트워크 보유
다양한 온라인 채널 확보
제품 개발 및 생산 능력 보유
시장 트랜드에 민첩하게 대응 할 수 있는 조직 보유
유통 및 마케팅 전문 인력 보유",B
"현재 기술의 최적화 및 향후 기술추이를 탐색하는 엔지니어의 선도적 기술확보
거래선 연구소 및 엔지니어를 대상으로 Promotion을 추진하는 기술영업의 인적자원
H/W와 S/W 그리고 Power를 구성하는 Total solution 지원 능력
필요기술을 확보하여 협력할 수 있는 다양한 기술파트너 체제구축",A
"고객을 편하게 응대할 수 있는 영업사원
기술적인 문제에 원활히 해답을 줄 수 있는 엔지니어
물류를 원활히 할 수 있는 물류 전문가
디자인적 감각으로 고객의 니즈를 만족시키는 코디네이터
창고 정리를 잘하는 정리 전문가가 악성 재고를 줄인다",C
"나물류의 다양한 품목
전국 계약재배 농가
숙련된 생산인력의 노하우
경기도의 공장 소재지로 서울, 경기지역 학교급식실 1시간내 긴급발주 가능",E
상기 답변으로 대체함.,E
"전문 소싱 능력이 중요합니다. 온라인 판매상 고객이 필요시 적기에 제품을 공급하는 것이 중요합니다.
인터넷 쇼핑몰운영자의 시장 분석 능력입니다. 즉, 경쟁사 제품들의 판매추이를 파악하여 신속하게 프로모션 대응하는 전략가가 필요합니다.
특화된 제품을 만들고 고객에게 홍보에 주력(예, 태양을 담은 김치김치가 많지만 새로운 브랜드로 고객의 호기심을 자극하여 맛을 볼 수 있도록 유도)",E
"금융권 경험 및 중소기업 경영컨설팅 사례
다양한 업종의 중소기업 창업 및 운영 지도를 통한 간접적인 사업경험
창업자 지도 및 아이디어 사례 경험과 초기 창업자의 다양한 성공 실패사례 체험
중소기업의 환경에 맞는 맞춤형 경영/자금조달 지도 경험",E
"세계 최고의 스포츠 기업으로서 긴 역사의 경험을 통한 서비스 제공
미국 싱가포르 중국 일본 영국 말레이시아 한국 등 다양한 지사들의 지속적인 커뮤니케이션 및 협업을 통한 빠른 업무진행",E
"정확한 원료 시황 파악 및 업체에서 원하는 물성을 찾을 수 있도록 추천 할 수 있는 다양한 원료 지식 
신규 제조업체 및 시장 발굴",E
"물류비용 절감 (시내위치)
소품종, 대량재고 확보로 예측가능한 구매력확보
대량구매로 단가 경쟁력 확보
신속 출하 시스템으로 회사 이미지 제고
친절 응대로 만족도 향상",D
"보일러 및 탈황설비의 전문지식을 보유한 설계 및 설치 엔지니어
중국에 합작법인으로 설립한 가격경쟁력 및 고품질의 제작 설비",C
"방송시스템 전문지식을 바탕으로 설계능력과 협상력을 갖춘 영업팀
방송장비 전문성을 만들고 기술의 원천인 지적 재산권을 끊임없이 연구하는 부설 기술연구소
효율적인 발주(장비및 시공업체선정)를 위한 외주구매팀",D
"전문지식을 갖춘 대출상담사등 인적자원 확보
대표자의 전문성으로 강한 리더쉽 ",E
"재고관리 물류관리의 역량강화
고객의 니즈를 신속 정확하게 처리하기 위한 인원과 설비를 효율적으로 운영하기 위한 노하우 및 역량 업그레이드",D
"방대한 인맥을 보유한 영업팀
시장의 변화에 선도적으로 대응 가능한 경영진
현장별 크레임 대응능력 우수한 영업관리팀",E
"다년간의 제품 연구개발 경험과 적기에 대량 물량을 공급할 수 있는 생산능력 확보 
전문지식을 보유한 업계 최상위 기술영업팀 보유",D
"메뉴개발 조리사,인테리어 디자인너,점포개발 전문가,점포관리 전문가
시장변화를 빠르게 읽어내는 전문가,신규창업 영업상담 전문가,직원&점주 교육전문가등
 각기의 위치에서 전문성을 기본으로 시장과 환경 트랜드 변화에 빠르게 적응
 점목하여 치킨시장에 선두주자가 되자.",E
"신제품 개발 능력
아웃도어, 캠핑 전문 판매자 집단
글로벌 프리미엄 브랜드 포지셔닝
차별화된 브랜드 철학과 이념",D
"고객사와의 친밀한 유대관계
조직구조 단순화를 통한 신속한 의사결정
젊음",E
"경쟁력 있는 단가, 고품질의 제품선정
고객사와의 긴밀한 유대관계",E
"끊임없는 투자로 제작되는 최고 기술력의 제품들.
적지만 동종 업계 경력이 10년이상 된 인원으로 구성된 기술지원 파트 직원들.
매년 진행하는 안전인증, 전자파 인증등
독일 본사, 싱가폴 아시아 본사의 빠른 답변과 일처리.",E
"시장흐름을 파악하고 학습하여 영업
 모임과 단체활동을 통한 인맥관리 ",E
"현금 및 부동산
대표자 본인 (개인사업자)
제품 선택 및 소싱 능력
상품의 적재적소 진열
상품 스토리와 사용법에 대한 자세하고 친절한 구두 설명 능력
인스타그램 게시용 사진 촬영 및 편집, 글쓰기 능력",E
"사무핵심업무는(미팅, 영업활동&제품홍보) 당사에서 보유하고
현장작업업무는 아웃소싱을 통해 운영하는 소싱 능력",E
미입력,E
"영업활동을 통해 유지되는 고객사
기술양성을 통해 성장되는 엔지니어
마케팅활동에 필요한 고객DB 정보
내부 높은 영업력, 기술력 등의 조직력과 관리시스템",C
"필수 인력들 즉, 자격증 소지자의 확보가 중요하며 꾸준한 설비개선을 위해 효율적인 운영방법을 찾아내고 교육하는 것. 실무자들의 운영능력 개선을 위해 타사에 대한 벤치마킹도 중요하며 스스로 개선할 수 있도록 독려하며 실적에 반영될 경우 인센티브를 통해 동기부여를 하는 것도 중요함. 결국 리더로부터 연구하고 개선하려는 노력이 필요하며 이를 실행하는 실무자들과의 유기적인 소통이 중요함. ",D
"10년간 설계한 체계적인 중국 유통망 및 대리상
핵심과 비핵심의 철저한 분리와 아웃소싱을 통한 높은 인당효율",D
"질 좋은 가죽을 오랫동안 취급해온 노하우
20년 동안 소파만 전문적으로 만들어온 기술력",D
"당사 브랜드
경쟁력 있는 직원
신속한 의사결정",E
"취급상품의 사양 데이터 구축
판매시장 동일 유통가격 적용 
상품별 온라인 카다록 제공
배송 알림시스템",D
"전문 지식을 가진 책임감 있는 인적자원
안정적인 회사의 현금 유동성
쌓아온 실적",E
"해외명품브랜드를 수입하여 판매하여왔으나 그 디자인은 모두 자사에서 한 것으로 디자인과 기술력은 해외에서도 인정하고 있으며, 아울러 오랜 영업력으로 넓은 판매채널을 을 갖고 있음",E
"해외명품브랜드를 수입하여 판매하여왔으나 그 디자인은 모두 자사에서 한 것으로 디자인과 기술력은 해외에서도 인정하고 있으며, 아울러 오랜 영업력으로 넓은 판매채널을 을 갖고 있음",E
"전문지식을 갖춘 5년이상의 경력자
열정이 넘치고, 배움의 자세를 갖춘 신입직원.
1700만명의 자동차 커뮤니티 회원.
외부 광고대행사의 주요인력.
20년간 다양한 온라인기반 사업을 총괄 기획자. 
멀티 업무가 가능한 웹디자이너 보유",C
"한국은행, 금융감독원 등 정부, 공공기관
해외 투자 기업
국내 금융기관
국내 대,중,소 기업",A
"경영컨설팅을 하기 위한 유자격자(경영지도사, 세무사, 노무사, 변리사, 법무사, 회계사, 행정사 등등) 와 업무지원 인력 등의 인적 자원
정부지원제도의 분석 및 경영전략 수립 파악을 위한 경영 및 기술 정보력",B
"100년에 가까운 역사와 오랜기간동안 유럽 시장점유율 전체 1위의 브랜드와 관리 시스템
한국지사의 중요성을 인식하여 과감한 투자
공격적인 운영으로 현재 펜데믹 상황에서도 인수 합병을 통한 경쟁력 강화 
직원들에게 지속적인 교육과 투자를 통한 인적 자원 관리 강화",C
"전문지식을 갖춘 우수한 인력(수신, 여신, 방카, 펀드 등)으로 고객의 자산을 증대 및 보호",E
"30년 이상의 맞춤 열에너지 개발기술 
시장흐름을 빠르게 파악하여 회사를 운영하는 경영진
오랜시간 여러산업군의 제품개발을 담당하며 쌓은 개발노하우와 다양한 산업군의 제품을 개발 할 수 있는 능력
핵심기술 및 업무는 당사 직접진행하고 다양한 협력사와의 협업을 통한 빠른 진행능력 
오랜 신뢰관계를 유지하며 협력하는 국내.외 협력사",C
"해당분야에서 오랜 경력을 가진 최고의 전문가로 구성되어 있음 (전원 Big firm 출신으로서 연차 낮은 인원을 투입하는 Big firm 대비 뛰어난 성과물 도출)
해당산업에 대한 높은 이해도를 바탕으로 효율적이고 효과적인 서비스를 제공
대기업, 중견기업, 중소기업, 워크아웃회사, 회생회사, 상장사, 비상장사 등 다양한 클라이언트 경험
Big firm 대비 저비용 구조를 바탕으로 한 합리적인 용역보수",D
"신규고객 및 지속적인 고객 유지관계를 위한 영업활동 담당자
공정 설계자 및 운용 가능자
고객 컴플레인 해결 담당자
글로벌 고객요구사항을 수용할수 있는 시스템운용자",D
"법인영업 경력보유자
금융자산관련 자격증 보유자
협상력과 친화력을 보유한 인적자원
투자전문가 및 보험계리사",D
"금융업에 대한 전문지식을 갖추고 있는 인적 자원
타사와 비교하여 우수한 상품",E
음식업 30년 경력의 주방장영입과 그에 준하는 보조주방장들 영입,D
해외 건축 1위를 수행하고 있는 인적 자원,D
"자체 생산
다양한 상품 확보",D
손해사정 보상실무경력,E
"물류 센터 인원
배송직원
영업용 차량
다년간 쌓아온 물류 knowhow",E
"전문지식의 젊은 (30대)조직으로 구성(GA의 다른 지점은 평균 50대로 구성)
36개 보험시스템을 활용할 수 있도록 교육
신입교육 활성화
보상 프로그램 활성화
끊임없이 배우는 스터디팀구성
1년커리큘럼 만들어 테마에 맞추어 교육",D
"즉시 A/S 대응 가능하여 고객 관리가 특화된 생산조직
설계 해석 까지 가능한 설계팀
과제 수행이 단독으로 가능한 연개발부
부품 공급협력사 관리능력",D
"기술력 우위를 통한 경쟁력 확보
우수한 기술력과 경영자원 확보를 위한 교육 활동
다양한 사회공헌활동을 통한 지역사회에서의 명성 쌓기",D
"근속 20년이상의 전문 엔지니어 보유
업계에서 가장 크고 오래된 전문 시공경험
초고층에 적합한 기술개발 및 연구개발팀 운영",D
"10년 이상의 경력을 가진 영업부 구성으로 효과적인 영업 진행
생산 전문가들 보유로 발 빠른 대응이 가능 함.
자체특허 보유",C
"인쇄 관련한 기장들의 노하우와 인적자원
시장흐름을 아는 경영진
기술력",E
"전문지식과 경험(노하우)을 갖춘 인적 자원
시장흐름을 파악하여 변화를 이끄는 경영진 
전문분야의 특화된 기술력",E
"우수한 품질을 갖춘 영화관 플랫폼
OTT 플랫폼과 차별화된 설비(고화질 영사기, 대형스크린, 웅장한 사운드)
전문인력을 갖춘 운영 관리(재무, 회계, 디자인, 영화제작, 드라마제작 등)
영화산업의 결정체",D
"취급 자재의 우수한 품질 및 가격 경쟁력, 공급 안정성
취급 자재에 대한 임직원의 전문적인 지식
CRC 1위 업체의 기술 숙련도 및 작업관련 노하우",E
"동 업계 20년 이상의 개발경력을 가진 대표이사 및 연구인력
현장경험이 풍부한 영업 및 생산인력
엔드유저의 니즈에 따른 신속한 대처 능력
핵심 거래처와의 유대관계
해외공장의 기술지원에 의한 지분 참여로 교두보 확보",C
"동 업계 20년 이상의 개발경력을 가진 대표이사 및 연구인력
현장경험이 풍부한 영업 및 생산인력
엔드유저의 니즈에 따른 신속한 대처 능력
핵심 거래처와의 유대관계
해외공장의 기술지원에 의한 지분 참여로 교두보 확보",C
"전문 인력
국내 최대 실적과 경험
관련 특허",E
"전문지식과 지속적 개발 진행하는 연구원
대형계약을 신속히 진행하는 사업부
시장흐름 파악 및 신규제품 기획 주도하는 경영진",D
" 20년 경력의 임원진의 인맥과 구매/판매노하우
차별화된 제품성능 및 디자인
파트너사와의 끈끈한 유대 및 장기간의 신뢰 형성",E
"온라인 컨텐츠 제작 및 출시 운영 노하우
관계사 및 파트너 시너지
핵심 인적자원(컨텐츠 및 마케팅 기획 사업조직)",D
당사 장기근속자의 지식 및 경험,E
"변호사의 전문지식 함양을 위해 지속적으로 전문, 교양 교육을 이수하고 있고.
20년 이상의 현직 및 변호사 경험을 통한 전문성과 노하우",E
"전문지식과 창조적인 사고를 가진 인재
각 분야별 특화된 설계 노하우 확보",E
"평균 10년이상의 재직하고, 전문지식을 갖춘 전문인력 자원
미래기술과 시장흐름을 파악해 변화를 이끄는 경영진
22년 업력의 특화된 경험 보유
고객으로 부터 신뢰성",E
"SGI서울보증 대리점 7년 이상 경력으로 숙련된 인력
다양한 형태의 증권 발급 경험을 토대로 정확한 안내",E
"40년간 국내 시장점유율 1위 의 품질, 기술력, man power.
40년간 베트남 시장점유율 1위 업체, 아스팔트 플랜트 와 레미콘 플랜트 해외 수출 1위 업체의 명성 과 고객들의 신뢰 ",E
"1,물류팀(배송직 사원)
2,영양사(홍보, 영업, 사후관리)
3,사무직(영업관리)",E
6번항목의 답변과같이 꾸준한 디자인향상을 위한 우수인력확보와 사내 분위기조성(디자인경쟁)을 통한 업게 경쟁력 확보가 핵심 자원 입니다,E
"UP-SKILL 과 RE-SKILL을 통해 최고의 인재를 양성하고 개방적, 창의적인 조직문화 구현
디지털 부문의 인력비중을 확대하고 IB,자본시장 등 핵심성장 부문의 인재 양성
AI나 RPA로 대체 가능한 직무를 지속 발굴하고 AI시대에도 사람이 강점을 갖는 업무로 인력 재배치
창의적인 아이디어와 집단지성이 구현하는 공유와 협업 문화의 확대",D
"임직원의 기술력
적극적인 CEO 근성",E
"특정분야 전문지식
특화된 디자인 능력",E
"세심한 설계, 건축자재의 생산에서 양질의 주택공급에 이르기까지 일체화된 시스템 체계
선진기법 및 효율적 경영관리를 통하여 국제 환경 변화에 능동적으로 대처하는 경영진
축적된 기술력과 창의적인 인재
지속가능한 성장을 위한 꾸준한 교육 활동",D
"우수한 기술인력
다수 시행한 임대아파트 경력 및 노하우",E
"기술력 확보 및 설계품질 향상 
지속적인 발주처 관리",E
"글로벌 Top 수준의 철강재 제조 장비/기술(생산량/품질/납기 등)
국내 Top 수준의 철강/금속 관련 인적 자원이 모여 운영하는 기술/생산/판매 및 유관부서의 업무
비즈니스 상 시너지 제고를 위한 그룹사(포스코인터내셔널, 포스코건설, 포스코강판 등)
국내외 주요 대기업 및 민/관/학/협회 네트워크(자동차사, 건설사, 세계철강협회, 국회 포럼 등)
‘세계에서 가장 경쟁력 있는 철강사’에 10년 연속 1위 선정(2010~2019, World Steel Dynamics)되는 등 철강에 특화된 생산 및 응용기술",C
"시장흐름을 파악하고 학습하여 영업
 모임과 단체활동을 통한 인맥관리 ",E
풍부한 경험과 적재잭소에 맞는 배차 능력 입니다.,E
"타사와 차별화된 설계와
업계를 선두하는 공법과 시공력",E
"경영관리팀
생산관리팀
품질관리팀
영업팀",D
"경영관리를 위한 경영진
해당분야 경험 및 전문가 ",E
"경영관리를 위한 경영진
전문지식과 업무총괄처리가 가능한 인적자원",E
"총괄관리 경영진
의료기기판매 전문가",E
프리미엄 디저트 카페,E
"반도체 및 디스플레이 핵심 기술공정
핵심반도체 인제 스카우트 
세계화 시장",B
"검사장비 기술력 
(OLED Mask 인장기 OLED Mask 틈새 장변 인장기)
OLED 합착이물 검사기, OLED 유효실 검사기
IR Filter 검사기, Pellicle 검사기",B
"안정적이고 안전하게 가스를 공급하는 노하우
지역곳곳에 매설된 가스공급 배관 자산",D
"설계사 전문 채널.(2500명)
보험클리닉이라고 하는 오프라인 매장",E
전문지식과 협상력을 갖춘 영업팀 등의 인적자원,E
"계열사 기술연구소
전문 협력사
각종 지하터파기 관련 특허",C
"주요 거래처
 현재 국내 대기업 및 전세계 32개국에 전자식 비데를 수출함으로써 제품의 기술력과 품질",D
"가공팀
기술팀 
영업팀",D
"타사보다 월등한 지역 사회에서의 활동
광고로 인한 브랜드 인지도",D
"전략 영업팀 인원 증대에 따른 인적자원
구매, 개발 지속적인 능력
시장 흐름을 파악하여 매년 방향성을 조정하는 영업팀
구매처와 지속적으로 연구, 개발, 유대관계, 경쟁력 있는 매입처 소싱",B
"1.	세계 또는 국내를 선도하는 기술력
2.	생산 설비를 자체 개발하여 적용하는 구조
3.	각부문의 담당자가 가진 Know-how
4.	중국 해외 법인(소주인터텍)을 통한 부품 조달등 업무 협조",B
"본업에 관심도가 높고 적성이 맞아 이 일을 능동적으로 정확히 진행 할 수 있는 인적 자원
해마다의 트렌드 반영 연구",C
"탁월한 토지개발팀
탁월한 건축설계 및 시공팀
탁월한 분양팀
탁월한 세무팀",D
"믿음과 신뢰
완벽하고 뛰어난 기술의 시공능력",E
"이공계 출신의 실무자
변리사
외국어 실력이 있는 사무업 종사자",D
"관련분야에 전문지식과 협상력을 갖춘 인적 자원
ISO인증과 특허기술을 보유한 뛰어난 품질과 기술보유
다양한 업체의 설비 적용과 현장 설치 노하우 
기업의 변화에 동참하며 생산 자동화 시스템에 최고의 기술력을 가진 펌프, 자동화 설비를 제공하여 안전하게 유체를 이송
Lubrication System을 적용하여 생산설비의 최적화 상태 유지",C
30년 이상의 해당업종의 기술능력 및 기술에 대한 노하우를 가진 핵심 맨파워 임,E
"부가가치가 높은 모돈 (엄마 돼지)
전반적인 농장시설",D
"측정부터 공사와 인허가 등 업무관련 종합대응이 가능한 인적자원
측정 분석업무에 대한 대외 관공서 감사에 대한 대응이 가능한 인적자원",D
"안정적 원료확보를 위한 채굴권확보로 경쟁력 확보.
생산라인의 개선을 통한 자동화로 가격경쟁력 확보",C
"영업 능력 있는 인력
경영능력 있는 경영자",E
"소 영양 박사학위 보유
사료회사 R&D, PM으로 15년 근무",C
우수한 경험과 경력을 가진 지적 소유자인 교수들입니다,D
"다양한 인맥 네트워크를 활용하는 경영진
전문성 있는 협회 및 회원사 직원
브랜드 가치(국내 주택산업을 견인하는 주택건설업체 모임)",D
"능력 있는 기자
능력 있는 마케팅 담당자
출판능력 있는 인쇄소
인터넷 기반 홈페이지",E
"기술팀 : 관련 경력 최소 5년 이상의 전문기술자 확보하여 신입사원의 경우 OJT를 현장중심으로 진행한다. 향후 설계지원시 현장 반영의 최적화 가능
중소기업이지만 대기업 매뉴얼 만큼 쌓아온 회사 DB구축-각 현장별 소모품, 공구, 인력변동 실시간, 자재 적정성 검토 등완료.
엔지니어링 회사지만 자체 생산시설 및 연구소 보유로 JIT 사스템 확보.. 고객사 대응 최고",C
"한국인과 가장 흡사한 4계절을 가지고 있는 지역의 좋은 머리결(중국 생산제품 우선사용)
중국에서 가족이 직접 운영하는 직영 생산 라인으로 제품의 신뢰성 (중국 현지인들을 거래 할경우
 가장 중요한 품질의 상태 유지는 포기해야 할 경우가 다반사입니다. 특히 가격인상이나 재료 공급시 그들 만의 가격을 무기로 시장을 어지럽히는 경우가 허다함)",E
"해당 분야에 경험이 풍부한 최고의 엔지니어들로 인하여 우수한 제품 제작능력 보유 
경쟁력 있는 부품업체 및 외주가공 업체를 다수 발굴 함으로서 우수한 제품 및 원가절감 효과로 인한 가격경쟁력 강화
불량률 최소화로 인한 원가절감으로 가격경쟁력 강화 ",C
"5년 이상 경력 베트남 생산 인력 유지
베트남 현지인력 최적 생산과 인력관리를 통한 공장장, 법인장
제품영업, A/S, 제품구매회사 관리를 위한 영업담담
최적의 원료가로 안정적인 원료공급을 위한 구매담당
시장흐름을 통찰하고 위기대응과 비전 제시와 리더십 경영진",C
"지속적인 거래처 발굴 및 신규시장 창출을 위해 매진하는 영업부
고객의 니즈에 부흥하기 위하여 치밀한 품질관리와 개선에 힘쓰는 품질팀
새로운 아이템과 생산성향상 품질개선을 위해 연구개발에 매진하는 기업부설연구소
고객사의 신뢰와 상호협력을 통해 지속 발전시켜온 업계최고의 금형 제작 기술",C
"쇼핑몰 활용 및 관리 노하우
상담 및 배송관련 포장",E
"최고의 품질을 자랑하는 필름을 약속된 기간안에 시공. 시공 후 철저한 AS 및 사후 관리
시장흐름을 파악하여 변화를 이끄는 경영진 및 영업부",D
"업계최고의 경쟁력
신뢰로 구축된 네트워크-제강사, 고객사, 금융기관 등
기업의 미래를 이끌 성장동력을 발견하고 투자하는 CEO
시장흐름과 업계 동향을 파악하여 결정하는 경영진
열정과 영업력을 갖춘 영업부
전문지식과 열정을 갖춘 가공사업부의 임직원
기민하고 촘촘한 관리로 원가절감과 영업 외 이익을 창출하는 모든 관리부서의 임직원
지역별 거점에 위치한 가공공장과 물류창고로 전국적 공급망 구축",B
"새로운 시장을 발굴하여 신규 고객을 확보할 수 있는 우수한 경력의 영업사원
기존 고객에 판매가 가능한 새로운 item 발굴.
빠르게 변화하는 첨단 제품에 대한 변화를 감지하고 대처가 가능한 우수한 경영진.
온라인 판매를 위한 웹디자이너.",D
"10년이상 실무경험으로 다져진 운영진 
특허디자인
10년이상 유대관계를 이어나가고있는 수많은 반려인 가족 ( 기업이미지 상승 )",C
"변화와 혁신에 능동적으로 대응할 수 있는 인적자원
재고생산과 주문생산이 가능한 생산설비
품질에 대한 클레임을 제로화 할 수 있는 능력",D
"공인중개사 자격증 소지자와 은 전문인력확보
경력이많아 원할한 텔레마케팅 실력을가진 텔레마케터
광고효과가 높은 기술력을 가진 SNS 마케터",C
"최고의 기능을 보유한 인력을 보유하여 최고의 품질을 제공하는 인적 자원
원가관리, 품질관리, 경영관리 등의 전문관리자의 운영으로 경쟁력 있는 회사임직원
경쟁력 있는 자재의 구매력을 바탕으로 수주역량 강화
우수한 현장관리자의 운영으로 고품질의 현장 달성",D
"30년 이상의 가구 장인의 생산 노하우
고객의 거실까지 안전하게 시공하는 물류직원
주인의식을 갖고 있는 임직원",E
공동(집단) 의사결정 체계를 위한 기획/영업/기술/디자인 협의체,D
"직접 설계 및 시공의 일괄 처리로 원활한 사업 수행
행정 경험을 바탕으로 관공서 대관업무 노하우
풍부한 시공경험의 전문적인 시공관리팀 운영",D
"건축물, 주차관리 설비 및 관리 전문 인력",E
"최초/유일의 이중캡 생산시설 완비를 통해, 다수의 관련 특허 및 기술력을 보유한, 이중제형 건강기능식품의 생산 및 개발 전문업체 로서의 성장 이중제형 컨셉은 건강기능식품 뿐만 아니라, 다양한 식품군에 응용 가능한 차세대 식품제형으로서 그 성장가치가 매우 높음
재산권 및 특허
곰피추출물 개별인정형 원료 보유(제2018-1호)",D
"고객사의 말에 귀 기울이는 주인정신을 갖춘 사무원.
우수한 기술력을 기반으로 도전적이며 젊고 혈기 넘치는 생산인력.
철저한 품질관리 시스템.
다양한 설비: 다품종 생산에 적합한 다양한 최신설비.
미래 지향적인 경영진.",D
"건축자재전문 영업팀 / 지원업무팀 / 경영진들의 시장흐름파악우수
35년이상의 건축자재유통회사의 오랜 경험과 협력업체와의 지속적인 관계",D
"프로젝트별 운영과 공사대금 수령을 위한 기성을 담당하는 공무담당자
영업을 위한 임원
공정과 원활한 공사를 수행하는 공사담당자",E
"기계약자 정기적인 밀착관리.
전문지식 습득 활용을 통한 타보험법인과 차별화전략.
관련업체 지속적인 협약체결(생명, 손해보험. 시중은행, 케피탈, 증권사).",D
"안정적인 중국직원 : 대부분이 회사 창립인원(경쟁업체의 스카우트 제의도 뿌리침)
중국 직원의 정보망
오너의 전체를 볼수있는 기술력, 현지 국가 언어능력으로 빠른 결정(주요 결정시 공장사장과 직접대화로 신뢰 및 신속대응 : 오너와 직원의 공장사장과 상담과 절실함은 차이가 있음)
꾸준한 성장으로 투자가능한 자금력
동종업계의 흐름을 파악하는 능력으로 준비가 빠름",D
"전문적인 기술력 확보(숙련공 및 기술전문가)
고객의 의견 수렴 및 문제 발생시 고객 및 관리자와 소통 해결
제품에 대한 사전(B/S) 서비스에 의한 고객불만 해결",C
"임베디드, IT 관련 10년이상 경력을 가진 최고의 개발 인적 자원
전문지식과 협상력을 갖춘 10년이상 경력을 가진 기술 영업 인적 자원
비핵심 업무를 아웃소싱 운영 능력",C
"전문지식과 협상력을 갖춘 시장점유율 1위를 만드는 기술영업팀,
신뢰할 수 있는 제품을 생산,출고등을 담당하는 생산관리팀.
원자재를 적기에 저렴한 가격으로 구매하는 경영관리팀이 KEY부서",D
"전문운영유지 관리 인력 확보
위기 시 대응에 최적화된 노련한 경영진
어려운 여건에서도 기술력을 확보하여 최고의 품질로 승부하는 유지보수 협력사
재무건전성을 유지시키는 경영관리본부",D
"전문지식과 협상력을 갖춘 각 영업본부(개발,건축,토목,민자,상하수도 등)
시장흐름에 맞추어 선택과 집중을 잘하는 경영진
어려운 여건에서도 기술력을 확보하여 최고의 품질로 승부하는 각시공팀
재무건전성을 유지시키는 경영관리본부",D
핵심적인 회사내 맨파워 인력이 최우선입니다,E
"설비의 관리 능력 및 투자
인력의 자질 향상을 위한 교육훈련
노사의 조화와 원활한 의사소통 능력",D
"사람입니다. 즉 물류 통관 운송 창고에 대한 전문가입니다. 
물류프로그램 즉 유한테크노프로그램 등 물류 및 창고 통관 포장에 대한 전문가 특히 각 분야 5년 또는 10년 이상 근무자",E
"우수한 차별화된 제품으로 가격은 물론 품질에서도 타 기존 제품들과의 차별성
전문능력을 갖춘 전문 영업 마케팅
전문 시공인력 등",D
"건축공사. 토목공사의 수십년간 수행한 다양한 수행실적
다양한 수행실적을 보유한 건축. 토목 전문 기술자
가족을 중시한 공동주택 브랜드 “신동아 파밀리에”",D
"건축공사. 토목공사의 수십년간 수행한 다양한 수행실적
다양한 수행실적을 보유한 건축. 토목 전문 기술자
고객과의 소통을 중시한 공동주택 브랜드 “금호 어울림”",D
"각 발주처 직접 영업을 통한 공사 수주를 위한 입찰 활동을 하는 업무팀.
시행사 및 신탁사와 돈독한 인간 관계를 형성하면서 신규 개발사업 수주 활동을 하는 개발팀.
당사 각종 공사 현장에서 최고의 기술력과 책임감을 갖고 노력하고 있는 엔지니어.",C
"동종업계 빠른 트랜드를 읽고 기획을 할 수 있는 전문인력: 제품 개발인력 
전문지식과 탁월한 협업능력을 지닌 영업인력 
제조와 물류는 전문 업체에 아웃소싱을 진행하고 이를 관리하는 관리부서의 능력 
10년이상의 자사에서 근무함으로 업무에 대한 숙련도와 집중도가 높은 전문 팀장들의 인력보유",C
"SNS의 채널에서 브랜드 마케팅 노하우/데이터구축
청하우만의 39년만의 단독 레시피 제품과 5년이상 생산관리자
프렌차이즈의 운영관리능력",C
"15년 이상 경력 가진 핵심 맨파워
다양한 제작/설치/운영 경력
설계/제작/시공능력을 고루 갖춘 인프라",D
"인터넷 시스템 개통 설치 기술자보유
시스템 유지보수 인력확보
전문가 협력인력보유",C
"해외 파트너사들 (자사 제품에 필요한 독보적인 기술을 제공하는 파트너사들)
기술력을 바탕으로 영업을 하는 국내 영업팀
국내 디지털사이니지 시장에 가장 경험이 많은 실적
조달 영업에 경험이 많은 파트너사",D
"당사만이 모형을 완벽하고 창의적으로 만들수 있는 인적 기술력
당사의 기술력을 홍보하며 수주하는 영업팀
수주한모형을 제작납품 유지관리할 수 있는 인적 기술력
최상의모형을 제작할 수 있는 장비",D
"국내외 브랜드 독점권 및 딜러권
상품개발인력자원
글로벌비지니스 네트워킹
한국실내건축가협회 및 한국관광호텔진흥협회 네트워킹
데코저널 회원 네트워킹
조명, 타일, 위생기기 전문기술력 및 영업력",C
동업계에서 오랜 경험을 바탕으로 제품의 노하우와 기술력으로 시장흐름에 대처하고 있음,E
"끊임없는 열처리기술 및 공법 연구
동종업계에서 규모가 큰 생산능력 및 다양한 장비 보유
금속열처리 업계에서 핵심 기술 다량 보유",D
"미래선도사업 아이템을 선정 및 추진하는 경영진
고객 니즈를 만족하기 위해 발로 뛰고, 생산현장 지원을 서슴치 않는 영업사원
기술영업이 가능한 영업사원
국내 60년 역사의 압출기술 노하우, 최대 압출Capa. 최대 압출용량을 보유한 기업
주조에서부터 후공정 전체를 아우르는 One-stop 생산라인
저렴한 제조원가 기반의 베트남 생산기지를 활용한 판매경쟁력 확보 ",D
"전문공종 중 설계단계부터 제품 압출, 도장, 가공, 조립, 시공 및 하자처리까지 
1stop system을 갖춘 국내업체는 당사가 유일함으로 타사 대비 당사의 핵심 system임.
설계 및 영업능력의 노하우(전문지식)을 갖춰 동종업계 중 상시 상위position 점유.",C
"자산 증식을 위한 투자정보, 자산관리 방안, 절세 방안에 대한 정보와 지식
투자 및 자산관리 정보 지식의 원천이 되는 협력금융사와의 관계 유지
지속적으로 고객에 대한 이력관리와 필요한 요구 사항 해결",D
"타사와 비교우위의 제품력
시대 흐름과 맞는 제품성능
고정비용 최소화로 아웃소싱 증대에 따른 관리능력
시장의 변화에 따른 집중력",D
"인적자원, 물적자원, 재무자원, 지적자산",D
-,E
"경쟁사 대비 높은 생산성을 유지하는 생산기술팀, 생산팀 
핵심공정 자동화로 불량유출 사전방지",D
"국정운영경험이 풍부한 고위 공직자 네트워크
CEO명품아카데미 미래경영과정 등 국내 최고수준의 교육 프로그램 개발 운영
CEO명품아카데미 미래경영과정 등 원우네트워크~ 83개 기수, 3500여명의 수료 원우",C
"완스톱 생산이 가능한 최신설비 및 공정별 설비 보유
칼라인쇄기/랍지기/대형톰슨가공기/형압인쇄기/금박특수인쇄기/코팅기/접착기/사바리가공기
지속적인 연구개발을 통한 다수의 특허 확보
신제품 개발을 담당하는 우수한 상품개발팀
고부가가치 박스 생산 능력 및 생산기술 노하우",B
"제철업의 특성상 고유의 생산 기술을 보유하고 있으며, 글로벌 기업들 과의 경쟁에서 우위를 차지하고 있기에 지속적인 기술개발을 통해 고부가가치강을 생산하여 경쟁력을 지속적으로 유지하고 있음.",D
"전문지식을 가진 인적자원
각종 법률 자문단",E
"각 업종별 20년 이상 된 전문 지식을 갖춘 컨설턴트
업종을 분석 진단할 수 있은 지식
핵심 인재를 선별할 수 있는 지식
개인 경력 관리 컨설팅 지식",E
"제품의 기술력(특허)
Agent의 능력",D
"사업경력 23년 인맥
10년이상 경력의 디자이너
쇼핑몰관리, 발주, 배송, 정산 각 관리하는 직원들
제품을 다양하게 구성하여 요구에 맞게 패키징 하는 능력",D
전문 지식과 기술력을 갖춘 인력과 다양한 시공 실적 보유,E
"최소 경력 5년 이상의 전문 영업 인력들이 갖고 있는 인맥 자원
업계 매출 1위가 갖고 있는 브랜드 파워
업계 최고의 신뢰도를 바탕으로 원할 한 원료곡 확보 능력",D
"데이터 기반의 온라인 마케팅을 주도하는 마케터
빠르게 트렌드를 따라 갈 수 있는 센스 있는 상품개발자
브랜드 특징을 반영한 용기, 패키지 디자인을 실현할 수 있는 디자이너",C
"빠른 정보 제공, 신속한 대응
세계적 기술 개발 동향과 추세 확인 및 정보 제공
다수의 고객이 아닌 선정된 우수 고객. ",D
"퀄리티 높은 디자이너
20년 이상 근무로 노하우가 쌓인 영업팀
새로운 시대의 젊은 영업팀 (신규 도입)
전문성을 갖춘 온라인팀
30년 오랜 사업으로 한 종류의 시장점유율 1위의 인지도",D
"컨텐츠 개발능력을 갖춘 직원
IGM의 고유 컨텐츠 (영상포함)
IGM가치를 전달하는 프로그램, 공간, 서비스 등",E
"시장과 고객의 요구사항을 파악하여 대응하는 영업팀
영업을 뒷받침하는 생산, 연구, 품질 등 충실한 서포트 부서의 조화
주력제품의 경우 업계 최고의 생산 시설 및 규모의 공장",D
"다양한 정보의 선점 및 학연 및 지연을 통한 영업.
풍부한 자금으로 (현금 결제 및 다량 구입) 저렴한 구매로 경쟁력 확보",E
"기술력, 노하우(Know-How), 창작력, 전문성을 갖춘 직원
시대흐름을 따라서 경영하는 마인드",E
"시장흐름을 파악하여 변화를 이끄는 경영진
핵심업무는 당사에서 보유하고 일부 비핵심 업무는 아웃소싱을 통해 운영하는 소싱 능력
업계에서 가장 규모가 있는 생산 능력의 공장 및 설비
발주처의 인맥의 중요성",D
"창립30년의 업력 
중국 생산 기반의 노하우",E
"차별화되고 전문화된 직원 역량 (영업점인프라, 자산관리(WM) 투자 전문인력 등)
디지털화에 부응하는 온라인 서비스(국내 최초로 도입된 스마트폰 키보드 간편 송금서비스인 '키보드뱅킹', 공인인증서 없이 비대면 실명인증을 통해 금융상품에 가입할 수 있는 모바일 금융 플랫폼 '셀프뱅크(Self Bank)', 혁신적인 펀드관리 기능으로 더 간편한 자산관리 서비스를 제공하는 '모바일펀드 서비스', 단축키로 30초 만에 해외로 송금할 수 있는 '모바일 외환 서비스' 등) 
전세계 60여 개 시장에 걸쳐 있는 SC그룹의 글로벌 네트워크를 활용해 해외 투자 및 교역을 모색하는 국내 기업고객들에게 선진적인 기업금융 서비스",D
"새로운 시도로 여러 제품을 만들어내는 R&D팀
제품의 퀄리티가 좋은 공장
많은 고객을 수용할 수 있는 넓은 카페
고객들에게 판매하는 직원들의 서비스 정신",C
"23년 전통을 유지하고 있는 동종업계 최고의 기술력과 실적 보유
우수한 인적 자원 확보
동종업체가 제안하지 못하는 기술 제안서 및 각종 시뮬레이션 제공
당사만이 보유하고 있는 LED 미디어 파사드 관련 특허 보유
동종업계보다 한단계 앞서가는 블루오션시장 개척",C
"전문지식과 협상력을 갖춘 시장점유율 1위를 만드는 영업팀, 시공관리팀, 생산팀, 경영관리팀의 인적 자원
시장흐름을 파악하여 변화를 이끄는 경영진
핵심업무는 당사에서 보유하고 일부 비 핵심 업무는 아웃소싱을 통해 운영하는 소싱 능력
업계에서 가장 규모가 있는 생산 능력의 공장 및 설비
시장점유율 1위의 경쟁력과 25년 업력의 특화된 욕실 시공 노하우와 생산기술",C
"설계능력을 갖춘 인적자원
시장의 흐름과 현황을 이해하고 당사규모에 맞는 방향을 설정하는 전략 및 개발 담당자",D
"당사는 20여년의 시장개척 경험과 노력이 가장 큰 핵심자원이다 하지만 요즘은 중국, 인디아 등에서 저가로 들어와 경쟁하기에 많은 어려움이 있음",E
"오랜 경력을 가진 핵심 기술자보유
시장흐름을 파악하여 변화를 이끄는 경영진
핵심업무는 당사에서 보유하고 일부 비핵심 업무는 아웃소싱을 통해 운영하는 소싱 능력",D
"관련업계 폭넓은 인맥을 가진 영업인력
전문지식과 장기간 경험을 갖춘 품질관리인력
중부경남 레미콘 업계 최초의 밀폐형 자재보관 시스템
고강도 레미콘KS 납품 실적 ",D
"영업30년의 노하우를 고객과 공유
성실과 정직을 내세워 책임감 있게 증권발급",E
"10년 이상 경력을 가진 핵심 맨파워
제조사(본 사)의 대리점에 대한 지원 (건설사 등 잠재 고객 소개) ",E
"기능적 전문성과 문제해결 능력을 겸비한 인적 자원 (영업, 사업관리, 구매, 외주관리, 재무관리 등)
공종별 실적 및 자격 요건",E
"변화하는 상황에 빠른 의사 결정하는 경영진
오랜 경험을 바탕으로 업무를 수행하는 직원들 ",E
"10년이상 경력을 가진 인력 다수 보유
시장점유율 1위의 경쟁력과 21년 경력의 축척된 시공노하우
특허 보유
다수의 시공 장비 보유
자체 주기장, 공장 보유",C
"조직원, 제품, 대리점, 홈쇼핑채널",D
"전문지식이 있는 교육강사
교육기획자
마케팅영업자",D
수많은 업체들을 직접 컨설팅한 노하우가 쌓인 것이 핵심자원이며 전문지식과 에너지를 가진 조직원의 지속적인 공급과 비전 설정을 하기 위해 입사단계부터 각 개인별로 목표에 따른 비전을 제시하는 등 직원 교육 시스템이 잘 되어 있습니다.,E
전문 지식과 유지관리 능력이 있는 인적자원,E
"국토의 효율적 이용을 계획하는 20년 경력이상의 기술 전문인력
국민의 주거안정 실현을 위한 사무 인력
해외시장 개척을 위한 해외사업 전문인력
각종 특허 및 재산권",C
"수입제품의 국내 호환성 여부에 대한 경험
해외 브랜드와의 정보 공유 및 유대 관계
디자인 변화에 대한 빠른 인식",D
"자사의 핵심자원은 30년이상의 전문적이고 광범위한 전문 지식과 설계.무역.영업.해외본사와의 끊임없는 소통을 통해 보다 먼저 클라이언트에게 다가가기 위한 노력을 기울이고 있습니다
따라서 자사의 핵심자원은 ALL FOR ONE. ONE FOR ALL입니다.",E
"현장경험을 바탕으로 기획력 있는 전문기술인력
건설업 경험이 풍부한 경영진",D
"전문지식과 기술력을 통한 LH우수시공 11회 등 건축본부, 토목본부의 인적자원
시장흐름 및 영업수주를 통한 기술혁신본부, 영업본부의 영업능력
자체브랜드아파트(서한이다음, 서한포레스트) 론칭을 통한 브랜드파워
50년이상 지역건설사의 자부심 및 대구광역시 인증 5년연속 고용친화기업",D
"기장담당 여직원(수임업체 규모에 따라 연차 및 직무능력을 고려한 담당자 배정)
회계사(전반적인 사무실 업무 컨트롤 및 회계감사업무 수행)",E
전문기술인력 확보로 차원 높은 시공능력을 향상시키고 불필요한 요소 제거,E
"20년전통의 전문적 경륜 
글로벌 네트워크 (옴니콘 산하 Siegel & Gale)을 통한 글로벌 전문성확보 및 글로벌 브랜드 개발",C
"업계 1위의 네트워크 인프라 자원 
신규 및 기존 고객을 관리하는 영업조직
신규 인프라 및 서비스를 개발하는 R&D 능력",C
"당사 부설연구소의 실적적 운영이 되도록 인적/물적 지원체계 확립
품질 경영 시스텝구축(고객과의 정기적 협의를 통한 문제점파악 및 해결책모색)
효율적 A/S관리 및 FEEDBACK관리를 위하여 수도권은 고객지원팀 자가운영 및 전국적 관리를위하여 20여곳의 A/S직영점 운영
첨단화된 관리시스템 운영 (관리통한 ERP,  SART FOCTORY, 전자결제SISTEM 확립)",C
"의약품 원료, 완제의약품, 건강식품, 의료기기 등 웰케어 제품에 대한 풍부한 사업 경험(30년)
관계회사의 인적 자원과 제품 개발 능력
빅데이터를 이용한 유통플랫폼 구축
B to B 기반으로 상업을 영위해 제약회사 고객을 다수 확보",B
"문제의 대응할 수 있는 인재 
기본을 바탕으로 한 디자인 능력 
다양한 협력업체
전문가형 기획자 (디자인기획과 마케팅 능력)",C
"문제의 대응할 수 있는 인재 
기본을 바탕으로 한 디자인 능력 
다양한 협력업체",D
"각 파트별 전문화된 인적자원-디자인/소재개발 및 생산/영업/생산관리/공장시설 및 COMPLIANCE. 
제품 생산을 위한 안정적인 생산력-공장, 설비 및 전문화된 기술. 
각 단계별 아웃소싱 협력사.
직/간접적인 영업 및 생산관리의 능력을 가지고, 합리적인 의사결정하며, 시장흐름을 파악하고 변화를 이끄는 경영진.",C
"문제의 대응할 수 있는 인재 
기본을 바탕으로 한 디자인력 
다양한 협력업체",D
"90%이상 직원이 학사이상의 고학력 자로 튼튼한 기술인력보유 
다수의 전문 기술사 보유로 설계성과품에 대한 품질 확보
국내 토목(도로) 민간투자사업 제안능력 상위 3위",D
변호사들의 전문지식과 경험을 통해 보유하고 있는 노하우,D
"60년 전통을 자랑하는 역사와 기술력
업계 1위의 역사속에서 다 분야의 시공실적과 그 기술력을 갖춘 구성원
레미콘사를 자회사로 둔 최고의 콘크리트 기술력",D
"가맹점 상권에 맞는 제품 믹스 등에 대한 컨설팅
다양한 제품 수급 ",E
"Place Branding, Place Making분야의 국제적인 전문성
미국 공간경험디자인협회 글로벌 디자인어워드 아시아 최다 수상, 최근 5년기준 세계최다 수상
잇어워드 최초의 3년연속 그랑프리 수상
공공환경분야 굿디자인어워드 최다수상 회사
회사의 80% 5년이상의 장기근속자
일관된 전문성 유지",D
"부동산 개발경험에 따른 역량 (금융, 시공, 분양, 재무)",E
"오랜 현장 경험에 의한 현장의 폭넓은 이해
취급 제품에 대한 이해와 빠른 신제품 정보
시공 및 납품과정에서 생길 수 있는 위급한 상황에 대한 빠른 조치",E
"10년이상의 경력 및 경험을 통한 자동차금융 전문가임
국내승계업체 Top5임. 블루오션이지만 아무나 사업할 수 없음",E
"사출 성형기
조립 원가 경쟁력 확보를 위한 전용 조립기 제작 투입",E
"전문인력-설계팀
계획된 디자인이 반영된 설계도면 및 설명서 ",D
"신뢰도 높은 제조사
장기근속 직원
외부 환경에도 회사 유지 발전을 지키고자 하는 오너의 의지",D
"차량연료
장비",E
"기술력과 시공능력을 겸한 우수인재 확보를 통해 영업력 및 시공능력 확보.
환경신기술, 신재생에너지 분야의 전문인력 영입으로 사업분야 확대.
경쟁력 있는 거래처를 발굴하여 협력함으로써 시공분야에서 영업이익 극대화함.
다양한 분야의 연구장비 구축을 통해 신기술 개발 및 회사홍보에 적극 활용함.",C
"섬세한 여성기업인 경영
LGU+ 고객대상 최상의 서비스 제공을 통한 고객만족 정보통신공사업 전문업체
책임시공을 기반으로 신뢰기반의 상생경영 기업
소통과 상생의 행복기업",E
"업력 33년으로 일궈진 최고의 품질과 기술력 보유
설계, 시공, 감리 등을 ONE-STOP으로 수행하는 종합 정보통신공사업 전문업체
책임시공을 기반으로 고객이 신뢰하는 정보통신 전문기업의 상생경영 운영 
자율과 책임, 소통과 상생의 행복기업",C
"책임시공을 기반으로 고객이 신뢰하는 정보통신공사업 전문업체 
최고의 품질과 기술력 보유 인증기업
CCTV 직접생산과 시공 및 유지보수 기술 보유",D
"수년간 쌓아온 영업 노하우
다양한 공장의 제작능력 및 시공 경험
능력이 뛰어난 설계 인력",E
"현장경험을 바탕으로 기획력 있는 전문기술인력
건설업 경험이 풍부한 경영진",D
"‘연구 개발 중심 경영’이라는 티맥스 경영 철학
전체 임직원의 70% 이상에 해당하는 연구원
기업용 시스템 소프트웨어의 표준을 만들고 있는 티맥스R&D센터
클라우드 관련법 개정에 의한 클라우드 시스템 도입 수요 확대
JEUS를 중심으로 한 세계적인 수준의 Java 기술력을 갖춘 미들웨어 제품",B
"차별화된 제품 (특허제품)으로 높은 기술력
타 업체에서 따라올수 없는 제품, IoT를 기반으로 하제품 출시
시장점유율 1위의 경쟁력과, 신기술개발로 인한 특허 14개, 디자인 12보유로 타업체와  차별화
신축건물 건설시 준공시 없으면 안될제품으로 각지방자치단체 조례변경 등을 통한 영업",C
"전문지식과 협상력, 판단력을 갖춘 영업직원
철강시장의 변화와 흐름을 파악하여 회사를 이끄는 경영진
고객과의 상호신뢰",D
"맨파워(인적자원)
국내 및 해외 기반시설이 공장 및 인프라.
여러 해외 바이어를 통한 시장 확장성.",C
"많은 난공사를 수행한 인적자원
고객요구를 만족시키는 대안능력
가족과 같은 애사심.",E
"직무관련 전문지식 함양 인적자원 구축 
  ( 소방방재 학위전공자 및 자격 취득자, CPR 응급구조 자격자, 반려견(묘) 지도사, 서비스강사 개인정보관리사 外)
유관기관과의 유기적 소통창구 구축
  (전직경찰 및 전역장교 사원 채용, 경찰서/군부대 관계자 미팅 정례화 등 )
10년이상 보안부문 경력관리자 다수 인적자원의 경쟁력 우수
  (전체 인원의 30% 수준 인적구성, 직책: 조장~ 팀장 )",D
경영자의 아이디어와 이를 실현하는 R&D부서,D
"제일 어려운 부분을 해결하는 경영진(토지주 설득, 투자자 설득, 인허가 담당 공무원 설득 등)",E
"철강분야 근무경력 및 전문지식 
철강제품 판매경력 ",E
특화된 상품제시 및 합리적 가격/고품질 제작 및 납기 내 제품 출고,E
"학습과 고객과 제조사 관련제물과 시장 경험을 동반한 직원 
업계 오랜 경험과 네트워크 확보한 대리점 
화학물질 분석서비스 및 화학물질 취급 / 신규물질 등록 등 대응 ",E
28년 유통 경험과 인적 자원,E
"임대용 가설자재
시스템 동바리 및 비계
전문 시공 인력, 전문 설계 인력, 전문 영업 인력
기술개발을 통한 ESG의 완성한 구축
로봇 설비 도입, 대량 생산이 가능한 신설비 시스템 ",D
금융 조달에 전문적인 지식과 각 기업의 재무상태에 맞는 최적의 자금 조달 방법 제시,E
"20년간의 시공 노하우가 축척 된 정밀 시공능력을 보유한 시공팀
전문지식을 갖춘 경영관리팀의 인적자원",E
"다년간의 SH, LH 영업을 통한 인맥
영업에 필요하다면 적극 지원을 아끼지 않는 경영진
시장상황에 유연하게 대처할 수 있는 조직
오랜 경험을 바탕으로 한 시공기술력, 인원 동원능력",E
"한국인과 가장 흡사한 4계절을 가지고 있는 지역의 좋은 머리결(중국 생산제품 우선사용)
중국에서 가족이 직접 운영하는 직영 생산 라인으로 제품의 신뢰성 (중국 현지인들을 거래할 경우 가장 중요한 품질의 상태 유지는 포기 해야 할 경우가 다반사 입니다. 특히 가격인상이나 재료 공급 시 그들 만의 가격을 무기로 시장을 어지럽히는 경우가 허다함)",E
채널에 대한 완벽한이해를 갖춘 영업인력 및 소싱 능력 ,E
"품질력이 좋은 상품 특허권 보유
전문 지식이 있는 디자이너를 통한 제품 관련 컨텐츠 제공",C
"품질, 기술, 브랜드(업계1위 브랜드)
고객 맞춤 서비스 제공 ",D
국내 유일한 Fund-of-Funds기관으로서 전문성과 국내외 네트워크,D
"동종업계와 비교하여 우수한 품질과 경쟁력.
건설사의 니즈를 충족시킬수 있는 당사만의 노하우.
영업직원의 풍부한 지식과 성실함.",E
"연구팀, 관리팀의 인적자원
OEM 및 ODM 생산, 시스템 유지관리 등을 수행하는 협력업체",E
오랜 경험을 갖춘 법률 전문가 그룹,E
"장기근속자의 근무로 인한 거래처 관리 
친절한 서비스 자세",E
"세계 No.1 제철 기술설비 및 고급 철강 제조 기술
50년간 전세계 100여개국 이상 판매되는 수출상사 및 판매망
국내 시장점유율 1위의 경쟁력과 지속적인 R&D투자 및 설비투자
영업부서의 각 산업별 Sales Mix를 통한 산업군 지속 육성 (현재 자동차 & 강건재)",B
"건설사업 전체에 대한 경험적 노하우
건설사업 전반에 대한 최적의 협력사, 기술자와 인적, 물적 네트워크 구축",C
"정부사업에 대한 추진경력 및 이해도가 높은 인적자원
정부사업을 추진할 수 있는 전산시스템 등 인프라
정부, 대학, 연구기관, 연구자 등과의 네트워크",C
숙련된 기술자와 최신식 설비로 각 고객사에 맞는 제품생산.,E
"수십년 업력의 터널 특화 전문지식을 갖춘 영업팀
24시간 대기중인 안전을 최우선시 하는 A/S 정비팀
다년간 숙련된 점보드릴 오퍼레이터들과 매월 중장비 안전교육 수료중인 임직원들의 협력 
고객사와의 탄탄한 신용 및 임직원들의 친절 응대",D
"해당 industry 에서의 Brand Power
Multinational 회사로서 전세계적인 network 와 기술개발 능력
전문성을 갖춘 기술 영업팀 
경쟁우위의 물류서비스 
다양한 business portfolio 
Global network 을 활용하는 원, 부재료 구매 역량으로 cost 경쟁력 확보  
M&A 능력 ",B
"회계와 세무에 전문지식을 갖춘 인적 자원
고객의 needs에 맞는 risk taking 능력
업무를 효율화 할 수 있는 전산 시스템의 구축 및 활용",C
"전문지식을 갖고 있는 영업팀
센서 개발인력 및 R&D조직
56년의 전통기업",C
35년간 축적된 지식과 경험을 바탕으로 A/S에 대한 전문성과 신뢰성을 높인다. 한성자동차는 모든 서비스센터에서 표준화된 공정을 수립하고 서비스 품질을 지속적으로 향상시키기 위해 'KS인증'을 획득했다. 수입차 딜러사 최초로 A/S 교육기관인 'AS 아카데미'를 운영,D
"전문지식을 갖춘 인력
30년간 쌓아온 인맥",E
"전문지식을 갖춘 인력
30년간 쌓아온 인맥",E
"조직력
기술력",E
"영업력, 기술력",E
"디자인과 실시설계를 위한 설계인력
정보수집과 홍보를 위한 마케팅인력",D
"1.	대한민국 최대 규모의 차량용 핸즈프리 생산 라인 구축 및 생산
2.	완전무향실 보유를 통한 음향 제품 정밀 측정 및 연구 개발",C
"한국 최초의 기술 개발노하우와 35년 시공 기술을
갖춘 최고의 전문인적자원",E
"60년 건설 노하우
정예화된 2본부 20개팀의 우수한 인력 보유
기술사/기사 등 공사기술 우수 자격 보유
주거 및 비주거 분야 건축 설계/시공 기술력 보유
VOC 경영을 통한 고객 빅데이터 센터 운영
성능이 우수한 자재 및 인력을 값싸게 조달하고 적기 공급하는 능력 ",D
"시장의 변화에 민감하게 대응 하며 시장에 맞는 제품을 제안 해야 합니다.
제안에 이어 고객의 니즈에 의한 일정을 관리 해야 합니다.
일정은 프로젝트 마다의 성향이 있으므로 모든 프로젝트의 담당 PM에 역량이 중요합니다. 
PM교육이 꾸준이 필요 합니다.",D
"우수한 기술력과 디자인 능력을 갖춘 인적자원
인. 허가에 유연하게 대처할 수 있고, 다양한 인맥을 갖춘 경영진",D
"전문지식과 협상력을 보유하고 있는 중간관리자 및 경영진
프로젝트 수주를 위한 마케팅능력을 보유하고 있는 인원
새로운 건축설계 시장에 대응하기 위한 기업부설연구소의 R/D인력",C
"업계 신뢰도 1위(점유율1위)
 고객만족 책임경영 실천 및 2448제도(AS- 24시간이내 방문/48시간 이내 처리)
 우수한 인적자원(열정적인 직원)
 인맥관리
 자동화 및 전사적 자원관리 시스템으로 원가경쟁력 및 고객불만 최소화.",E
업무능력이 탁월한직원(기술인),E
"기술력
46년의 업력
플라스틱 욕조 제조 외 공업용, 반도체용 가스 제조 노하우",E
"건설사와의 오랜 유대관계를 통한 맨파워 
시장흐름을 파악하여 변화를 이끄는 상품 소싱 ",E
"전문지식과 협상력을 갖춘 시장점유율 1위를 만드는 영업팀, 시공관리팀, 생산팀, 경영관리팀의 인적 자원",E
항만분야 시공 특화 경쟁력 및 현장 원가 관리로 수익 확대,E
"물류 유통, 인테리어, 제품디자인, 시각디자인, 웹디자인, 재무, 인사관리, 마케팅 등 각 전문분야의 담당자들이 고객사의 비용부담을 덜어주는 활동
단순 판매를 주 수입원으로 하는 자영업 사업자들에게 프랜차이즈 시스템을 제공하여 고부가가치의 플랫폼 프랜차이즈 사업으로 성장 기회 공급",E
"10년 이상 경력을 가진 증권 입력 요원의 실무 처리 능력(보험사 근무 경력자 채용함)
보험사 업무 담당보다 더 전문적인 업무 지식 확보
보험사 업무 및 CLAIM 처리 경력자를 통한 최상의 서비스 능력 보유",E
가장 중요한 건 기술력을 가지고 있는 시공팀 직원입니다,E
"기술개발을 위한 연구인력
홍보를 위한 마케팅 인력
특허 및 상표",D
"실력 있고 경험 많은 공인회계사
해당 업무를 지원할 수 있는 직원
체계적이고 효율적으로 인적 관리할 수 있는 시스템",D
"현장 문제 파악, 원인 도출, 개선이 가능한 문제해결 능력이 있는 운영팀 인적 자원
고객사 담당자와 원만한, 장기적인 관계를 가져갈 수 있는 운영팀 인적 자원
(카운터 파트너인 인사총무 담당자가 다른 회사로 이직할 경우에도 지속적인 연락이 필요함)
공급업체와 협상하여 원가 경쟁력을 가져갈 수 있는 구매팀 인적 자원
3년 이상의 경력을 가진 핵심 맨파워 (업종 특성상 이직 잦음)",D
"전문 시공업체 보유(도장, 타일, 토목 등)",E
"시장지배력을 유지할 수 있는 신제품 개발능력
원가 경쟁력 있는 제품 생산역량(공급망에 기초한 최적의 효율적 생산능력 조절 능력)
수요예측 및 최적의 재고수준을 유지할 수 있는 공급망 관리 능력
시장 점유율을 유지 및 확장할 수 있는 영업단의 정기적인 역량강화 교육 프로그램",D
"학교급식 보편화 초창기부터의 업력을 통한 노하우
국내 유수의 식품 제조사와의 총판계약을 통한 지역 독점권확보
안정된 식품공급을 위한 재고 확보 및 업계 최고의 시설보유
단체급식의 트랜드를 반영한 신상품 개발
신속한 사후처리",D
"회사 구성원
보유한 기술",E
"제품 브랜드인지도(박카스, 판피린 등)
개발, 연구, 마케팅, 영업력 등 인적 자원
박카스 등 액제 생산 연구노하우 및 생산 기술력",D
"기존 계약 고객 데이터베이스
영업 활동을 할 수 있도록 뒷받침되어 주는 삼성생명 전문가 집단",D
"우수한 품질을 바탕으로 불량률 제거. 이는 고객에게 믿을수 있는 제품이라는 이미지 각인
작은 기업의 이점을 살려 신속한 대응 및 빠른 의사결정으로 시간낭비의 최소화
태양광 관련 DC스위치 분야의 우수한 해외 브랜드 보유",D
"변화하는 상황에 빠른 의사 결정하는 경영진
오랜 경험을 바탕으로 업무를 수행하는 직원들",E
"건강과 환경을 생각하는 친환경 생산능력
신규사업을 통한 지속적인 성장 노하우
다양한 루트를 통해 전략적인 영업을 이끄는 영업팀",E
"기능적 전문성과 문제해결 능력을 겸비한 인적 자원 (영업, 사업관리, 구매, 외주관리, 재무관리 등)
공종별 실적 및 자격 요건",E
"고객이 신뢰할 수 있는 지적 능력과 비즈니스 노하우를 겸비한 전문가
프로젝트 수행 경험 및 결과물들이 축적된 데이터베이스
각 산업별, 기능별 글로벌 전문가와의 인적 네트워크",D
"누적되어 있는 고객(여.수신)
사내 모든 부서원 / 해당 부서별 정확한 업무 분담화
대출 영업사원 (매출에 중요)
경험이 많은 임원진",E
"아이디어 축적을 위하여 꾸준하게 선진 업체의 디자인이나 새로운 물품 등을 분석하는 노력
적극적인 시장조사를 통하여 새로운 소재나 생산방식에 대한 지식 확대",E
"10년 이상 경력을 가진 증권 입력 요원의 실무 처리 능력(보험사 근무 경력자 채용함)
보험사 업무 담당보다 더 전문적인 업무 지식 확보
보험사 업무 및 CLAIM 처리 경력자를 통한 최상의 서비스 능력 보유",E
"설비를 가장 저렴하게 제작하기 위한 저렴한 자재 공급 업체
최고의 설비를 만들기 위한 전문 기술을 가진 설계 인력
설비 제작시 트러블을 최소화 하고 공기 단축을 할 수 있는 전문 엔지니어",E
"5년이상 경력의 인적작원(맨파워)
높은 퀄리티로 차별화 기술 ",E
"주문 접수 및 응대를 주로 하는 데이터 관리팀 / 상품 기획 및 포장, 출고업무를 담당하는 팀 / 영업을 최우선으로 하는 마케팅팀 의 인적자원
자사와 탄탄한 관계를 유지하고 있는 다량의 매입업체들
‘울금굴비’ ‘굴비주는 꽃배달’ 등 타 업체가 접근하기 어려운 문무대만의 혁신상품
타업체와 비교될 새로운 공정방법
시장흐름을 파악하여 신제품 출시",D
"시공 및 소모 부품에 대한 탁월한 자체 기술 확보 
신규 시장에 대한 적극적인 대응으로 신규 수요 개발
각 영역별 전문지식을 겸비한 인력 확보
생산 효율을 겸비한 생산 설비 구축
수요처별 수주 제고 방안 구축",D
"독보적인 특허기술에 대한 다양한 입증자료 (실험보고서, 국내외 학술논문, 전문기관 인증서 등)
전문적 지식과 숙련도를 지닌 설계팀
입증된 생산능력 및 품질의 공장
국내 최대 실적의 현장 시공팀 및 관리팀",C
"충성스러운 독자
충성스러운 광고주",E
"원장님을 중심으로 한 전문적인 지점 사업체 운영
영업을 뒷받침 하는 자체 전문 회계와 시설의 관리 ",E
시내버스 운전사(10년이상 장기근속자가 많음)입니다,E
"10년 이상 경력 가진 핵심 맨파워
공공프로젝트 수행의 오랜 경험과 노하우 ",E
"육아를 통한 불편사항들을 리서치한 결과물
엄마들, 부모들이 원하는 브랜드 및 트렌드가 반영 된 캐릭터 라이센스 계약
유업 회사들간에 전략적 제휴",D
"기존 제품과 차별화된 우수한 보호장비
국외에서 출시되어 적용사례가 많은 우수제품 국내소개
가격적 경쟁력
기술적인 제안
비용측면과 안정성 측면 모두 만족되는 제품군
오랜 경력의 임직원을 통한 정확한 제품 적용 안내
국내 모든 B2B 구매대행 MRO 업체를 거래하는 납품실적",C
"공공기관, 지자체 수행 포트폴리오, 컨텐츠 제작 노하우 
핵심인력 전문 인력 보유, 자체 어플 , 플랫폼을 통한 효율성 높은 광고 성과 
디자인, 컨텐츠 제작 전문인력 보유 ",C
"진입장벽이 높은 면세점 시스템에 능통한 실무자 
외국어 실력이 능통한 판매사원",D
"150만 틸리언 패널
국내 최고의 온라인 패널 운용 능력을 가진 인적 자원
온라인 패널 구축 및 운영의 노하우를 가진 전문 인력
언제 어디서든 가동 가능한 현장 교육 인력
4차산업 시대를 맞아 빅데이터 구축을 위한 기획 인력",D
"50만 라임 패널
설문조사 프로그램에 최적화된 프로그래머 인적 자원
온라인 패널 구축 및 운영의 노하우를 가진 전문 인력",E
"15만 GS 패널
고객사의 니즈에 따른 조사설계가 가능한 전문 인적 자원
엔드클라인트 대상 영업이 가능한 영업 인적 자원",D
30년 이상의 오랜 시간 동안 동종업계에서 활동을 하여 현 유통구조에 대하여 많은 경험과 노하우를 가지고 합리적인 판단과 가격 결정력으로 고객들과 신뢰를 다져 감으로서 고객들이 재구매를 유도하는 기업으로 인정받고 있습니다.,E
남다른 창의력이 있는 작품. 민첩한 소통과 행정  ,E
"인쇄 관련한 기장들의 노하우와 인적자원
시장흐름을 아는 경영진
기술력",D
"15개 글로벌 소싱 협업 핵심 공장
고객, 트렌드 조사 및 반영 프로세스와 훈련된 핵심 직원
최고의 품질을 만들어 내는 기술개발실 직원 
초기 진입하여 확보한 제화 온라인 경쟁력",D
"수많은 시공 실적 바탕으로 쌓아온 관련 업무 경험과 노하우
우수한 인적 자원과 업체 1위의 생산성
시장흐름 및 성패여부를 판단하여 투자가치를 심사하는 경영진
아이파크 브랜드 인지도",D
"당사만이 가지고 있는 기술연구소의 풍부한 ALC 기술노하우
대리점과 외주로 구분된 튼튼한 영업 조직
경쟁사에서는 따라올 수 없는 우수한 인력자원",D
"탤런트드레스 한복은 의상과 헤어를 한 곳에서 준비해 드릴 수 있으며, 많은 행사 경험으로 보다 나은 행사를 치를 수 있도록 모든 준비가 되어있습니다.",E
"전문 기술과 다양한 디자인을 갖춘 제품
시장점유율 1위를 만드는 영업팀
핵심 업무는 당사에서 보유, 일부 비핵심 업무는 아웃소싱
규모 있는 공장 및 설비",E
"전문지식과 협상력을 갖춘 시장점유율 1위를 만드는 영업팀, 시공관리팀, 생산팀, 경영관리팀의 인적 자원
1군 종합건설사들의 협력업체(삼성, 대림, 한진, 롯데, 대우, 한라, 효성 등)
각 부분별 기술자 및 작업자",D
"경영진의 인적 Network
창의적인 개발사업 방향의 사전 확정(미래 시장 분석)
법률 또는 정책의 변화에 즉각적인 대응하고 조치하는 순발력과 적응성
냉정한 사업성 검토와 과욕을 정제하기 위한 Cash-Flow 분석",D
"대만 소싱 1위 기업, 신소재 소싱 능력, 다양한 소재 보유
디자인부터 원단 생산까지 전반적인 생산 프로세서 진행 능력
다양한 인맥
기능성 원단보유, 수배 능력(제품 차별화), 디자인부터 생산 가능한 노하우",E
"시장흐름을 민감하게 파악하고 대처하는 경영진
전문 지식으로 무장된 업계 최고 수준의 영업팀
부여된 업무를 원활히 소화하는 생산팀
업계 최고 수준의 넓은 공간
업계 최고수준의 제품 보유량(다품종)",D
"18년 이상 경력을 가진 핵심 맨파워
10년 이상의 대기업과 국내 핵심 연구소와의 핵심 개발 파트너 역할
핵심 기술 특허 및 특허 크라우드(지식 재산권 관련)
정품 소프트웨어 보유 100%",C
"10년이상된 영업인력 
시장점유율 상위권의 공장 시설과 기술력
LH, SH등의 인맥관리가 잘 된 경영진
핵심업무는 당사에서 보유하고 기타 인력적 업무는 아웃소싱을 통해 운영하는 소싱 능력",D
"고객과의 우호관계를 위해 장기 근무직원 관리
고객 최우선 회사내의 모토 갖기
프로젝트 및 개보수시장 사전 정보 입수 노하우
국내 독점 제품 판매사와 비즈니스 협업",D
"20년이상 풍부한 경험을 가진 맨파워 보유
국내 및 해외 소싱 능력
온라인 운영능력 보유
특허 및 실용신안 보유",C
"건축기획, 자금, 설계, 사업관리 등 전반적인 프로젝트 수행능력 및 조직 구성능력",D
영업인력.품질.기술인력,D
"정확한 검사를 통해 수술 후 오차범위를 최소화시키는 것을 목적을 두는 검안사
고객의 접수 및 안내 등 서비스를 담당하는 고객관리팀
안전하고 위생적으로 수술실을 담당하는 수술팀
안과업계에서 상위권의 수술 노모그램을 보유한 의료진",D
시공기술 및 노하우,E
원재료 품질,E
기술력,E
"전문인력, 특허권",C
"직원이 먼저, 우선이라는 가치관
고객의 니즈를 파악하여 품질개발
우수한 생산능력의 공장 및 설비
사회에 공헌한다는 생각 및 목표",D
"시장흐름 파악
품질개선",E
일관된 제품 품질 확보능력,E
우수한 생산능력의 공장 및 설비,E
전문지식과 유경험의 전문인력으로 고객의 니즈 분석이 빠름,E
"전문인력, 특허",C
인적자원,E
고품질 원재료 공급원,E
영업인력,E
전문기술인력,E
"전문지식과 협상력을 갖춘 영업팀, 시공관리팀, 생산팀, 경영관리팀의 인적 자원 ",D
영업직원,E
특허,D
"토지정보 확보를 위한 네트웍
부동산 개발업에 대한 경험
금융 시공사 등 부동산개발업을 위한 네트웍",D
"대리점의 마진율 극대화 전략.
차별화된 제품 공급, 지속적인 기술지원 활동",D
"전문지식을 갖춘 변리사 및 미국변호사, 변리사.
학계, 업체 등 전문가 구성.",D
"공장 자동화 시스템(불량률0)의 기술력
신속하고 정확한 도면(3D시뮬레이션작업)작업으로 정확한 공사를 수행한다
수준 높은 공사로 고객의 신뢰를 얻는다",E
"안전 된 생산공장 관리로 품질 및 납기에 대한 실례
변화에 맞는 디자인, 색상, 원단소재 개발인력
꾸준한 영업관리",D
"꾸준한 영업 관리
고객의 니즈에 맞는 서류 작업 및 디자인 작업 가능
고객사의 현실에 맞는 납품 방법에 대한 다양한 모색",E
30년 이상의 해당업종의 기술능력 및 기술에 대한 노하우를 가진 핵심 맨파워,E
"안정적인 처방의 화장품 개발력 (주요 사례 보유)
안정적인 품질의 제조 및 충포장 능력 (ISO22716 / CGMP 인증)
신속대응력",E
"핵심업무는 당사에서 보유하고 일부 비핵심 업무는 아웃소싱을 통해 운영하는 소싱 능력
재산권 및 특허",C
"기업규모 대비 15년 이상의 장기 경력을 가진 핵심 생산 인력의 상대적인 다수 확보
전문화된 설계, 영업 및 경영관리자의 확보로 인한 적절한 대응능력
일시적인 대량발주에 대한 대응능력의 확보 ",D
"정확한 원료 시황 파악 및 업체에서 원하는 물성을 찾을 수 있도록 추천 할 수 있는 다양한 원료 지식 
신규 제조업체 및 시장 발굴",D
"인적자원 
시장흐름을 파악하여 변화를 이끄는 경영진과 전문성 있는 직원
우수한 협력사
고객사",E
"당사 제품의 전문지식과 영업력을 갗춘 영업팀
타일,위생도기,토탈바스등 다양한 구색을 갗춘 제품군 
전국의 창고보유로 유통라인 구축 
가성비가 뛰어난 재품과 합리적 단가 ",D
"전문지식을 갖추고 경험이 많은 의료진
쾌적한 병원
최신 치료 의료 시설",E
"연구, 개발 인원
향후 미디어, 엔터테인먼트 시장 흐름과 기술 파악을 위한 기술 마케팅
중요 고객사 네트워크를 위한 영업 / 고객 마케팅 인원
홍보 및 광고를 위한 마컴(MARCOM) 인원
Auro3D 브랜드화를 위한 브랜드 마케팅 인원",D
"언제 어디서 누구를 만나더라도 친근하게 다가갈 수 있는 친화력
 꾸준한 회원관리를 통한 3년 이상의 동문인맥을 관리할 수 있는 능력
 엑셀, 엑시트, 워드, 한글, 영상편집, PDF디자인 등 컴퓨터를 활용한 대부분의 능력
 정보보안을 위한 사내 컴퓨터만을 이용한 동문회관 업무의 보안",E
"10년 이상 경력의 전문적인 인적자원
클라우드 기반의 소프트웨어",E
"생산물량
당일 AS가능한 인적자원
완벽한 시공능력
해외시장 진출",D
"장기근속(10년이상)자가, 전체 기능인력의 70% 이상으로, 숙련되고 안정적인 기능 인적 자원.
축적된 기술력과 오랜 경험, 높은 수준의 제품 이해력을 겸비한 기술 인적 자원,
안정적인 납기 대응을 위한, 대용량 생산설비 및 다량의 여유설비(SPARE) 자원.
파트너사와의 오랜 협업과 신뢰를 바탕으로, 신속하고 안정적인 자재 및 서비스를 공급받을 수 있는 협업 시스템 확보",E
"360도 카메라
촬영가능한 드론",E
"LABBER M/C
PALLETIZZER M/C
WRAPPING M/C
지게차",E
"항공기의 최대 중요점인 안전운항.
짧은 비행거리(동남아 중 타 국가의 절반 수준인 3시간 30분 비행-수도 마닐라 기준)
저렴한 비용(한국대비 저렴한 물가 및 비용)
원활한 의사소통(필리핀 전 국민 중 90% 이상 영어사용)
천혜의 자연환경",E
"우수한 원재료, 우수한 생산능력, 우수한 제품력, 우수한 납기능력을 갖춘 업계 최상위의 경쟁
신제품 개발을 통한 시장의 선도적 위치 선점
경영진의 오랜 경험을 통한 경영과 변화에 적응하는 능력을 갖춘 경영진
규모의 경제를 실현할 수 있는 설비능력",D
"부서별 5년 이상 경력 가진 핵심 맨파워 
전문지식과 협상력을 갖춘 영업팀, 생산팀, 경영관리팀의 인적 자원
시장흐름을 파악하여 변화를 이끄는 경영진
핵심업무는 당사에서 보유하고 일부 비핵심 업무는 아웃소싱을 통해 운영하는 소싱 능력",D
"포털사이트 실시간 뉴스전송 위한 인적자원, 네트웍, 플팻폼 등 
정부, 지방정부, 각 협회, 기업 등 홍보/마케팅 인적자원
네이버, 다음 등과 SNS 협업, 이를 위한 포털사이트 대행사와 교류
네이버 공식 블로그인 유기농신문 블로그를 통한 검색서비스 강화, 칼럼연재를 통한 이슈화, 파트너사 관련시장 선점화",C
"농림부, 복지부, 각 기업, 협회, 지자체 유기농/친환경 인적자원
식품, 제약, 건강식품 관련 대기업, 중견기업과의 공동마케팅",D
"반도체(메모리)검사장비의 핵심 부품(사출물-INSERT) 제조의 노하우 및 역량
다품종 소량생산의 고객요구를 충족할 수 있는 제조시스템 구출 및 기술개발
메모리 검사장비 세계시장에서의 압도적 점유율(전세계 메모리 검사장비 약 70%) ",D
"타사대비 경쟁력 있는 시공기술력, 시공인력, 공사노하우, 수주역량 등",E
"시장흐름을 파악하여 변화를 이끄는 방식 
핵심업무는 당사에서 보유하고 
일부 비 핵심 업무는 아웃소싱을 통해 운영하는 소싱 능력
30년 이상 경력 가진 핵심경험과 경력
해외시장 교두보 확보",D
"시장흐름을 파악하는 영업팀
지역에 위치한 경쟁업체 대비 더 나은 물류창고
자체 블로그, 유투브 마케팅팀",D
"5년이상을 함께한 팀워크
10년이상 변함없는 외주 협업팀
다양한 프로젝트 진행 경력",D
경험많은 인전자원과 타사와 차별화된 기술력,E
"당사는 20여년의 시장개척 경험과 노력이 가장 큰 핵심자원이다 하지만 요즘은 중국, 인디아 등에서 저가로 들어와 경쟁하기에 많은 어려움이 있음",E
"10년 이상 경력을 가진 인적 자원
동종업계에서 가장 많은 고객 확보
제품에 대한 전문지식과 단일 브랜드로 시장점유율 1위
경쟁력을 갖춘 온라인 노하우
메이저 업체(TG삼보, 대우루컴즈, 주현테크등)에 대한 기술지원 능력",D
핵심업무는 당사에서 보유하고 일부 비핵심 업무는 아웃소싱을 통해 운영하는 소싱 능력,E
풍부한 경험을 갖춘 인재입니다.,E
풍부한 경험을 갖춘 인재입니다.,E
"업무 분야별로 잘 교육된 연구원
각종 분석자료 및 보고서
재단의 의사결정 및 수행에 대한 조직문화",E
"전문지식과 협상력을 갖춘 시장점유율 1위를 만드는 영업팀, 시공관리팀, 경영관리팀의 인적 자원
시장흐름을 파악하여 변화를 이끄는 경영진
건설가설자재 업계 규모 1위의 물동량을 원활하게 유지, 보수, 입.출고 관리하는 노하우",D
"전문지식과 협상력을 갖춘 영업팀, 시공관리팀, 경영관리팀의 인적 자원
시장흐름을 파악하여 변화를 이끄는 경영진
임대 가설기자재 야적장의 입.출고 시스템 구축 및 보수, 유지, 관리하는 노하우",D
"시장의 트랜드와 개발 호재를 바탕으로 미래 예측하여 선점
부동산 개발의 전문적 지식과 노하우 겸비한 전문 인력들이 협력회사와 신뢰와 두터운 네트워크 형성
시속하고 정확한 분석으로 이해 당사자들과의 조속한 계약 ",D
"높은 기술력 및 연구소 보유
자체 생산시설 및 품질체계 보유
특허 보유
해외 타겟을 위한 인증 진행",C
동종업계 10년이상의 경험자 인적자원,E
"신용
품질과 가격",E
최상의 기술력을 갖춘 엔지니어와 분야별 역량을 지닌 인적 자원,E
"창립30년 의 업력 
중국 생산 기반 의 노하우",E
"경력 15년 이상의 장기근속직원들의 노하우 
다양한 플라스틱 재질에 대한 경험과 구조설계 노하우",E
"업계 최대 생산능력의 공장 및 설비
10년이상 경력을 가진 인적자원
품질 및 가격",E
"감속기 개발을 위한 인원
생산에서의 가공, 조립 노하우를 갖춘 우수 인력
해외사장 개척을 위한 글로벌 인재
국제인증을 취득한 표준화된 제품",E
"히터부분 전문지식과 국내 시장점유율
고객요구사항 발생시 즉시 대응할수 있는 인적자원.",E
"해외 6개국 29개 社 와의 Partnership
약 35년 간을 유지해 온 국내 유통 망
각 분야별 전문화된 영업조직.
국내 최대 규모의 물류창고 운영",D
"고객에게 신뢰할 수 있는 품질
생산 제품에 대한 신뢰감
신뢰감을 주는 납기
고객 요청 충족",E
"부품 유통 및 제조 활동으로 다져진 오랜 경험과 업무 역량
중국 지원 팀의 최고의 능력 및 적극적인 업무 활동
3rd party들과의 신속하고 효율적인 업무 협조",E
"다양한 제품 개발에 대한 경험과 기술력.
다양한 부문의 전문가와의 소통.",E
"A사, B사
-오랜 기간 숙련된 노하우와 전문지식을 각춘 핵심 인력
 각 프로세스별 20년이상 경력을 갖춘 핵심 인력 
 경쟁력 있는 외부협력업체와 30년 이상의 신뢰와 거래로 안정적인 소싱 능력",E
"최고경영층의 아파트 부지 확보능력 
적정한 분양가격 책정 능력
충분한 자금 여력 
자회사로 저축은행 보유 
40년이상 근무한 전문가 인적자원 
40년 이상된 시공 능력
수지분석 능력",D
"고급인력
신기술 프로그램사용
많은 경험에 의한 데이터자료",D
"건설사업관리/감리 업무 수행 동안 축적한 회사의 노하우/경험/기술력
전문지식과 사업관리역량을 갖춘 건설사업관리기술인
발주기관의 니즈에 부응하는 기술제안 및 사업관리수행계획 제안 역량
현장지원을 위한 본사 분야별 전문인력 ",D
"건축물(공동주택) 전기, 정보통신, 소방분야의 설계 역량을 가진 인적자원
발주처가 요구하는 감리용역을 수행할 수 있는 자격보유자 
연구 및 기술용역을 위한 전문성",D
"10년 이상 경력 가진 핵심 맨파워
거대한 블루오션 시장
해외시장 교두보 확보
다양한 설치 및 운영 경력
재산권 및 특허",B
"시장흐름을 파악하고 학습하여 영업
모임과 단체활동을 통한 인맥관리 ",E
"컨설턴트3명, 외부 컨설팅 위원 5명(SNS, 리서치, 자금, 법무, 디자인)
MBA동문기업",E
"기업특판의 20년 이상의 경력의 대표자의 이력
유명브랜드 상품들의 기업특판(단체납품) 판매권 확보
월 평균 거래되는 매출거래처 600여 기업, 명절 매출거래처 1,300여 기업
자체 물류센터 운영 및 전문화된 CS 인력 보유
다수의 해외 상표 사용권리 획득
기업단체납품에 전문화된 세일즈팀
상품개발 및 디자인 등 자체 인력으로 신속히 업무 진행",D
"장기간에 걸쳐 협력관계를 구축한 국내/해외 딜러 네트워크
경쟁력 있는 제품을 개발/생산할 수 있는 개발/품질 인력
30여년에 걸쳐 우수한 건설장비 제품을 생산할 수 있는 생산 역량 ",D
"공장 기계의 신설로 불량율 및 오차가 없는 제품 품질을 향상하는 기술력과 설비능력
다품목을 생산할 수 있는 능력
타사 대비 높는 자체 개발 능력",E
"다양한 재고보유로 경쟁력 강화
새로운 아이템 개발
단골고객과 친밀한 유대관계 유지",E
소프트웨어 알고리즘과 기술특허,C
"끈조절 형 특허 및 폴리에스테르 섬유 등 고급/프리미엄급 제품(KF80/94/ 비말 등) 보유
특허,상표권 등 지적재산권
경영진의 탄탄한 인맥
최신 제조설비 및 포장자동화 
황사. 미세먼지 뿐 아니라 사스/코로나 등 바이러스 등으로 마스크 생활화, 시장확대
K-방역에 대한 인식 향상, 해외시장 개척 용이.",B
"최소 경력 20년 이상의 엔지니어
공장부지 및 기계 설비 보유",E
"산업용 보일러의 전문지식과 경험 그와 관련한 자격과 영업력을 보유하고 있으며, 
  보일러+버너+LPG+AS+영업+컨설팅 등의 역량을 모두 갖추고 있는 전문성
산업용 보일러와 LPG를 동시에 컨설팅 할 수 있는 노하우
시장점유율 국내 1위 LPG공급업체와의 사업 파트너로 LPG 가격 경쟁력 확보",D
조달청 인증 우수제품 ,E
"휴대폰 디스플레이 산업군에서 SMT(표면 실장 기술)업계 매출 1위를 유지하고 있는 영업팀, 베트남법인, 품질팀, 기술개발팀의 인적 자원 
5G 안테나 모듈을 성공적으로 개발 완료한 연구소의 인적 자원
업체 최대 CAPA를 보유 및 가격 경쟁력의 원동력인 베트남 법인(설비, 인력, 기술력등)",D
"투자 규모와 시간이 요구되는 업의 특성으로 제조 역량 즉 제조규모는 필수
다양한 제품군에 대한 기술과 수율 보유 필수
안정된 품질과 원가 경쟁력 확보가 된 세계 최대 해외 공장 보유
고객의 다양한 부서의 Needs에 적기 대응 가능한 기술 마케팅 전문 인력 및 개발인력 구성
회사 경영진과 직원들 간에 열려 있는 소통 문화와 전문성을 중시하는 결정 단계의 간소화와 협의에 준하 빠른 의사 결정구조가 가능한 최고 경영진의 운영 철학",C
"전문지식과 협상력을 갖춘 영업팀, 생산기술을 보유한 제조팀 인적자원
전문지식을 보유한 연구소 및 설계 엔지니어
고객의 최전선에서 CS활동을 하고 있은 제조 CS팀 엔지니어 (장비의 경우 CS인력의 능력이 굉장히 중요함. – 회사의 평판이 됨)",D
"대리점 영업 컨설팅 지원 인력
해외 각국의 농장(중국하이난, 멕시코탐피코, 러시아블라디보스토크)
수직계열화
연속 17년 세계일류상품선정
CCM명예의 전당 입성
동종업계 최초 온라인 소통채널 구축",D
대형화를 통한 경쟁력 있는 가격과 구색,E
"전문 설계팀, 시공감리팀, 유지보수 팀
시공팀은 아웃소싱을 통한 고정비용 감소",E
"질염예방 및 치료용 조성물로 국내 특허 5개, 세계 11개국 특허 등록(2014, 2019 대한민국 우수특허 대상 선정)
브랜드 파워와 우수한 기술력을 인정받은 기업(5년 연속 대한민국 뷰티산업 대상 수상)
전문지식과 영업력을 갖춘 소수의 핵심 조직으로 구성된 인력 
우수한 연구 인력 확보 및 첨단 연구시설 확충
외부 기관과의 협력으로 기술 경쟁력 향상
차별화된 공장 설비 시설에 맞춰 분산 가동을 통해 빠른 생산 ",A
"업무에 대한 정확한 내용 파악 후 신속한 의사결정
브랜드파워를 활용한 적극적인 영업진행
시장변화에 따른 빠른 대응",E
"전문지식과 협상력을 갖춘 영업사원
고객과의 신뢰감 형성을 최우선으로 하는 경영진",E
"품질력이 좋은 상품 특허권 보유
전문 지식이 있는 디자이너를 통한 제품 관련 컨텐츠 제공",C
"전문적인 디자인 개발을 위한 능력
Q.C활동에 대한 보다 적극적인 노력
다양한 제품군의 특허개발
해외 생상기지로서의 개발, 소싱 능력",C
"품질, 가격 등에 경쟁력이 있는 제품
현재에 안주하지 않고 끊임없이 노력하는 경영진
전문지식으로 고객의 니즈를 파악하여 제안하는 영업팀
업계 최고 수준의 기술력을 자랑하는 기술지원팀
현업 경력을 바탕으로 고객에게 꼭 필요한 기술을 개발하는 기술연구소",B
"대졸이상의 직장경력 2년이상의 대기업 출신자
전문대, 고졸이상의 직장경력5년이상인자
경력단절여성, 군간부 전역자",E
"업무 능력 있는 뛰어난 직원
인맥이 넓은 임원",E
"친환경 인증관련 분야별 전문지식을 갖춘 인적자원
건설사, 설계사와 다양한 인적네트워크를 구축한 경영진
다수의 특허를 취득한 LCC 및 VE 관련 소프트웨어 프로그램
관련업무에 필요한 다수의 자격증 확보",E
"IT업무 10년이상의 경력을 갖춘 고객을 이끌 수 있는 영업력을 가진 영업맨
컨설팅, 개발 조직
PM을 비롯한 IT 개발 수행 조직",D
"건설사와의 오랜 유대관계를 통한 맨파워 
시장흐름을 파악하여 변화를 이끄는 상품 소싱 ",E
"인적 자원 : IT 전문지식을 가진 연구 개발자, 품질유지보수를 위한 QA 테스터, 영업사원 등
기타 자원 : 하드웨어품질, 고사양의 클라우드환경, 소프트웨어 품질 등",E
"업계에서 가장 규모가 있는 생산 능력의 공장, 설비 및 생산인력
시장점유율 1위를 만드는 영업팀
대내외 영향력 있는 회사의 오너",E
"첫번째는 고객입니다.
두번째는 제품입니다.
세번째는 고객과의 신뢰입니다.
네번째는 고객관리입니다.",E
"주요 고객과의 오랜 기간 동안의 신뢰를 바탕으로 강한 비즈니스 관계 유지
27년 간의 제조 경험을 바탕으로 높은 경영 관리 능력
1)	ERP를 사용함으로써 제조원가를 상시 통제.
2)	비용을 낮출 수 있는 분야는 철저히 외주를 하여 cost down.
3)	내부통제 시스템을 통한 내부 관리 상시 Monitoring.",E
"국내 전문건설업체 매출규모를 고려할 경우 여직원과 오너CEO를 제외한 실무진이 회사 업무와 연결된 건축, 토목을 전공(4년재) 
해외의 최첨단 신기술인 SOLOMON COLORS사와 기술 제휴를 통해 초 평탄 바닥시공의 전반적 기술 및 자재를 도입.
국내 바닥 시공 중 난이도 가장 높은 SUPER FLAT과 이마트 매장 노출바닥공사를 수행하였으며 국내에서 가장 우수한 기능공과 최고의 장비를 다량으로 보유.",E
"실무경험을 갖추고 있는 인적자원.
다점포 운영을 위한 회계 및 재고관리 시스템
물류, 제조. 판매까지 유통에서 빠지면 안되는 요소를 갖추어 실행 중
다점포 운영을 통한 원가우위의 경쟁력",D
"실무경험을 갖추고 있는 인적자원.
다점포 운영을 위한 회계 및 재고관리 시스템
물류, 제조. 판매까지 유통에서 빠지면 안되는 요소를 갖추어 실행 중
다점포 운영을 통한 원가우위의 경쟁력",D
"국내시장 점유율 1위 업체에 대한 신뢰감
주요 고객사 New work
고객사 맞춤 다양한 제품 군",E
"건설업에 대한 지식, 영업력, 시공전문성, 경영관리 능력을 갖춘 건설업계 영업이익률 1위를 만드는 영업팀, 건축, 토목 시공관리팀, 경영관리팀의 인적 자원
시장흐름에 맞게 기존의 잘하는 영역과 새로운 신사업을 받아 변화를 이끄는 경영진
시간과 비용을 아끼기 위해 핵심업무와 지속적인 관계를 가져온 외주업체, 협력업체 관리 능력",D
"다기능 인력 (설계/원가) 
부품사업부 자동화 설비 본사제작설치=>원가경쟁력향상",E
"회사의 이미지
정착된 브랜드 
조직의 안정성 및 조직원의 수용성
우수한 인력",E
"영업력
국내외 아웃소싱 제조공장",E
"15~ 20년 이상의 기술력 및 개발 노하우 인력 보유
특화되고 원활한 기술 지원 능력
시대의 변화에 맞는 아이템 개발 능력
단합된 팀워크
10년 이상이 된 다수의 고객 ",E
"전문적 역량을 갖춘 인적자원
ESG 분야 글로벌 리딩 기술과 기술력
재산권 및 특허
매니아 고객층
기술/제품/사업의 진정성과 CSV가치 ",C
"생산부, 관리부, 경영관리팀의 삼위일체로 품질생산 기술
매우 높은 기술력을 통해 경제시장에 맞게 자체개발을 통한 능력",D
"분야별 운용전문가 그룹: 국내주식, 해외주식, 국내채권, 해외채권, 국내외 대체투자(부동산, 특별 자산 등) Passive 펀드, 자산배분펀드 전문가 
In house Analyst: 국내외 각 업종별 산업별 Analyst, Strategist 등
Trader, Operation 등의 전문가: 각 운용전문가 그룹별 Trader, 펀드 등의 Nav산출을 위한 펀드회계 회계전문가. 
마케팅그룹: 회사의 투자철학과 원칙 및 펀드상품을 고객에게 알리고 제안하는 마케팅그룹
각 시스템: 회사의 운용, 조사분석, Operation 회계 등을 위한 (지원)시스템. ",C
창의적인 사고와 경험 및 폭넓은 파트너쉽과 스마트 융합디자인 능력을 중시한다,E
"전문지식과 경험을 갖춘 임원들
10년 상의 경력을 가진 직원들
업계에서 가장 많은 기술자료 보유
업계에서 가장 좋은 장비들 보유
업계 최고라는 고객 인지도",D
"동종 업계에서 특화된 무중력 교반기를 이용한 정밀한 생산 및 대량 생산 가능한 설비 
동종 업계경력 20년 이상 된 최고 경영자, 생산 관리자, 연구 개발자 등의 핵심 인적자원 
업계 상위의 특허획득",C
"전문지식을 보유한 컨설팅 및 개발 인력
(개발전문지식 및 업무에 대한 전문지식을 보유한 핵심인력 보유)
다양한 인맥을 보유한 경영진 및 영업팀
물류, 금융, 공공기관, ERP 등 각각의 전문지식 보유로 다양한 개발영역 확보",D
"중견, 중소 기업이 규모는 작지만 다양한 업무가 유기적으로 가능 하어야 하므로 업무관련 지식과 개발경험이 있는 기술자
기 납품된 패키지 시스템의 지속적인 업그레이드에 의한 향상된 시스템 구축",D
"기술과 시장 트랜드 파악, 인적네트워크, 기술 제품과 사용자 간의 연결",E
"전문지식과 영업력을 갖춘 금융전문인력보유
자금 중개기관으로서의 운영경험(여수신, 결제망 운영, 자금세탁방지, 고객확인의무 등)
50년이상 축적된 금융거래 데이터
전국 각지에서 운영중인 오프라인 은행지점망",D
"오랜 공사 경력을 가진 기술 인원들
영업, 개발, 상품설계, 공사팀 등 각 건축 분야별 오랜 경력을 가진 인원들
수십만 세대를 분양한 업계 능력",E
5년 이상 경력 가진 핵심 맨파워,E
"1.	생산능력 : 서울우유 신공장(양주), 서울우유 1공장(양주), 서울우유 2공장(안산), 서울우유 3공장(거창)
2.	제품개발 : 서울우유 연구소(안산)
3.	최고의 원유 생산 및 유지를 위한 목장 관리 시스템 : 낙농지원센터 / 총 8개 센터로 센터당 책임수의사 및 기타 수의사들로 구성되어 목장 컨설팅을 통한 원유 검사 및 생산 지원
4.	물류 및 영업력 : 전국 단위의 고객센터(대리점) : 전국 1202개",E
"우수한 설계사와 협업
건설의 시장흐름을 파악하고 시장을 선도하는 경영진
건설회사, 설비회사 등 관계사를 활용한 건설에 대한 전문성",D
"마케팅 기획팀, 영업팀, 경영진",E
"33년간의 구축 레퍼런스와 노하우
컨설팅 능력 및 전문인력 과 특급/고급/중급/초급에 이르는 다양한 개발진 
유지보수를 통한 다양한 고객층 확보
산 학 연 등 및 정부연구과제를 통한 기술 노하우 및 자체기술연구소를 통한 10여종의 기술특허 및 라이선스 보유 ",C
"경력과 전문지식으로 무장한 시공관리팀, 경영관리팀의 인적 자원
시장흐름을 파악하여 변화를 이끄는 경영진",E
"전문지식과 협상력을 갖춘 시장점유율 1위를 만드는 영업팀, 개발팀, 생산팀, 경영팀의 인적 자원
시장흐름을 파악하여 변화를 이끄는 경영진
핵심업무는 당사에서 보유하고 일부 비 핵심 업무는 아웃소싱을 통해 운영하는 소싱 능력
업계에서 가장 규모가 있는 생산 능력의 공장 및 설비
시장점유율 1위의 경쟁력과 50년 업력의 특화된 욕실 제품 생산 능력
50년을 함께한 당사 유통 대리점 공급망",D
"영업팀, 개발팀, 생산팀, 경영팀의 인적 자원
핵심업무는 당사에서 보유하고 일부 비 핵심 업무는 아웃소싱을 통해 운영하는 소싱 능력
업계에서 가장 규모가 있는 생산 능력의 공장 및 설비
당사 유통 대리점 공급망",D
"영업팀, 개발팀, 생산팀, 경영팀의 인적 자원
핵심업무는 당사에서 보유하고 일부 비 핵심 업무는 아웃소싱을 통해 운영하는 소싱 능력
업계에서 가장 규모가 있는 생산 능력의 공장 및 설비
당사 유통 대리점 공급망",D
"치과 의료기기 업체에서의 풍부한 경험과 노하우를 보유한 임직원
타사와의 차별화된 A/S를 통한 고객 만족 실현
수입회사 및 국내 제조사와의 대리점 계약을 통한 신속하고 질 좋은 제품 공급",E
"노래문화 및 게임 관련 사업 등 25년의 축적된 기술과 노하우를 보유한 임직원
음향기기 세팅 및 마케팅 분야는 전문가 그룹에서도 인정하는 높은 기술력",E
"강판 제조 업력 10년 이상의 경력 기술자
제조업 기반의 기술영업 인력
재산권 및 특허권
우수한 생산설비 및 기술자",B
"설계에서 가공, 조립까지의 One Stop System
정밀가공 사출 능력의 공장 및 설비, 인적자원
Insert의 독점적인 지위 및 품질수준",D
"20년 경력의 노하우 현장 에서의 대처 능력, 컨텐츠(영상제작) 제작시 워크플로워 확보(흐름의 이해)",E
"특판 가구(주문 제작 가구)해외시장 개척으로 해외시공 및 유지보수관련 노하우 확보
풍부한 유동성보유로 원가경쟁력 우위
친환경마크, 친환경부분 건축주택수상, 우수중소기업 수상 등 외부 공신력 확보",D
"전문지식과 디자인 능력 그리고 고객과의 친밀성을 갖춘 인적 자원
시장 흐름과 비젼을 갖춘 경영인
다년간 축척 된 경험과 디자인 능력의 지적 재산",D
"유해화학물질의 DB
시스템
전문 개발자",E
"5년 이상 경력의 시스템/네트워크 기술자
IT 컨설팅 노하우",E
"25년 업력의 노하우
임직원의 맨 파워
지속적인 교육훈련을 통한 임직원의 핵심 역량 성장.",E
"HRD, HRM 전문가 집단  HR전문인력
콘텐츠 : 리더십, 세일즈, 개인역량강화, 조직활성화, CS 등
온라인 역량평가 시스템 : 리더십 역량 및 세일즈 역량",D
"전문인력
사업경험(Credential)
법인의 평판 및 체계화된 조직체계",E
"콘텐츠 제작 노하우
하드웨어 기술 노하우
인터랙티브 기술 노하우
다양한 RND프로젝트 경험
재산권 및 특허
영업 대리점 및 고객사",C
"고급 이상의 개발진들과 다년간의 경력을 통한 개발 노하우를 핵심 자원이라 생각합니다.
다양한 SI 경험을 통한 개발능력",D
"국내 메이저 건축설계사 중, 가장 오랜 역사 (54년)를 통한 축적된 노하우와 레퓨테이션
국내 건축학과 졸업생 중, 최고의 최상 인력의 채용을 통한 업계 최상의 업무 수행력
국내 설계사 중 장기근속자 최다 보유를 통한 최고의 경험과 검증된 기술력",D
"월풀 욕조에 특화된 시공 노하우 및 생산기술
안정적인 해외 수입처",D
"개발하는 연구인력
판매 영업 인력",D
"당사는 특화된 기술 자산을 바탕으로 하고 있음. 변기 자동물내림 한 분야에 23년 동안의 수많은 현장 리스크를 경험하고 많은 개발 시행착오로 쌓인 노하우가 자산임. 
다양한 양변기, 다양한 양부속, 다양한 수압, 다양한 화장실 환경 등에 호환 가능한 제품 개발 자산.
고객이 원하면 주야, 휴일을 막론하고 설치 시공해 드리는 조직력 구축.
당사는 23년간 자동물내림 한 분야에 쌓아온 기술력을 바탕으로 어느 위생도기 업체와 비교해봐도 더 혁신적인 양변기 공동 개발 가능한 기술력을 축적.(무전원 디지털화 된 양변기)",C
"시장흐름을 파악하여 변화에 대응할 수 있는 경영능력
전문성을 갖춘 개술개발팀, 생산팀, 영업팀등의 인적 자원 확보
핵심 업무를 지속 발전시키며, 기타 비핵심 업무는 아웃소싱 운영 능력
신속한 개발능력과 소비자보호에 우선한 임직원의 마인드
20여년간의 브렌드 추구와 꾸준한 국내외 고객과의 신뢰성 확보",C
"각분야 최고 기술자 (맨파워)
국내 최고 전문업체로의 위상
자체 프로그램 개발 및 관리
대표이사의 영업력
확실한 대외홍보 능력과 다양한 마케팅 채널 운영  
ISO, 근무혁신 우수기업, 여성가족부 가족친화제도 표창 등 다양한 인증서를 통해 신뢰 구축
기업부설연구소를 통해 끊임없는 기술개발",B
