핵심파트너,label
"건설사, 시행사",C
"판매 대리점
창고 및 물류회사
컨설팅 회사",B
"공공 발주처(한국토지공사, 해량수산부, 지자체 등)",A
"한국산업안전보건공단
 고용노동부
 지역내에 존재하는 경쟁회사( 대한산업보건협회, 한국시험환경연구소등)",A
"건설사 상품개발부서, 설계팀
설계사무소, 디자인사무소
공공발주처(LH공사, SH공사, 지방공공기관)
타일 제품 판매 대리점",C
"레미콘 건설사, 레미콘사, 아스콘사, 콘크리트 2차 제품 업체의 품질, 구매 담당자
구매 의사결정권이 있는 경영자",E
"30년 이상 파트너쉽 관계의 원자재 업체
30년 이상 파트너쉽 관계의 시공 전문 기술팀 다수 보유
20년 이상 파트너쉽 관계의 금형제작 업체
20년 이상 파트너쉽 관계의 원부자재 업체",D
"공작기계, 의료기, 자동차 등 장비 제조사 및 수입상
금융 에이전트 및 에이전씨 회사
증권사 PF팀, 캐피탈 금융 영업팀과 연계한 영업",D
"운송회사
시공소장
공공발주처",C
"제품 개발사 및 생산 회사, 지역별 판매 총판
자동차 사 및 렌터카 사",C
"반도체 공급 메이커(삼성전자,텔레칩스,리틀퓨즈,어보브,에이디칩스,Holtek,Axelite 등)
반도체 대리점(미래반도체,그린칩스,유니퀘스트 등)
반도체 유통 딜러
기술개발관련 협력사(H/W 개발사, Power단 개발사, Art work 협력사 등)",A
"위생도기 및 타일 MAKER
물류회사 및 물류 운반자
건설사 및 현장소장",D
"계약재배 농가, 원물공급업체
물류회사, ERP 프로그램회사",D
회사영업기밀로 협력사 실명이나 회사거래처를 오픈할 수 없음,E
"open 마켓(11번가, 쿠팡, 네이버 인터파크, G마켓 등)
대형교회 봉사부서 담당, 이웃돕기를 실행하는 단체(로타리 클럽, 기업봉사단체)",A
"중소기업(제조업, 도소매업, 서비스업)
금융기관, 경영컨설팅 업체",B
"IMG-KOREA의 경우
BMW, 신한은행, JTBC, SK, 부산시, 인천시
Jeep, Arnold Palmer, Jack Nicklaus, 분데스리가, NFL, Pepsi
Haribo, Sesame street 외 다수",A
"수지, 페인트/도료, 점/접착제, 잉크, 우레탄 제조 업체 ",D
"공급원 (중국 및 국내제조사)
수입업자(포워딩)
관세사 
물류회사",D
"상세 설계 하청 협력사
중국제작 불가 제품에 대한 국내 제작 협력사",D
"방송시스템을 시공 할 수 있는 능력을 갖춘 시공소장과 기술자
단순조립을 위한 외주 생산업체
자사 생산하지 않는 제품에 대한 통신 장비 납품 업체
음향장비와 영상장비 수입업체",D
"보험대리점, 각 은행의 대출 상담사 조직,",E
"현대모비스 인천 사업소
현대차 기아차 A/S 부품 공급망 및 부품 대리점
현대모비스 지정 전문점 및 판촉공급망",A
"건설사 구매부서
필요제품 생산하는 메이커
제품 운송하는 물류회사
유통사",C
"건설사 상품개발 부서 및 기술부서, 구매부서
인테리어 디자인회사 설계팀",C
"육가공 업체,포장지 제조업체,운송업체,인테리어 시공업체
서버관리 업체,점포개발 업체,간판시공 업체,샷시 시공업체
주류 음료납품 업체,",D
"제조사 : 경조 등
유통 : 신세계, 현대, 롯데 등",A
"건설사 설계팀/공사현장 소장
인테리어 및 설계사무소
하드웨어 및 위생도기/수전 제조회사",D
"제조업을 영위하는 공장
저렴한 단가, 고품질의 제품을 공급해주는 공급사",D
"조명 디자이너, 건축가, 인테리어 디자이너, 공간 디자이너 등등.
수입 업무와 현장 업무를 진행하는 계약된 파트너 회사들.",D
"현대카드
현대캐피탈",A
"제조사, 도매사, 공방 등 제품 제공사",C
목조주택 / RC조시공업체 / 설계사무소 / 전원주택 시공예정인 건축주,D
"상장회사 회장님들
나라장터(전자입찰)
개인공사 고객분들",E
"맨텍, 에스에스알, 피앤피시큐어, 안랩, 포티넷 등 IT벤더사
그린케미칼, 고운세상코스메틱, 오로스테크놀로지, 휴젤, 오스템임플란트, 삼표 등 제조기업
리치앤코, 브이피, 오케이저축은행, 오렌지라이프생명, 텐앤텐 등 금융기관
교육지대, 이투스, 그래드호텔, 투썸플레이스, 이케이, 영림원소프트랩 등 서비스기업
한국환경공단, 환경보전협회, 인구보건복지협회, 강원도청, 한국산업기술진흥협회 등 공공기관",B
"폐기물 배출업소로써 엘지전자, 두산중공업, 세아특수강, 지자체
스팀수용가로써 동서식품, 동원F&B, 칠성산업 등",C
"금형제작 업체
R&D 제조업체
올리브영, 롭스 등 오프라인 판매회사
현대, GS, CJ 등 홈쇼핑 판매회사
왓슨 등 해외 오프라인 판매회사",A
"소파 제작 공장, 목공장
이탈리아 가죽가공 업체
CJmall, 네이버스마트스토어, 오늘의집 등
판매대리점",B
"신탁사 수주부서
재개발 조합원 및 조합장
1군건설사 영업팀 
건설사 공공영업팀",E
" 구매 : 만도.현대모비스
 매출 : 완성차 보수용부품 유통점, 산업기계 유통점, 자동차 튜닝 전문점",C
"건설사 기전팀
시행사 원가 관리팀
공공발주처",E
"롯데,신세계,현대 면세점, 백화점, 신라면세점.
롯데, CJ,현대 홈쇼핑",B
"롯데,신세계,현대 면세점, 백화점, 신라면세점.
롯데, CJ,현대 홈쇼핑 중고자동차 매입관련 기업 : KCAR, AJ셀카, 헤이딜러, 중고나라오토 등..",A
"광고대행사
자동차 보험관련 주요기업 : 삼성화재, KB손해보험, DB손해보험, 현대해상 등…
자동차 금융관련 주요기업 : 삼성카드, KB카드, 하나은행, DGB 등…
자동차 썬팅필름 주요기업 : 루마,  3M, 티나인, 브이쿨 등…
자동차 타이어 주요기업 : 한국타이어, 넥센
자동차 썬팅필름, 블랙박스 장착 시공점 : 카스페이스
교통사고 관련 법률상담이 가능한 법무법인 : AK법무법인
중고자동차 매입관련 기업 : KCAR, AJ셀카, 헤이딜러, 중고나라오토 등..",A
"세무법인, 특허법인, 변호사, 행정법인 등",C
"세무법인, 특허법인, 변호사, 행정법인 등",C
"머스크 맥킨지 NXP 와 같은 글로벌 파트너
에너자이져와 같은 소모품 생산 공급업체
스탭스와 같은 아웃소싱 인력 파견 업체에서 진열 사원 채용 구독 서비스 이용하는 고객사에 지원",E
당행의 기업 이념과 부합하는 우량 핵심 기업,E
"연구개발 부서
금형제작 업체
신사업개발 부서 
전기 시공기술자 
물류회사",E
"대한민국의 모든 기업 및 사업자이나 현재는 중견기업들이 핵심 파트너
대기업을 핵심파트너로 만들기 위해 노력 중",E
"당사 제품 제조의 부품을 조달하는 외주업체는 물론
외주업체라 보기에는 힘들지만 당사 제품의 원소재를 공급하는(포스코, 세아 등의 제강사)
해외고객의 납품을 책임지는 국내 내륙운송 물류회사 및 해운업체(한진 등), 컨테이너사 등",D
"사무용품 조달업체, 비품 납품업체, 전산시스템 관리업체, 유비보수 용역업체
건강검진 위탁병원 업체, 헬스케어 협력사
국내 대형은행 및 대형 GA
그룹 금융기관사 (증권, 손보, 자산운용, 저축은행 등)",D
"공공기관
대기업
중견기업
기타 VIP 고객",D
"한마음식자제마트 
엘마트
동우참프레유동
성주야채
유림수산
이천농산
대원건어물
삼다축산
동양식품",C
"설계사, 발주처(한국도로공사, 철도공사, 한국토지주택공사), 경쟁 건설사",D
온라인 판매 업체,E
보험사 및 보험설계사무소,D
"백화점(신세계, 롯데 등등)
대형마트(이마트, 홈플러스, GS 등등)
배송사(대한통운, 한진 등등)",B
"홈쇼핑을 통한 DB영업
36개의 보험사
손해사정사
세무사
회계사",C
"삼성전기 ,메카로, SKC Solmics, 세라트랙,쎄타텍
국방과학연구소 .원자력 연구소, 세라믹 기술원,에너지 기술원, 생산기술연구원
전남테크노파크, 인천 테크노 파크",B
"공공발주처 및 관리처 : 행정관서, 한국토지주택공사, 한국전력공사, 도로관리청, 경찰서
건설사, 설계사무소, 시행사
동종 및 유사업종 : 전기공사업체, 통신공사업체",A
"설계사무실
공공발주처 (산업자원부, 철도청, SH, LH)
당사 계열사 (금형제작, 도장, 원자재 생산부)",A
"한국토지주택공사
각 건설사 및 UBR업체
원자재 가공 업체
시공기술자",A
"현대모비스 외 협력업체
현대오일뱅크 외 협력업체",B
"공항시설 (인천국제공항공사, 한국공항공사)
철도시설 (한국철도시설공단)",A
"영화 및 드라마 제작사, 투자사, 
영화진흥위원회, 상영관협회
행정안전부, 문화관광부",C
실내건축 업체,E
"OEM 및 자재 발주 기업(한일시멘트, 악조노벨, 대림바토스 등)
시설물 유지관리 시공업체
석재 타일 관련 시공업체 및 건자재 대리점
원료 공급 업체(금호, 코오롱, 국도화학 등)",D
"OEM 및 자재 발주 기업(한일시멘트, 악조노벨, 대림바토스 등)
시설물 유지관리 시공업체
석재 타일 관련 시공업체 및 건자재 대리점
원료 공급 업체(금호, 코오롱, 국도화학 등)",D
"건설사
건축주
설계사무소",D
"통신사
차량업체",D
"면세점
백화점
대형마트
온라인 스토어를 통한 직접구매자
화장품 제조업체 및 패키징(부자재업체)",C
"티머커스 채널사(공영홈쇼핑), 온라인 이커머스 판매 채널사
마켓컬리, 쿠팡등 온라인판매 플랫폼
게임개발사 및 컨텐츠 제작사",D
"설비회사의 설계팀
시공소장 및 시공기술자(설치관련업무자)",D
"주요 자문회사가 핵심 파트너회사라고 할 수 있는데, 
물류회사 -제이엔트플라이즈 – 퀼트제품 판매, 
수출입 회사 - 쉐플러코리아-베어링 수입판매, 광인상사 – 주방용품수입판매
제조회사 – 보라전기(전기 제어장치 생산 판매) 
창업지원회사 등이 회사가 있습니다.",D
"각 지자체 사업 계획부서
각 공기업 사업계획부서
설계의 원할한 수행을 위한 협력업체(전기,기계,통신,구조등) ",D
"고객사의 전 업무 부서
네트웍 시공 협력업체
서버 및 통신 단말기 협력업체",D
"한국언론진흥재단 등 정부 공공기관
하나손해보험 주식회사 등 손해보험사
미래에셋대우(주) / 증권 중개업
(주)코스콤 (구 한국증권전산) / 전산처리(증권관계기관,증권회사 등)
애터미(주) 해외사업부 / 다단계 마케팅 회사
셀마크 CELLMARK / 외국계 기업, 화학제품
(주)지에스아이티엠 / 시스템구축",A
" 국내 major 아스콘, 레미콘 업체 와 건설/토목사
 해외 주요 건설사, agent. 해외 도로건설 수주한 한국 건설사",B
"1. 풀무원푸드머스(본사)
2. 삼산농수산물시장(중도매인)
3. 카페24(개인몰관계자)",C
인터넷이나 전문도서를 통한 중요한 자료 확보로 협력사(건축설계 분야별 협력사-기계.전기.구조.토목 등등)와 긴밀한 협업을 통한 완성된 설계도서와 마지막은 건물구현을 위한 건설사가 핵심파트너라 하겠습니다,E
"개인
법인
SOHO
글로벌기업 및 고객",E
"시행사
전문건설 업체
설계 사무실",E
"도시계획, 교통계획, 토목설계, 환경업체, 재해업체, 골프코스디자이너, 
건축관련 협력업체",D
"설계사무소 및 각 분야 감리 회사
공공발주처 (한국토지주택공사, 서울주택도시공사, 지방주택도시공사)
건축 허가 및 관리 업무처 (행정중심복합도시건설청, 시청)
건설자재 납품 및 제품 제조⦁판매 회사",D
"시행사
공공발주 관공서
대출 금융권
각 공종별 협력업체",D
"공공기관 : 국방부, 도로공사, LH, 지방자치단체
건설사, 재건축 조합",A
"(자동차사, 건설사, 에너지사 및) 건설사 상품개발/디자인부서, 건축기술부서, 연구소 및 설계사
컬러강판 회사, 각종 강건재(교량/터널/지반/강관/태양광 및 부품, 내외장 패널) 제조사
철강재 후가공 회사(레이저가공, 판금업체, 도장업체 등)
공공발주처(각 지자체, 도로교통공사 등)
개별 현장 PJT의 시공사 대표 및 담당자 등",C
"현대카드
현대캐피탈",A
대리점 영업직원과 원활한 교류 입니다.,D
"협력사들(전기,설비,기초,외장,지붕,내장 등 각 공정에 필요한 협력사입니다.)",D
"원자재 업체 
금형제작 및 도장, 주물생산업체
시공팀 및 생산팀",D
국내생산업체 및 무역업체,D
제조사 및 무역업체,D
의료기기 수입업체 및 의료기기제조업체,D
체인점 가맹주,E
반도체 협력업체,D
"반도체 업체, 검사장비 운영 업체",D
"한국가스공사 (천연가스 도매공급 업자)
대전시 (가스요금, 공급비용 협의)
배관공사 건설사",B
"가망고객. 각종 보험 원수사(삼성생명, 삼성화재. 등등 모든 보험사)",A
"GMK, 현대모비스",A
"기술연구소
설계사무소
철강 공급업체
가시설 제반 설치 및 시공업체, 장비 업체",C
"삼성전자 아메리칸스탠다드, 대림, 케림, 웰릭스렌탈",A
전자제품 및 반도체 제조사.,B
"관공서의 담당자 및 개인 고객
진솔한 파트너 마음을 가진 고객",E
"LLDPE 제조공장
해외 스트레치필름 업체
OPP 테잎 제조사
CJ그릅, 롯데그룹, 퍼시스, 대림자동차, 현대제철, 현대자동차, 대한제분, 대한제당
제일제당, 대한통운, 남양유업, 포스코
포장자제 협회",B
"1.	부품 사업 : 대림비앤코, 삼성전자, 게베릿(스위스)
2.	완제품 사업 : 귀뚜라미, 스미스(중국) ",A
세상에 공존하는 모든 회사 또는 개인,E
"토지매입 공인중개사
건축설계사무소
분양대행팀",D
"건설에 관련된 모든 협력업체
종합건설업 협력업체
전문건설업 협력업체
자재 납품 협력업체
설계사무소
지자체, 건설교통부 등 관공서
LH공사, SH공사, 지방개발공사 등",C
"사업을 하고 계신 분들이라면 누구든지 대상이 될 수 있음
특히 제조업의 경우는 특허가 필수
유통사는 상표가 필요한 경우가 많음",D
"화학회사(석유화학회사, 유체이송관련사)
2차전기 관련회사(음극제, 양극제, 분리막 제조사)
폐기물 처리회사(폐기물 처리, 오염수 정제회사)
화장품 회사, 식품회사",D
"전장용품, 멀티미디어, 산업용기기, 가전제품, 의료기기등에 사용되는 인쇄회로기판을 필요로 하는 업체.(현대모비스/옵티맥/한국알프스/오므론 등의 여러 고객사와 거래중임)",D
"사료회사, 약품회사, 롯데 육가공업체, 퇴비업체",C
시멘트 회사 혹은 소각장 (대기배출항목이 많고 자가측정 주기가 많은 사업장),E
"안정적 원료확보를 위한 채굴권확보로 경쟁력 확보.
생산라인의 개선을 통한 자동화로 가격경쟁력 확보",E
"동물약품제조 및 수입사
사료제조업자",D
"이전 근무한 회사(사료회사)
현재의 고객",E
화학물질안전원 입니다,E
"국회, 정부(국토부, 기재부 등), 유관기관(HUG, LH, 대한주택건설협회 등)",A
"광고주
정보 제공 구독자",D
"건설사 개발부서, 원가혁신팀, 설계팀
설계사무소",C
본사는 중국에서 생산하여 국내에 판매하는 시스템의 매출의 대부분을 차지 하고 있어 판매 거래처 외에 특별한 파트너쉽을 구축하고 있지는 않습니다.,E
"산업용 장비 및 산업용분석기 업체 등 설계팀, 개발팀, 생산팀, 구매팀
원자재업체, 외주가공업체",D
"성운인터내셔널 베트남 주식회사
성운산업㈜, 물류포딩회사
원료 판매회사, 원료 트레이더
제품구매업체, 고객사, 잠재고객 등",C
"기존에 신뢰를 바탕으로 오랫동안 거래해온 발주 업체
영업 대리점, 
공공조달시장",D
"위생도기, 수전, 비데, 제품 제조회사 
쇼핑몰 관리업체
온라인 광고업체",D
"건설사, 시행사, 분양대행사, 시공회사",D
"제강사: 현대제철, 동국제강, 대한제강, 한국제강, YK스틸, 환영철강 
건설사: 대우건설, 한신공영, 롯데건설 등
양회사: 한인시멘트, 성신양회, 삼표시멘트 
PC회사: 동서피씨씨 등
철근콘크리트, 토목건축 등 전문 건설사
철강재 가공회사, 철강재 유통사
은행, 신용보증기금, 서울보증보험 등 금융회사
엔지니어링사(설계-건축,토목)",A
"고객사 하드웨어 개발자.
고객사 구매 담당자 
susumu, semikron, onsemi 등 해외 반도체 제조사 와 그 한국 지사.
키라니아, 하루웰빙 등 온라인 판매 제품을 공급하는 제조사
네이버, 쿠팡 등의 온라인 전자상거래 플랫폼 기업.",C
"각종 자재 공급처
반제품 생산라인 소사장 (자체디자인 제작 특정부분 외부라인 )
SNS 팔로워 ",D
"건설사 외주구매팀, 개발부서 등
관급기관
시공팀
유통점
인테리어업체(한샘, 동화기업, 현대 L&C 등)",D
"강남의 대형 빌딩회사들과 공동중개 등 파트너쉽: 두바이컨설팅, 에이원컨설팅, 케이에스컨설팅 등
부동산창업 교육을 위한 경매컨설팅회사 및 부동산개발회사와 정보교류",D
"건설회사  
설계사무소,시행사(건축주),
현장소장, 현장시공기술자, SHO DWG인력
국가 및 지방단체(LH,SH,KH 등)
금융회사(국민은행, 기업은행, 농협 등)
자재매입처(현장시공을 위한 자재 구매)",C
"인터넷 쇼핑몰
인테리어 및 잡지사
신문, 방송 및 영화사",E
"사업기획 부서 및 발주 부서
도시 및 건축 정책 기획 공공기관 ",C
"건설사 및 시행사, 현장 시공 소장
건축전기 공사 업체
관공서 및 대형 건축물 시설관리팀
태양광 영업 전문 업체",C
대형 고속버스 등 운송업체(호남선),B
"한국야쿠르트, 삼양사, 롯데마트, 네이처스팜 오프라인 판매회사",A
"고객관련 파트너회사: 대기업 상품개발팀(LG, CJ, 인삼공사, 롯데 등), 건강기능식품 판매회사(프롬바이오, 뉴트리원 등)
생산관련 파트너회사: 동판업체, 원단공급업체, 잉크업체
외주가공 파트너회사: 인쇄업체, 합지업체, 가공업체, 스파우트 가공업체 ",A
"설계사무소, 시행사, 시공사
가구업체, 목문틀 및 내부마감 내장업체, 수장업체",D
"건설사 외주팀, 동종 업체, 시공소장 및 시공기술자, 자재 업체",D
"설계사(모집인), 관련업체 팀장(지점장)",E
"주 거래업체 담당자, 소규모 도매업체 오너",E
"육본(군부대) 
군인공제회(공우이앤씨)
협력업체(설비,제작팀)",C
"국내 자동차 용품 유통 회사(전국 유통망 보유 업체)
해외 자동차 및 용품 판매업체
외주 OEM 생산 업체(당사 지분 투자를 통한 협업 관계 구축) : 안정적, 우선적인 당사 제품 생산",C
"건설사 설비팀.
건설사 현장 담당자.
설비회사 본사 임원 및 구매담당자.
대리점 대표",D
"국토부 민간투자지원과
우수 협력업체(통행료징수, 설비, 전기, 일상유지보수, 조경, 교통안전 등)
관찰 지자체 관련기관
운영평가 심의/평가 기관",D
"중앙 및 지방정무 & 정부 투자기관의 발주부서 및 시공관리부서
우수 시행사 및 금융기관
대형건설회사 및 지역유지 건설회사
각종 심의/평가 기관",D
"LH공사, SH공사, 지방개발공사, 설계사입니다",C
"대동금속 : 주물 제품
득인기공 : 유압기기의 제품
한성정공 : 윤활류 및 그리스류 제품",B
항공사 선사 관세청 검역원 내륙운송사 상공회의소 등,C
"건축사사무소 건축사들, 건설사 및 시행사 구매부서 관계자들 ",E
"LH. SH. 경기지방공사. 교육청. 국토교통부등 공공발주기관
개발사업자. 설계자. 분양대행자. 광고홍보대행자. 입주관리자
전문건설업. 각종장비 임대업. 건설자재 제조업자.",D
"LH. SH. 경기지방공사. 교육청. 국토교통부등 공공발주기관
개발사업자. 설계자. 분양대행자. 광고홍보대행자. 입주관리자
전문건설업. 각종장비 임대업. 건설자재 제조업자.",C
"강원도청, 강원도내 각 지자체, 강원국방시설단, LH공사, 한국토지신탁, 무궁화신탁, 신영신탁
각 종합건설회사 업무팀, 토목 설계회사 설계팀, 건축사 사무소, 각 신탁사
각 면허보유 협력업체(단종회사),, 각 자재 납품회사, 각 측량회사 ",A
"카페 프랜차이즈 – 이디야 , 스타벅스 , 공차 ….. 
외식업체 : CJ푸드빌  , 푸디스트 , 엠즈푸드 
대기업 외식 물류업체 : 아워홈 , SPC, 동원홈푸드 … 
온라인 식품 판매업체 : 마켓컬리 , 쿠팡 , 헬로네이처 , 쿠캣 , 윙잇…… 
전국의 식자재 유통업체 
전국의 개인운영 매장 까페들 ",A
"오프의 체인점 점주
원재료공급사
해외 체인점 점주",E
"물류 자동화 회사(개발부, 설계팀)
자동차회사(현대차, 기아차)
화학제품 생산회사(삼영순화, 한덕화학, 동화기업)",A
"건설시공사
통신회사(KT통신, SK브로드밴드, LGU+)
통신시스템 관련업체",A
"조달시장 : 교육부 영업 업체
대기업 : 구매대행 업체
B2C : 온라인 마케팅 컨설팅 업체
B2B : 소규모의 영업 업체들
진공성형 금형 공급업체와 해외의 부품 공급 파트너사들",C
"건설사, 시행사, 분양대행사, 설계사무소, 박물관, 전시관 등등",D
"건축 인테리어 설계 및 시공사
한국실내건축가협회, 한국관광호텔진행협회, 데코저널",D
"폴리우레탄 시스템 생산 규모와 설비가 뛰어나며 KPX케미칼㈜, 동국제강㈜ 등의 국제 규격 제품 생산 원료만을 사용 품질의 안정성과 시스템 생산의 오랜 경험 축적으로 고객의 다양한 제품생산",E
"현대모비스, 현대위아, 현대다이모스, 만도, BOSH 등 자동차 1,2차사
포스코, 현대제철 등 철강, 제철사",E
"당사 대리점 100개사
창호단종업체 : 현대알루미늄, 일진유니스코, 알루이엔씨, LG하우시스 등 70개사
산업재 가공업체 : 현대로템, 덴소코리아, LGC, SKI, 우진산전, 미래금속 등 100개사",A
"건설사 전부서(견적팀, 설계팀, Project공무, Project공사, 외주팀, 구매팀, 현장소장 등)",C
"협력 금융사인 삼성증권, 삼성자산운용, 삼성생명, 삼성화재",A
"정비사업 조합 관련자
건축사, 시행사, 건축주, 시공사
공공발주처(한국토지주택공사, 서울주택도시공사, 지방주택도시공사)
정비사업쪽 각 아이템 별 능력있는 영업맨",B
"크린플러스, 동방제지, 태평제지, 온라인판매자, 하이예스
식자재 유통업자, OM개인사업자, 지식산업B/D관계자
관리회사, 수출바이어, 직접소비자, 미사도서관, 벤쳐타워
판촉회사, 팜파스 ,대산, 티오피, 관공서, 본뜰, 식당운영자
유한킴벌리 ,에코두레, 코리아바이오, 센텀비즈, 금병원 
리더스검진센타, E마트, 코스트코, YMCA국제청소년문화센타
미사복지관, 아파트관리실, 복지센타, 청소년수련관, 종합운동장
도시개발공사, 하남시청, 테스타타워, 효성헤린턴, 원스톱 기타…등등",B
"PE BAG PE SHEET AIR BAG AIR SHEET HD FILM PE FLIM 가공회사
매입구매업체 
원료구매업체",D
"원청사 구매팀, 설계팀, 품질관리팀, 부품관리팀",D
정부 지방자치단체 공공기관 협회(단체),D
"화장품제조사 : 아모레퍼시픽 등
식품제조사 : CJ, 대상, 동원 등
제조, 유통 : 삼성전자, SPC그룹, 신세계, 이마트 등",A
"국내, 외 변압기 및 Motor 제조회사
국내, 외 전기관련 회사 (예; 한전 등)",C
"각 분야의 전문가 (변호사, 회계사, 변리사, 법무사)",E
"동종 업종의 외부 해드헌터사(맨파워, 스카우트 등)",D
"공기청정기: 제조사(㈜누리텍)
가시광 살균조명등: 판매원(TWU)
가로수보호판(대): 제조사(아크라케어",D
"제품개발을 함께하는 원료회사, OEM공장
당사가 대리점 코드 보유한 대기업본사
당사가 입점한 대기업 폐쇄 몰 담당자
특판 영업하는 새마을금고 등 회사 의사결정권자
당사에 제품 판매를 위탁해주는 업체들
당사가 만든 제품을 위탁판매해주는 업체들",C
영업팀-공사관리팀-경영관리팀 상호 자유로운 소통 및 정보 공유에 의한 현장지원 부서,E
"원료곡을 가공하는 도정업자
농협 유통 및 중앙회 산지 단위 농협",D
"네이버 광고 부서
마케팅 회사(에코마케팅, 중소형 온라인 광고회사)
국내 오프라인 채널 : 올리브영, 랄라블라, 롭스
국내 온라인 채널 : 네이버, 
해외 오프라인 채널 : HK – Watsons, SASA / SG – Sephora
해외 온라인 채널 : 북미, 유럽 Amazon",B
세계적 기술 보유 및 고품질 제조 maker와의 파트너 쉽 유지.(일본),C
"조명 제조업체
조명 판매업체
인테리어 업체
건설업체(설계팀)
전기업체",C
"IGM 플랫폼에서 강의하는 겸임 교수진
IGM과 온라인 서비스를 제휴하는 업체",E
"위생도기 제조업체의 자재조달부서와 영업부서
리모델링 업체의 자재조달부서
유통업체의 담당자",E
동부건설. 신동아 건설. 계룡 건설. 대우 건설.대우조선해양.일군 토건. 외 기타,C
"지방자치단체(구청, 주민센터)
금융기관(IBK 기업은행, 증권사)
공공기관(서울메트로, 도시철도공사, 대한적십자사)
협력업체(자재구입처 및 파트별 공장)
시행사",C
"관공서
건설사
설계사무실",D
"대림바토스
중국COMA, 중국VOGO, 중국 S&J 
KCTECH",C
"다수의 제휴 파트너사 (신세계, 삼성카드, KT 등)",B
"베이커리의 70% 담당하는 공장
신선한 우유를 제공하는 우유 회사
제품의 포장 및 부자재를 담당하는 회사
신선한 커피를 제공하는 원두 회사",D
"시행사, 1군 건설 업체, 공공기관, 전국 각 지자체, 건축 설계사 및 엔지니어링 설계사",E
"건설사 개발부서, 원가혁신팀, 설계팀
설계사무소
금형제작 업체, 공공발주처(한국토지주택공사, 서울주택도시공사, 지방주택도시공사)
시공소장 및 시공기술자
물류회사, 위생도기, 수전, 비데, 타일 제품 제조 및 판매 회사",D
"주요 공공발주처
LH, 재건축조합, 수출입은행 등
건설사, 시행사",D
귀하의 질문에 제가 답하는게 별 도움이 안되겠네요 앞서의 얘기도 주로 국내 관련인데.. 저희는 위에서도 얘기했지만 상대방 나라의 현지 Agent의 관리가 중요합니다,E
"정부기관 공공조달(조달청,지자체)
공공기관 (한국공항공사,인천국제공항공사,한국도로공사 등)",C
"건설회사 본사 자재/구매팀
건설회사 현장소장 및 관리팀장",D
"현 거래하는 고객사
SGI서울보증 지점 직원 담당자",D
"건설사 및 설비회사의 자재부서, 개발부서 
제조사(본 사)의 영업팀, Project Team",D
"공공 및 민간 발주처
대형 프로젝트 컨소시엄 참여를 위한 동종 건설사
주요 자재의 공급사
주요 전문 건설 외주 협력사",C
"해외의 전문 맨파워 공급 회사
해외 관공서 인맥을 가진 현지 파트너",D
"토공회사 
종합건설사
관공서
공사 시공소장",D
"지역대리점, 직영점, 백화점
특판 건설사, 조달 관공서
개인고객",D
"경영컨설팅을 담당하는 자
교육섭외를 하는 자
교육담장자
교육생",E
컨설팅 회사의 컨설턴트 및 마케터,E
"협력업체(요금징수, 유지보수, ITS 등)",E
"토지주
건설사(토목, 건축, 설비, 조경), 감리회사, 설계사무소
수분양자(토지, 건물) 등
정부, 지방자치단체, 시, 도, 군",D
"부동산 개발 시행사
국내 유명 인테리어 회사
수입품 전문 시공 기술자",E
"건설사와 인테리어 업체
시행사",D
"현대기아 차동차그룹
현대엔지니어링
현대모비스 외 다수 기업
공공입찰을 통한 관공사",B
"정부기관 및 공공기관 발주처 (한국토지주택공사, 대구도시공사, 조달청 등)
공동입찰을 통한 공동사(동종건설업 도급사업자)
상생협력을 위한 협력업체(분야별 하도급사업자)
민간입찰 등 공모사업을 위한 (설계사무소 등)",A
"승강기안전공단, 하이브리텍, 신영엘에스",B
종합건설사· 시행사· 레저사업 시행사,C
"글로벌 네트워크 (옴니콘 산하 Siegel & Gale)을 통한 글로벌 전문성확보 및 글로벌 브랜드 개발
(뉴욕, LA, 샌프란시스코, 런던, 상하이, 도쿄 등 네트웍)",D
"네트워크 장비 공급업체 (시스코, 주피터 등)
기업고객들 대상으로 공동으로 ICT 서비스를 제공하는 협력업체",D
"납품업체의 연구개발팀 & 영업팀
SNS 위탁 판매업체
백화점 및 홈쇼핑 등 MD",D
"제약회사(국내 상위 제약사 다수 고객), 
약국(드럭스토어), 전문 도매상
해외 파트너(제약회사, 건강식품 회사)",D
"건설사 
통신사 
자동차 부품업체 
프렌차이즈
금융권, 공사",D
"건설사 
통신사 
자동차 부품업체 
프렌차이즈",D
"국내외 APPAREL BRANDS/WHOLESALERS.
AMAZON/QVC/DKNY/CK/URBAN OUTFITTERS/NORDSTROM/EMART DAIZ.",D
"중국공장 
네일관련협회",D
"건설사 SOC팀, 구매부서, 설계팀
인천시, 인천시, 인천시경제자유구역청, 인천도시공사, 국토교통부, 한국도로공사, LH공사",C
"본사에서 자문을 하고 있는 기업들
본사와 자문계약을 맺고 있거나 본사의 서비스를 경험한 고객들",E
"건설사 도시정비사업 관련부서
개발사업 관련 업체(금융권, 시행사, 조합, 토지주)
설계사무소
공공발주처(LH공사, SH공사, 지방 도시공사 등)",D
주류 제조사,D
"삼성, 현대자동차, 신세계, 제일기획, 삼우설계 및 종합설계사
서울시, 한국디자인진흥원, 공예문화디자인진흥원 및 지자체
주요협력파트너 : 전문분야 대학교수 및 연구소, 인테리어 단종회사 및 광고물,시설물 제작사",A
"제2금융기관 (저축은행, 증권사, 새마을금고, 신협)
신탁사
시공사
분양 및 광고대행사",B
"건설사 개발팀, 설비팀, 기전팀, 구매팀
설계사무소
현장 관리자
제조업체",D
"캐피탈, 카드사, 렌터카사, 중고차매매상사",D
"자동차 부품 1차사
대동 시스템, 성창, 일진",D
"전기설계사무소
설비설계사무소
구조설계사무소
건설사",D
"건설회사의 상품구매팀, 설비기계팀, 구매계약팀
대림비앤코, 대림통상, 로얄컴퍼니 등 위생도기, 수전, 비데 제조 회사
설비 마감 부속 자재 제조회사",D
"주유소 랜드 본사
고액장비고정거래처",D
"건설사 기술부 및 구매부, 설비회사의 시공팀, 설계 회사
소각장, 발전소 등 대기오염물질 배출 현장
제지 공장, 시멘트 공장, 반도체 공장 등 제조공장 설비운영원.",D
"기간망 사업( LGU+ )
정부ㆍ지자체ㆍ공공사업 발주처( 조달청, 인천광역시청, 김포시청, 부천시청 )
공기업 ( 김포도시개발공사, 부천도시개발공사 )",C
"기간망 사업 발주 및 유지관리사(KT, SKT, LGU)
정부ㆍ지자체ㆍ공공사업 발주처(행안부, 국방부, 인천광역시,)
공기업 (한국철도시설공단, LH/SH공사, 인천국제공항공사, 인천항만공사)
민간 건설사(현대, 삼성, 대우, 롯데 등 1군 건설사)
컨소 협력사 (대아티아이, 탑엔지니어링, 아이티센, 대우정보통신, 코콤, 쌍용정보통신 등) ",A
"정부ㆍ지자체ㆍ공공사업 발주처(조달청, 인천광역시, 인천서구청, 수도권매립지공사)
공기업 (한국철도시설공단, LH/SH공사, 인천국제공항공사, 인천항만공사)
지역 정보통신공사업체간 협력",A
"외주 설계사무소
가설업체, 공공발주처, 시공소장",C
"현대기아 차동차 그룹
현대엔지니어링
현대모비스 외 다수 기업
공공입찰을 통한 관공사",A
"인천국제공항, 한국철도공사, 온-나라 시스템, 한국교직원공제회 등의 공공기관
KT, KT Qook, SKT 등 IT/이동통신사
신한카드, 신한은행, EB카드, NH농협증권, 농협중앙회, 삼성생명, AIA생명 등 금융사
삼성전자, POSCO, LG Display, 현대제철 등 제조 기업",A
"설계사무소, 건설사, 각 지방자치단체(관공서)",D
"운수회사
신용보증기금",D
"해외 및 국내 바이어 (자체 브랜드소유).
해외 및 국내 바이어 (중간 에이전시).",D
"고정 건설단종업체
건설자재 공급업체(철근, 레미콘. 철골, 판넬, 페인트 등)",D
대형 유통판매 서비스 업체 : 신세계,D
"기술개발 시, 연구에 도움을 주는 전문가(교수)와 기술개발 지원금을 제공하는 정부 기관",C
"서울시 공무원, 
토지주 및 투자자 연결 가능한 지인",E
"POSCO
(주)나스테크
신일본제철(수입재에 한함)",B
"패션 브랜드
소재업체
제품제작 공장",D
"삼성전자 / 삼성디스플레이 / 엘지전자 / 엘지디스플레이 / 현대자동차 / SK 이노베이션 등 IT 자동차 제조사
현대모비스 / 코오롱인더스트리 / 엘지화학 / SKC 등 1차 가공업체 
인탑스 / 토비스 / 한농화성 / 세경하이테크  2차 가공업체 ",A
일양약품 상해장서국제무역 유한공사 연태 세현무역유한회사 산동 도매단,E
"철근콘크리트 업체
형틀 단종 전문업체",D
"기업 소유주, 재무담당 임원. 팀장",E
"원도급 건설사
시공소장 및 시공기술자
석재회사 및 기타 부자재업체",E
"건설사 공무팀, 상품개발팀
설계사무소’ 시행사(공공발주처 포함)",D
본사는 중국에서 생산하여 국내에 판매하는 시스템의 매출의 대부분을 차지 하고 있어 판매 거래처 외에 특별한 파트너쉽을 구축하고 있지는 않습니다.,E
"관공서, 공기업, 대기업, (코레일, 경찰청, SK그룹사등)",B
"광고영상 제작업체
물류회사, 욕실 생활용품 제조 및 판매회사
대형 쇼핑몰",D
"건설사, 시공/시행사, 대리점, 유통채널
대형 마트 
리모델링 니즈가 있는 고객 ",D
"모태펀드 출자자(정부, 금융회사)
모태펀드 출자 자펀드 운용사(창투사, LLC, 신기사, 엑셀러레이터, 전문엔젤 등)",E
"민간건설사 외주구매팀/상품설계팀.
시행사 건축본부팀.
LH공사등 프로젝트 현장담당자",D
"OEM 및 ODM 생산, 시스템 유지관리 등을 수행하는 협력업체
스마트팜 설치를 담당하는 협력사
버섯배지 공급 및 재배 관련 컨설팅을 담당해주는 배지제작사",D
회계법인 및 특허법인과 협력 관계,E
"외부회계 감사대상 법인, 비영리 재단법인
성실신고대상 일반 사업자",D
"강건재 제조 고객사, 가공센터
건설사 개발부서, 계약부서
설계사무소, 구조설계사무소(마이다스 등)
시행사, 건설사 디자인팀
정부부처(국토부, 산자부, 교육부, 국방부 등)
학회/협회(철강협회, 강구조학회, 대한건축학회 등)",D
"같이 건설사업에 종사한 건설사, 협력사 그리고 직원
금융, 회계, 법무, 노무 업무 전문업체",E
"정부 부처(기획재정부, 과학기술정보통신부, 교육부 등)
전국의 대학, 연구기관
정부 출연 연구기관 등",C
"반도체 장비 제조업, 건설사(인테리어,전기설지,소방설비외 전문건설업)
일반 산업기계 제조업, 기타 금속관령 제조업.",D
"점보드릴 제조사 (에피록코리아)
POSCO, 현대엔지니어링, 경동건설 등 외 하청 건설 업체, 기타
현장소장 및 본사 중기부 
부품 제작 외주업체 
한덕철광, 경기광업 등 광산업체 
착암자재 제조사 (로비트코리아)",D
"건설사, 설계사무소 
단종시공사, 지방 영업소 
수도권 직판 유통 대리점들 
수출 agents ",E
"핵심파트너는 없음.
단, 비즈니스 유형에 따라 변호사, 노무사, 세무사와 파트너가 될 수 있음.",E
"건설사 상품개발팀 및 외주구매부
전국대리점
B2G고객",E
"1.	메르세데스 벤츠 코리아 
차량 수급 및 부품 수급 
2. 스트먼트㈜ (부동산 임대)
대, 서비스센타 임대, 사무실 임대
3.사 – 메르세데스벤츠파이낸셜서비스 코리아
         신한카드, kb캐피탈, 롯데캐피탈, DGB캐피탈, 하나캐피탈 등등…
    4. 중고차 업체
5. 운송 업체 (M&M, 동부 케리어) ",B
"건설사 구매부서
건설사 상품개발부
LG하우시스 영업부",D
"A 건설사 구매부서
건설사 상품개발부
LG하우시스 영업부",D
"건축주
설계사 소장
금융사 팀장급이상 임원
시행사대표 ",E
"자동차부품 제조가공업체 : 1차 VENDER
공기청정기 제조가공업체 : 1차 VENDER",E
설계사무소 및 협력업체,D
"현대모비스, 엘지전자 : 완성차 차량별 아이템 수주 후 당사 모델 부품 적용",C
"건설사 
설계사무소
공공발주처 (한국 토지주택공사,각 시도 지방공사,국방부)
위생도기,타일 제품외",D
"공공부문 : LH공사, SH공사, 조달청, 도로공사, 철도공사 등
민간부문 : 지주, 금융사, 시행사, 효성그룹 등
수분양자, 재건축/재개발 조합, 지역주택조합, 도시환경사업조합 등",A
7번항목의 관리를 위해 협력사의 PM도 중요합니다.,E
"사옥 및 공장 신축을 계획하고 있는 중, 소기업 
분양을 목적으로 부동산을 개발하는 시행사
건축을 하려고 하는 개인고객",E
"국가기관, 공공기관(LH, SH 등)
자산운영사, 시행사, 시공사 등",A
" 건설사,설비사의 설비담당 책임자.
 시행사
 판매대리점
 해외 상사 및 건설사",E
공사관련 협력업체,D
"소재 공급사
금형 제조사
부품 개발자
디자이너
광고사
물류 전문가",E
"매입처 : 위생기구 / 수전류 / 악세삿리류 제조업체 외
매출처 : 건설사 / 인테리어업체 / 오픈마켓",E
"건설사 개발부서, 원가혁신팀, 설계팀
설계사무소
시공소장 및 시공기술자",D
"대기업, 중소 건설사들과 컨소시엄 구성 등 협력 사업이 대부분임.",E
"소스 파우다, 육류 유통업 사업자
광고 실행사
패키지 제조사
변리사, 변호사, 가맹거래사",E
"보험사 업무 담당, CLAIM 담당
거래처 대표 및 보험 담당자",E
"대기업체 및 모든 기업체 총무 및 공무 담당자
개인 고객",E
"설비제작시 부분별 제조 설치회사
광보홍보시 광고회사
대형마트, 호텔, 백화점.",D
"관계기관 : 금융감독원, 한국공인회계사회, 중소회계협의회, 중소벤처기업진흥공단, 국세청
일반기업체",D
"삼성전자 1차 협력사 (반도체)
LG전자 1차 협력사 (반도체 및 가전)
디즈니 1차 협력사 (완구봉제)",A
"건설사 및 관공서, 건물주",E
"생산 협력업체
제품에 들어가는 부품 공급망, 설비관련 업체
판매 협력업체
매장의 제품 진열 및 판매인력 담당업체, 
공급망 업체
물류업체(창고, 배송(배, 항공 등))
마케팅 지원업체
광고, 홍보 대행업체",D
"식품제조사(씨제이, 농협, 대상, 오뚜기, SPC등)
경기도 및 지자체 공공 급식 푸드 지원 센터",B
"무기개발업체
건설사 및 협력업체 소장
냉장고, 우레탄 발포물 생산업체",D
"전국 약국, 약국 도매상, 광고 대행업체
할인점, 편의점등 유통업체
위탁 의약품 등 생산 협력업체",C
"삼성생명
삼성생명 소속 변호사, 세무사, 변리사 등 전문가",A
"장비 제조회사 개발부서, 설계팀 및 구매팀",D
"해외의 전문 맨파워 공급 회사
해외 관공서 인맥을 가진 현지 파트너",E
"건설사 구매부서
각 지역의 대리점
공공기관 발주처",D
"공공 및 민간 발주처
대형 프로젝트 컨소시엄 참여를 위한 동종 건설사
주요 자재의 공급사 (철강 제조 및 유통사, 주요 공종별 외주협력사)",E
"각 분야별 전문가 (교수, Industry Experts, 최고경영자 등)
해외 관계사의 전문가",E
"대출모집법인회사 - 당사와 대출모집법인회사와의 계약된 회사
금융감독원 / 금융위원회 / 저축은행중앙회 / 여신금융협회
토스 / 카카오뱅크 – 업무 제휴로 대출 고객 유입",B
"제조사의 개발자와 자재 구매담당자
관공서 및 컨설팅 업체의 총무부
신생 사업체",E
"보험사 업무 담당, CLAIM 담당
거래처 대표 및 보험 담당자",E
"현대자동차, 코오롱, 현대중공업, 두산중공업, 지엠 대우, 대림 자동차 등",A
"건설사 개발부서
시행사
분양대행사
인테리어회사",C
"화훼단지 영업을 통해 거래처가 된 꽃배달 업체
굴비 포장 시 사용하는 부자재를 제공하는 업체
협약이 맺어져 있는 수많은, 꽃배달 거래처들, 이용권 플라워 ",D
"건설사 상품개발팀, 원가혁신팀, 설계팀, 기술연구소 
설계사무소, 신탁사, 운영사 CM사 등
공공발주처, 학교법인 등 
시공소장, 시공기술자, 운영사 시설팀장, 품질관리팀장 등",D
"대형용역사, 건설사, 지방자치단체, 국립대
특허제품 생산공장
지역 대리점(지역 영업망 확보)",C
"대형건설. 전문건설사. 엔지니어링사. 건축설계사.
건설관련공기업.(LH.SH.도로공사.수자원공사.)
건설관련자재생산업체.
신기술.공법소유업체(일반기업)",C
미입력,E
서울시와 버스조합이며 서울시내버스 승객이 최우선입니다,E
"건설사 Pre-con Team, 
공공발주처(한국토지주택공사, 서울주택도시공사, 지방주택도시공사)
설계사무소",D
"소셜커머즈(쿠팡, 위메프, 티몬)등에 어린 자녀를 둔 고객들 대상 사이트
육아 맘 커뮤니티 외 육아카페(키즈카페, 가족사진 촬영장)
3사 마트(이마트, 롯데마트/토이자러스, 홈플러스)
인플루언서(SNS 활동에서의 팔로우 수가 많은 자들)",E
"삼성전자LG전자 포스코 현대기아차 아이마켓코리아 서브원 엔투비 오토스
하니웰 웰스코리아 3M",A
"영상제작 업체 (아프리카TV , 프리비알) 
네이버 다음 구글, 디자인 외주 업체 ",B
"국내 면세점 
중국내 유통 채널을 가진 도매상
인바운딩, 아웃바운딩 여행사
면세점에 신규 진입하려는 기업",A
"SM C&C(SM 광고 컴퍼니)
㈜ 서베이 피플
㈜ TNS
(주) 닐슨
충남 어촌특화센터",A
"롯데멤버스
㈜ 피앰아이
㈜ 한국능률협회
(주) 닐슨",A
"GS 멤버스
KTCS",A
"한국 농수산물유통공사
각 지역의 유통파트너",A
"건설회사 호반 , 시행사들   ",D
"현대모비스 외 협력업체
현대오일뱅크 외 협력업체",A
"중국, 인도, 베트남 등 글로벌 소싱 협력공장 업체 15개
63년 엘칸토 역사와 함께 성장해 온 한국 협력공장
이랜드 리테일 유통 채널
롯데백화점 
GS SHOP, 롯데닷컴, 쿠팡 등 외부 온라인몰 ",A
"설계사, 감리사, 관련 협력업체
당사 계열사(핵심업무 및 기술 공유)
사업 시행사
공공발주처(한국토지주택공사, 서울주택도시공사, 지방주택도시공사, 관청 등)",C
"설계사무소
건설사 기술개발팀
원재로 공급 회사
기술제휴를 맺고 있는 외국 ALC 업체들",D
"아이웨딩
토다이",B
"종합 건설사, 전문 건설사
인테리어 업체
건축 자재 대리점
공공 발주처",E
"건설사 본사의 외주팀장 및 임원진
건설사 현장의 소장, 공무",D
"토지주
SH, LH 등의 공공 택지 발주처, 관공사 발주처
도시 설계,건축 설계업체
금융사",A
"케이투, 블랙야크, 데쌍트, 아이더등 브랜드
대만 생산 공장, 국내 신발 생산 공장, 수출 공장, 대만 상공회의소
코코(오프라인 매장), 생산 공장, 온라인 마켓 담당",A
"엘리베이터 제조사, 보수 회사
자동차 회사
건설회사
협력 대리점",D
"소프트웨어 개발회사 (EDA 관련, PTC, 펜타로직스, 오보텍…)
시제품 분석 및 인증기관(KETI, KTR, KITECH..)",D
"LH, SH, 건설사 등 구매부서, 설계부서, 현장기술진
여러 원부자재업체, 도소매업체
시공업체(시공기술자)",A
"석유화학 제조사의 공무팀 및 프로젝트 건설팀
EPC사의 설계 담당자
국내 독점 판매사의 직원",D
"국내 제조 MAKER(위생도기 ,수전, 악세서리, 욕실장, 비데 등)
해외 제조사(위생도기)",D
"시행사, 건설사, 공공기관, 재건축조합
설비, 전기, 토목 등 분야별 설계 감리 협력업체",D
"건설사 전기부서.자재부.설계팀
공공발주처 한국토지주택공사.sh공사.지방주택공사
전기공사업체
전업사
자동차업체
충전사업자",A
"렌즈 및 소모품 회사 (알콘, 존슨엔존슨즈 등)
수술장비 회사 ",D
"관공서, 민간 건축주",E
건설사,D
관공서,D
"건설사 및 조선사, 플랜트사",D
"대형 토목, 건축 시공 건설사
중소형 상가주택 시공 건설사
공공 발주처 (시청, 교육청 등)",D
관공서 설계 담당,E
현대제철,A
"대형 토목, 건축 시공 건설사
공공 발주처",C
"전문 임상 센타(동물시험)
전문독성실험연구기관(KCL)
임상연구대학기관(많은 수집 축적된 정보가 많은 대학기관)
유통판매업 (온라인, 홈쇼핑)",C
"전자회사, 자동차회사",C
"제품 생산기업, 농축산물 제조기업",D
대형마트,C
일진베어링,C
개인,E
"건설 설계, LH공사, 농어촌공사",A
건설사,D
"행정기관, 공공기관",B
"설계회사
금융사
시공사",C
"해외 유명 제품업체 OEM제작(YAESU Musen Co., Ltd./해상용 장비 협력
홍콩 ALTIS CO., Ltd./생활용 무전기 부품
중국 Belfone co., Ltd. & KYD co. Ltd./업무용 무전기 Parts 수급",D
"다양한 중,소기업 등.",C
"건설사 외주구매팀
현장소장",E
"공기업 총무부서
자동차제조업 복지관리팀(노동조합)
체육회 대회진행과
전자 및 사기업 마케팅 부서",D
"공기업  총무부서
시청/구청 민원 담당부서
노동조합",E
"전장용품, 멀티미디어, 산업용기기, 가전제품, 의료기기 등에 사용되는 인쇄회로기판을 필요로 하는 업체.(현대모비스/옵티맥/한국알프스/오므론등의 여러 고객사와 거래중임)",D
"주로 온라인으로 화장품을 판매하는 화장품책임판매업자
원료 공급사
부자재(포장재) 공급사",D
"발주청(관) : 도로공사, 지방국도관리청, 각시도 지자체, LH공사, SH공사, 철도공사 등..
설계사, 건설사(시공소장 및 시공기술자)",D
"금형제작 업체
설계사무소
공공발주처(한국토지주택공사, 서울주택도시공사, 지방주택도시공사, 군부대)
창호시공 업체
복합창 개발 업체",D
"수지, 페인트/도료, 점/접착제, 잉크, 우레탄 제조 업체 ",D
"공공 민간 발주처
협력사
인허가 기관
기타",E
"타일,위생도기 제조 업체 
타일 판매업체
건설사 디지인팀,발주팀,설비팀, 설걔팀 
디자인,인테리어사 
물류회사 ",D
"협업 관계를 맺고 있는 대형 병원
환자 지원 협력업체",C
"이노피아 테크놀로지, 글로비티브, avMIX, 사운드미러, AV딜러, 프로사운드,",C
"길게는 2년 짧게는 1년마다 동문기업체의 연계를 위해 여러군데의 회사를 다양하게 이용중 동문회보 디자인을 위한 회사와, 회보 발행을 위한 제작사, 행사배너 제작을 위한 대행사, 회보 광고 수주를 위한 광고 대행 등의 여러 분야별 동문기업체를 사용하여 일자리 창출 및 동문과 동문회의 공동성장을 우선시 하고 있음",E
"제조업. 
엘리베이터부품제작. 
중장비부품제작",D
"자사 대리점
건설사 옵션관련팀
창호업체 영업팀
각종 자재 납품업체",D
"대림바토스, 한샘 같은 시스템욕실 전문 회사 영업팀, 개발팀,  
원자재 제조 및 판매 회사 ( 타일 , 폴리우레탄 , 구조후레임 )
금형 제작 회사 ,  물류회사( 제품운송 )",D
"한국공인중개사협회
네이버",B
"동원테크팩솔루션㈜
두산지게차㈜",B
"조업사(대한항공, 아시아나항공 등 항공기 운항을 위해 해당국가 국적기와 계약)
정유회사
여행사",C
"제조사: 아워홈, 동원그룹, 한화, 풀무원
유통사: 이마트, 농협, 백화점 대형 케이터링사
특판점: 전국
온라인판매: 쿠팡, 11번가, 신세계, 네이버, 옥션,GS",A
"금형제작 업체, 주요부품 공급사 
물류회사, 시공기술자",D
"조선일보, 중앙일보, 동아일보, 한국경재산문, 매일경제신문 등 100여 언론사
네이버, 다음 등 대행사",A
"건강기능식품 제조사, 식품회사, 유통회사, 관련 마케팅사
유기농, 친환경 관련 기업, 협회, 지자체 사업단 등
유기농1차농산물 생산자, 생산자협회, 유통 회사 등",D
"직접 고객 : 반도체 검사장비 제조업체 (TechWing)
최종 고객 : 글로벌 반도체 기업 (마이크론, SK하이닉스, 도시바, PTI 등)",B
"정부(국토교통부)기관, 지방자치단체(전라남도청, 광주광역시청, 기타시군), 정부투자기관(LH공사, 한국도로공사, 철도시설공단, 한국전력공사, 한국농어촌공사) 등
금융권(은행권), 신탁사 등",B
공기업(환경부 행정안전부 각기업체 등등) 전세계 코트라 수출 파트너 백화점 ,B
"지역 인테리어 업체
관급공사 수주처 
리모델링 공사 희망 소비자 
욕실수리 업체",D
"시행사, 건설사, 지자체, 공공기업
개인토지주, 외주 협력사(토목, 구조, 기계, 전기, 소방, 투시도, 친화경 등)",D
"스타벅스와 SPC
커피 관련 수입업체",A
귀하의 질문에 제가 답하는게 별 도움이 안되겠네요 앞서의 얘기도 주로 국내 관련인데.. 저희는 위에서도 얘기했지만 상대방 나라의 현지 Agent의 관리가 중요합니다,D
"WESTURN DIGITAL,   SEAGATE
MICROSOFT          SYNOLOGY  
SK하이닉스
FUJITSU
ASUS
네이버, 쿠팡",A
"건설사 개발부서,",D
관공서 및 건축주,E
관공서 및 건축주,E
"국가기관 (정부 출투자기관 및 자치단체 등) : 서울시청, 강남구청, 송파구청 등 개발사업 관련
건설회사 : 호반건설, 현대건설, GS건설 등 공사, 개발사업 관련
시행사 (신탁사) : KB부동산 신탁, DS네트웍스 등 개발사업 관련
일반기업 : 한성기업, 동우전기, 우리광고 등 상품기획 관련
재건축조합 : 분양가 산정, 개발부담금, 재건축부담금 관련
법원 : 서울중앙지방법원, 대한상사중재원, 순천지방법원 등 공사대금 사건 관련
아파트 관리소장 및 관리회사 : 장기수선충담금 산정 관련",C
"건설사 자재 구매부서
전문건설시공사 현장소장, 현장 실무기사
가설기자재 생산업체, 물류회사
가설 비계공사업체
물류센타 외주업체(보수, 정리, 포장 등) 직원",E
"건설사 자재 구매부서
전문건설시공사 현장소장, 현장 실무기사
가설기자재 생산업체, 물류회사
소규모 가설비계 공사업체
물류센타 외주업체(보수, 정리, 포장 등) 직원",E
"부동산 개발 업자, 시공사, 신탁사, 금융사, 건축사, 지구단위업체, 관공서",D
"일반 소비자, 해외 바이어
한샘 등 방역 전문 업체",D
"해외 제조사 (일본, 대만)
국내 판매처 :전자제품관련 설계 ,구매 ,자재팀",D
"비데 제조사
전자제품 제조사",D
"대림BNC, 코웨이, 청호나이스 
전자부품을 사용하는 회사",A
"대림바토스
중국COMA,  중국VOGO, 중국 S&J 
KCTECH",B
"세트제작업체 (대림비앤코, 휴맥스, 아사아블로이 코리아 )
그 외 플라스틱 금형/제품이 필요한 모든 개인/업체",A
"수전금구 제조사
요업 제조사
전자제품 제조사",C
"정밀가공이 가능한 가공 협력사
정밀 기어 가공이 가능한 협력사
지속적으로 거래중인 해외 거래업체
오랜 세월 같이한 협력사",C
"생활가전(코웨이,아이젠,대림,이누스,교원,청호,노비타)등
의료기 (트라캠테크놀로지)
매트리스 (팔로모침대,코웨이,쿠쿠홈시스)",C
"삼성전자 외 1차업체
LG전자 외 1차협력업체
현대모비스 
쿠쿠전자 등 중견기업 및 중소기업 약 3,000 곳 이상 유통점",A
"비데 및 욕실용 생산업체
보일러 생산 업체
LED 생산업체
기타",E
"국내외 부품 유통 업체들
중국 생산 및 제조 업체들",E
"각 사의 개발부서, 품질관련부서.
개발 투자 권한이 있는 중역.
C-us ( 전기자동차 충전기 제조사 )",D
"A사, B사
-원자재 개발관련 개발부서, 
 잉크 및 도료 개발부서,
 접착제 관련 개발부서,
 외부 설계 및 프리랜서 개발인력",D
"( 부산 울산 경남에 소재한 협력업체 )
부동산 중계업체(부울경)
LH 공사 (본사 및 부울경 지사)
부울경 지방정부 
토목 전문건설업체
건축설계사무소
인허가 대행업체
건설 시공업체 
전기통신 전문업체 
전문 감리업체
분양대행사 
홍보대행사 
부산은행 
서울자산신탁 
저축은행 연합회
대신자산운용 및 대신증권 (자금 보증 및 대출) ",B
"건설사
건축설계사
건축주
시행사
적산전문업체
주요자재 생산기업
전문시스템공급업체",D
"발주기관 감독관, 시공사 현장소장 및 시공기술자
설계사, 시공협력업체 및 (관급)자재 납품업체, 인허가기관 담당자",E
"한국토지주택공사 등 공공기관의 설계, 감리용역 수주가 가능한 건축설계사무소 
건설사 공공사업팀 및 건설사 자체사업팀 
전기, 정보통신, 소방 설계 감리사무소
공공기관(발주처) 설계팀",D
"KT, SK, LGU+ 통신사
경찰청, 데이터진흥원, 행정안전부, 보건복지부, 과학기술정보통신부 등 정부기관",A
"현대카드
현대캐피탈",A
"한국경제신문사, MBA참여 기업 리서치 법률 자금, 투자, IR회사, 다양한 유통회사",B
"국내 중견, 대기업의 마케팅팀, 고객관리팀, 총무팀, 노동조합 
전국에 분포된 중소 상품판매 유통회사
수출대행사
우수한 상품 개발 및 수입업체
택배사 및 택배 관련 소모품 공급사",D
"주요 기능품(엔진/펌프/트랜스미션 등) 공급 글로벌 업체 (ex: 커민스, 렉스로스, ZF등)
제품 생산 OEM업체 (티씨테크/선진정공 등)
국내외 협력업체 (제관물, 금형, 캐빈, 카운터웨이트 생산 협력업체)",D
"각 건설사 개발팀 및 설계팀
설비업체 사장 및 팀장
자사 직영 대리점",D
"건설사 시공부서, 설계팀, 외주구매팀
페인트 도장업체
금형 제작업체
프레스 가공업체",D
해외 대리점 및 국내외 사업파트너,E
"공공기관 및 지자체
애터미, 지오영 등 유통사 / 판촉사 / 편의점 등
해외시장
보건용 마스크가 필요한 모든 곳",E
"KCC
LG하우시스
중소 제조업체",B
"국내시장점유율 1위 산업용보일러社(귀뚜라미 동광보일러, 국내시장점유율 1위 산업용버너社(주,수국)
  국내시장점유율 1위 LPG공급회사(서일산업(주)) 
LPG 도매사업자
정유사(SK가스, E1, 오일뱅크등)",A
"건설사 설계팀
설계사무소
상수도관련 관계자",E
"전자부품 제조사, 휴대폰제조사, 디스플레이제조사, 5G 안테나를 필요로 한 스몰셀 라우터 업체의 개발팀 및 구매팀
SMT 필요로 하는 모든 업체의 구매팀과 개발팀",C
"삼성디스플레이, 삼성전자, 삼성SDI, 엘지전자, 애플, BOE, 교세라 등",A
"삼성 디스플레이, 반도체 장비 개발 및 SK하이닉스 설비개발.
FPCB Assembly업체 생산팀( DKT, KCI, JMT,삼성전기 )
삼성디스플레이 개발팀 
디지털 프론티어 제조팀 및 영업팀.",A
"대리점 주
KT(모바일,통신), 네이처텍(제조), 유니젠(개발), CJ택배
한국콜마
플라스틱(용기) 제조회사 
OEM 관계사
각종 컨설팅 회사",A
"대림비앤코, 욕실자재 유통점(소매위주)",B
"건설사 시공부서, 현장 소장
설계사무소 
시공에 참여하는 관계 업체 현장 소장
시공 주체 건설팀 및 외부 용역CM 팀",E
"전국 지역별 총판 유통라인
나라별 수출 바이어(중국, 인도, 동남아권...)
홈쇼핑사, 온라인 MD ",D
"매출처 (건설사, 인테리어사, 동종업계 비대리점)
매입처 (본사)",E
"건설사 디자인/설계부서, 구매팀
제조업체(메이커)",D
"광고영상 제작업체
물류회사, 욕실 생활용품 제조 및 판매회사
대형 쇼핑몰",D
"욕실자재 생산기업
건축자재 유통기업
종합인테리어 기업",D
"국내 총판 및 파트너사(대리점)
이노비즈협회, 하이서울기업협회, 한국건축사협회, 한국건축구조기술사회 등 다수의 협회
당사의 제품을 도입한 모든 기업, 기관, 학교",C
"세무사, 노무사 등",D
"제품을 공급해 주는 메이커 태영세라믹
제품을 구매해 주는 건설사 및 설비회사",D
"건설회사 영업팀&설계관리팀
설계사무소
공공발주처
전문용역 아웃소싱회사 (소음 영향 평가, 교육환경 영향평가 등 )",D
"국내금융사 : 신한, 국민, 우리, 기업, 하나은행 및 지방은행, 신한생명, KB증권, 신협, 삼성화재, 라이나생명 등
공공기관 : 법원행정처, 대법원 등",A
"매입처 : 위생기구 / 수전류 / 악세삿리류 제조업체 외
매출처 : 건설사 / 인테리어업체 / 오픈마켓",D
따로 정해져 있지는 않음,E
"설계사무소
건설사
지차제 공무원",D
특수자동차 제작사입니다,E
"한국 및 미국의 Engineering Parts 판매 회사
외주가공 회사(머시닝, 클리닝 등 외주 가공 업체, 클린 룸 제조 회사)
물류 회사 및 해운 회사
고객사의 승인 된 부품을 파는 지정 업체",D
"시행사(물류센터 개발 담당 임원 및 팀장)
건설사(각 건설사 본사 임원, 외주, 건축팀장, 현장소장)
설계 및 감리(각 사의 건축자재SPEC.결정부서)",D
"직납거래처(예, 씨제이제일제당, 오뚜기, 대상 등등)
대리점 거래처
생산자단체
소비자 단체.
내부직원",E
"직납거래처(예, 씨제이제일제당, 오뚜기, 대상 등등)
대리점 거래처
생산자단체
소비자 단체.
내부직원",A
"자동차 OEM 및 시트 제조사 설계, 개발, 생산, 구매팀
자사 외주업체",D
"건설사 개발 및 영업부서, 공사팀, 상품설계 및 디자인, 견적팀 등
신탁사(한국토지신탁, 대한토지신탁, KB부동산신탁 등), 증권사(메리츠, IBK, 대신, 동부, 교보 등)
공공발주처(한국토지주택공사, 서울주택도시공사, 지방주택도시공사, 한국산업단지공단, KINTEX 등)
시공소장 및 시공기술자
설계사무소",B
"금형제작사
프레스물 제조사 (덕영정밀/대동테크/삼성테크 외)
원자재공급사 (포스코)",B
"공공발주처
민간발주처(재개발/재건축 조합 등)
금융기관(자금조달)
각종 협력업체",C
"매입처
인도 중국 스웨덴 호주 제조공장
국내 전문적인 제조공장 및 AS 공장
매출처
건설장비소유업체  및 기능공",B
"엑스큐어넷 – 삼성그룹 전체에 자사 장비 납품
현대오토에버 – 현대차 전체에 자사 장비 납품
콤텍시스템, 쌍용정보통신, 대신정보통신 등 – 국가기관 납품
SK인포섹 SK그룹사 납품 
넷케이티아이 – KT 프로젝트 수행
포스코ICT – 포스코 그룹 프로젝트 수행",A
"해외 BT Provider
주요 거점별 유통채널
ODM partners
OEM makers
outside Supporters
overseas Project partners",C
"롯데, 농심 등 오프라인 대형유통업체
11번가 쿠팡 등 온라인 대형유통업체",A
"펀드를 판매해 주는 각 판매채널의 금융상품팀(은행 등의 금융상품팀이 각 운용사 등의 상품을 조사하고 분석하여 동 은행 내 각 영업점에서 판매할 수 있도록 Line-Up을 해주는 역할)
연기금 대기업 등의 자금배분 및 집행 책임그룹
신탁업자(은행),  사무관리회사(펀드Operation), 평가회사, 금융감독당국 등",C
공공기관 및 개인 및 기업의 사업가 및 개발자를 선호한다 ,E
"건축설계회사, 건축감리회사, CM 회사, 건설회사
시행회사, 공공 발주처 ",D
"건설사, 타일 단종 업체
대리점
기계설비업체
원자재 납품업체",D
"공공기관(대법원, 우정사업본부, 경찰청, 보건복지부 등)
LGCNS, 쌍용, 대우 등 개발 협업을 이룰 SW개발회사 등
LG U+, LG전자 등 기업",A
"시스템 유지보수(금융기관)
업무 응용S/W 시스템 구축(회원사, 중, 대형 시스템SI업체)",C
"생산공장
바이어",E
"금융감독원, 기술보증기금, 신용보증기금 등 정부관련 기관
LG CNS 등 IT 기반 시스템 구축 업체",D
"LH등 공공입찰관련 회사
각 공정별 협력업체",D
"당사는 IBM, 레노버 등 IT기업의 비즈니스 파트너 수행",B
"OEM 업체 : 우유 제품의 생산 능력 초과시 OEM업체와 협업(외주사)
-	Seoul F&B / 데어리젠 
단입 우유곽부터 2입이상 제품을 감싸는 포장지 개발 업체(900ml 2입 등) 
-	S.H 실업, 동성실업 등
판매 : 전국 대형마트(이마트, 홈플러스, 쿠팡 등)",D
"설계사
분양대행사
시공사",D
"건설사 마케팅부서, 조합장, 시행사대표 등",D
"시스템 인프라 제안을 위한 시스템 벤더사 (IBM/DELL / HP/ 히다찌) -H/W판매 파트너쉽
소프트웨어 개발을 위한 S/W벤더사 (오라클/마이크로소프트) 협력 파트너쉽
연구과제 수행을 위한 생산기술연구소/기계연구원등 연구기관",D
"이동통신사 (KT), 건설사",B
"건설사 개발부서, 원가혁신팀, 설계팀
공공발주처(한국토지주택공사, 서울주택도시공사, 지방주택도시공사)
직영대리점 및 유통대리점
자재 및 원료 공급업자, 중국 OEM 회사, 수입대행사",C
"건설사 개발부서, 원가혁신팀, 설계팀
공공발주처(한국토지주택공사, 서울주택도시공사, 지방주택도시공사)
직영대리점 및 유통대리점
자재 및 원료 공급업자, 중국 OEM 회사, 수입대행사",D
"건설사 개발부서, 원가혁신팀, 설계팀
공공발주처(한국토지주택공사, 서울주택도시공사, 지방주택도시공사)
직영대리점 및 유통대리점
자재 및 원료 공급업자, 중국 OEM 회사, 수입대행사",D
"치과 기자재를 공급하는 수입회사 및 제조사
치과의사 및 병원 관리 스탭진",E
"설비, 타일, 전기, 소방, 도장, 간판 등 각종 인테리어 관련 시공사
컴퓨터 전문회사
TJ미디어, 금영, 서명전자 등 음향기기 전문회사",D
"건설사 상품개발팀, 주택사업팀, 실내건축팀
금속시공 협력 업체 및 금속 상품 제조회사
리모델링을 원하는 일반고객사",D
"협력업체 
가공품 생산업체
외주 조립업체
부품 생산업체",C
"기업 입찰 외주 제작사, 롯데슈퍼, 공터영어, 개인기업 등등",E
"재건축. 재개발조합 및 관련 시행사
민영건설사 원가팀, 외주팀
공공발주처(조달청, LH공사, SH공사)",D
"공공발주 : 조달청, LH공사, SH공사, 각 지방정부의 공사, 지자체, 중앙정부 등
시행사 : MDM, 신영, 인창 등 시행사
시공사 : 현대건설, 삼성물산, 대림산업, 대우건설, GS건설, 롯데건설
대기업 : 롯데쇼핑, 신세계, 이마트
재건축 조합, 재개발 조합
기계, 전기, 토목 설계 협력 업체",A
"한국생산기술연구원
제품안전원",A
"통신사(LG, KT, SK)
IT 기업(IBM, HP, DELL)
보안업체(AGATE, Watchguard, 안랩)",A
"위생도기, 타일 등 제조 메이커
LH공사, SH공사, 주무관청 등 관급공사 주체
민간 건설사군",A
"분야별 과목별 전문강사(개인사업자)
교재 디자인 및 제작업체",D
"감사고객 : 현대로템, 넥센 등 100여개 상장사와 일진그룹 등 1,200여개 비상장사",A
"영업대리점
시스템 개발 회사
유치원, 초등학교, 체험관, 쇼핑몰
캐릭터 사업자
콘텐츠 개발회사
터치스크린 하드웨어 제작 회사",D
"방송사
이동통신사
SI사업자
공공기관",C
"발주처의 발주 부서
(공공 : 조달청 등 각 중앙 및 지방단체의 조달부서
민간 : 기획부서, 유지관리 부서, 부동산 팀, 프로퍼티사)
협력사 : 기계, 전기, 소방, 구조, 토목, 조경 설계사",D
대형 유통업체,D
"설비회사, 구매부, 발전소 등 고객
OEM제조회사
회사별 설비운영팀",D
"개발 샘플 제작 업체
금형 제작 업체
부품 공급 업체
위생도기, 비데, 물류회사, 설치 및 A/S회사
판매 대리점 및 영업 딜러 회사",D
"O.E.M , ODM 사 및 해외 수입파트너
당사의 금형개발, 주조, 연마, 도금공정의 외주 협력사 및 원부자재 구매처
전국 건축자재(수전금구)판매 대금",D
"건설사 외주구매팀, 건설사 설계팀, 설계사무소, 프로그램 유저, 시공사, 시행사",D
