핵심활동,label
"좋은 디자인
경쟁공모 프로젝트 당선
인허가 기간 준수 및 단축",C
"국내외 관련 전시회 출품을 통한 제품 소개 및 회사 인지도 확대
영업인력을 활용한 선진 기술의 소개 및 제품의 제안
고객사의 고기능 고신뢰성 제품 생산을 위한 기술 지원",B
"관공사, 시행사, 건축주 등 목표고객과 공정 협의를 통해 현장 시공",C
" 산업안전보건법에 명시된 기업의 근로자를 위한 작업환경측정용역 대행업
 산업안전보건법에 명시된 기관석면조사업
 석면안전관리법에 명시된 건축물 석면조사업
 석면안전관리법에 명시된 비산석면농도측정업
 산업안전보건법에 명시된 공기질석면농도측정업
 석면안전관리법에 명시된 석면감리업
 기타 산업안전보건법에 명시된 산업안전보건과 관련된 컨설팅사업",A
"건설사, 시행사, 등 목표고객에게 신제품 제안
생산 협의를 통해 적시에 생산하여 제품 공급
고객의 니즈를 파악하여 지속적인 유대관계를 유지, 제품에 반영
신제품 개발을 위해 영업부, 디자인연구소팀이 협의하여 영업 활동",C
"지속적인 허가를 통해 사업의 영속성 확보
기존 거래선의 지속 유지 및 신규 거래선 확보",D
"고객의 가치구분으로 기간별, 횟수별 TM,DM 영업
고 부가가치 확보를 위한 고급 브랜드, 고급 제품화 개발 및 홍보물 제작
제품 다향성을 위한 재질 다각화 모색
수시로 고객 needs 확인",B
"당사 영업팀에서 파악한 고객 니즈로 신규 금융상품 개발
벤더 영업을 통한 신규시장 진출 및 금리 요구조건 충족
빠른 대출 심사와 대출 실행을 바탕으로 추가 거래 유도",B
"건설사, 시공사와의 지속적 유대관계유지를 통해 시공방법 변경 등의 상황을 발빠르게 대처하고 신제품 개발에 노력",D
"시장 트랜드 조사 및 제품 전략 수립 활동
제품 기획 및 개발 활동
상품 홍보 및 마케팅 활동
공급 채널 확장 및 강화 활동
채권 안정화 관리 및 회수 활동",A
"기술영업이 가능한 영업인력의 전략적 Promotion 및 고객관리
기술영업 인력의 선제적 지원을 통한 고객지원 향상
연구소 개발견적의 적정성을 통한 고객 가치 향상
연구소 엔지니어의 기술 다양성 확보를 통한 고객 대응력 강화
개발 납기 및 제품공급 납기 준수를 통한 고객신뢰 확보",A
"시행업체 및 시공업체의 발굴
시행업체 및 시공업체의 인맥을 통한 정보 파악
제안서 작성 (다른 업체와의 차별성 홍보)
이업종 교류를 통한 건설사 소개받기 및 건물주 소개받기
이업종 자재 공급 업체를 통한 소개받기
원활한 자재 공급 및 현장의 니즈에 맞게 소리 없이 조용히 깔끔하게 
가격 저렴하고 일 잘하면 그냥 고객이 몰려와요",B
"학교급식센터 납품선정을 위한 평가표 이상 없도록 원산지 이력관리, 위생관리, 식품위생법, 품질관리를 잘 한다",C
4번질문에 대한 답변과 동일함,E
"유통회사의 생존의 기본은 품질 좋은 상품의 지속적인 발굴을 통해서 제품이 보편화 되기전에 고부가로
 판매를 하는 것이 핵심. 계속적인 제품 소싱과 현재 제품의 다양한 패키지화를 함.
마켓팅 비용의 절감을 위하여 지속적으로 비즈니스 관련된 모임, 회의 등에 참석하여 인적네트워크를 통한
 관계망 형성으로 판매의 성공율을 높이는데 주력하면서 비즈니스 방향도 B TO C에서 B TO B로의 확대에 관심을 두고 활동.",B
"중소기업 재무분석
중소기업 자금조달 계획 및 조달프로세스 제안
각종 인증서 신규 및 발급
기업부설연구소 설립 및 관리
정부지원금 신청내용 및 절차 지도
창업자 사업계획서 지도",B
"IMG 자체가 브랜드로써 후원사들의 신뢰를 받고 있으며, 자체 연계되어 있는 타 그룹들을 후원사들에게 소개해주고 추가적인 베네핏을 받을 수 있는 기회를 제공합니다.",D
기존 사용 원료 대비 저렴한 원가 및 풍부한 물성이 나오는 제품 추천 및 발굴,C
"타일 트렌드 정보 획득을 위한 시장조사 (해외출장 및 국내시장)
시공자가 선호하는 경향파악(타일규격 및 부자재 등)
수입원(중국 및 국내제조사)의 정책방향 파악 (단가정책 및 생산가능 제품 등)
영업력 증대를 위한 직원교육 (타일전문지식 및 건축경기 동향 등 시장흐름)",A
"제품 공급 기회 확보 및 경쟁적인 견적 제출
설치 공사 기회 확보 및 경쟁적인 견적 제출
노후화된 시설을 보유하고 있는 고객을 방문하여 성능 개선 혹은 문제점 해결 방안 작성 제시",B
"방송장비 제품 개발(시스템과 소프트웨어 개발)로 조달 시장에서의 선점 효과를 노림
Operation Instalation (제작, 설치 ,운영, 교육, A/S)을 통해 고객과 지속적인 관계를 갖음 ",C
"고객의 니즈를 정확히 파악, 대출한도 및 금리등 고객 맞춤 서비스
신규고객 창출을 위한 꾸준한 홍보활동 및 직원들의 전문성 강화",C
"적기 공급을 위한 창고운영 노하우를 극대화
적절한 인원 운영을 통한 효육극대화
재고관리, 입출고 배송 관리의 효율화를 위한 현장 직원 역량 강화",C
"기존고객 : 신규현장 파악 및 현장 선도적 방문 영업,  
협력업체 지속적 유지를 위한 활동 및 프로젝트별 입찰참가
신규고객 : 인맥 및 무작위 방문 영업
메이커의 신제품 개발시 메이커와 기존 및 신규 거래선 공동영업 : 공기절감, 친환경요소등
신규 아이템 지속적 개발",C
"모델하우스 및 리모델링 사전 영업을 통한 주택 욕실 설계 제안
설계 반영을 위한 도면을 건설사, 설계사무소, 시행사 제안 영업
당사 영업팀에서 파악한 고객 니즈를 제품개발팀에서 기술 개발을 진행하여 특허 등록
기존 거래를 하고 있는 목표고객에서 신규 프로젝트 진행에 필요한 협의 요청시 당사 영업팀에서 대응 활동",B
"안정적이며 지속적인 매장관리를 통해 고정적 보장 수익금 발생으로 고생한 만큼 보상 받는다는
 인식을 심어줘 신규점주 소개 또는 관심대상 창출을 기대,
지속적인 신메뉴 개발로 노력하고 앞서가는 브랜드로 인식
메뉴개발로 인한 지속적 원가절감으로 본사나 가맹점 모두 수익금 up
정년퇴직 및 직업전환 예정자를 지속적인 사업설명회나 광고로 신규매장 창출",B
"품질관리 활동 : 생산, 제조업체 관리
브랜드 관리 : 오프라인 점포 컨셉 유지
       지속적인 콘텐츠 제작, 배포
CRM 활동 : 포인트 카드 제도 운영
로열 커스터머 특전 제공
지속적인 제품개발 : 신제품 개발 
신규고객 확보가 가능한 딜러 활용",A
"고객사의 요구제품 파악 및 협업을 통해 제품설계에 반영
모델하우스 설치 제품에 대한 최종 소비자의 평가 및 반응 데이터 조사(수집)
납품 기간을 미리 파악함으로써 고객사의 공기지연 방지 및 수시로 설치 상태 확인
하자 발생 시 7일 內 해결하는 것을 목표로 지속적인 확인
우수 적용사례 타 고객 홍보 및 적용",A
"인맥을 통해 연락이 온 고객에게 집중영업
기존 거래처의 포장작업보다 효율적인 방법 제시
납품 기간을 미리 파악하여 납기일 준수
보다 경쟁력 있는 단가의 제품 제공",D
"가장 ERCO 제품의 사용량이 많은 미술관 & 박물관의 기존고객을 유지하고, 신규 고객 유치. 
ERCO를 사용하는 미술관, 박물관 현장이 점점 포화상태로 감에 따라 건설사 영업을 시작.
디자이너들이 좋은 조명을 편안하게 제안할 수 있도록 다양한 데이터 및 서비스 제공.
미래의 고객 유치를 위해 다양한 교육 프로그램 진행.",A
"모임과 단체활동으로 인한 관계유지
광고와 인맥을 통해 연락이 온 목표고객에게 영업활동을 한다",E
"다양한 소비자 니즈를 충족시키기 위한 지속적인 친환경 제품 검색 및 소싱
소비자의 구매 가능성을 높이기 위한 제품별 적정 마진의 판매가 책정
판매 상품 홍보를 위한 일일 인스타그램 게시물 작성
상품 재고의 적정선 유지를 위한 일일 재고 파악 및 발주
잠재 고객의 자사 인스타그램 팔로우 유입을 위한 환경 관련 소식 전파
정보 획득 및 협업을 위해 동종 업계 대표님들과 지속적 유대관계 유지
매장 유지 및 제품 사입을 위한 자금 확보
청결한 매장 유지 관리",A
"목표고객과 공정 협의를 통해 적시에 현장 시공
광고마케팅후 연락온 목표고객에게 영업활동
기존 거래하고 있는 목표고객에게 주기적 영업활동",C
"심사숙고하여 입찰진행
온라인 마케팅",C
"내부 엔지니어 양성을 위한 조직구성 및 육성
제품에 대한 Study 및 내부 Test를 통해 기술에 대한 숙지
영업활동을 통해 고객 Needs 파악 및 제안
수의계약을 통해 제품납품 및 프로젝트 진행",B
"장치산업의 특징을 그대로 갖고 있으며 효율적인 설비운영을 통한 가동률 제고가 가장 중요하며, 이를 위해 당사의 소각로 타입에 적합한 성상의 폐기물을 반입하도록 영업전략을 세우고, 소각로 투입이 용이하도록 전처리 작업을 원활히 하는 것에 초점을 둠. 특히 환경산업은 인허가 산업이며 규제가 매우 까다롭기 때문에 규정을 위반하지 않도록 철저한 공정관리가 매우 중요함",C
"시즌 이슈 및 고객 분석을 통한 피부고민 솔루션 제공
일반 화장품 및 의료기기 접목을 통한 솔루션 확대 및 피부 분석 솔루션 개발
세분화된 마케팅 전략을 통한 고객 타겟별 차별화된 상품 공급
중국 내 체계화된 현지 유통망 개척 및 지속 확장",B
"이탈리아 회사에서 가공한 천연면피 가죽을 통한 질 좋은 소파 제작
타 브랜드와는 다르게 가죽에 원목을 접목시킨 원목소파 제작
가죽 방석이 탈부착 되는 분리형이라, 가죽방석만 교체하면 반영구적으로 사용 가능",C
"브랜드 를 이용한 건축물의 신뢰도 확보 및 경제적 상승요인
건축물의 품질우수, 하자보수 신속하게 처리하는 입주자들의 입소문
원가경쟁력을 통한 수주",C
"구매 생산공장별 생산 forecast 파악
경쟁품목 판촉을 위한 캠페인
POS 시스템을 활용한 적정재고 구매 유도
대체 상품 제안 활동 ",C
"임시전력 및 예산작업
지속적인 관계유지",E
"브랜드를 가지고 있는 모든 유통회사들과 마찬가지로 브랜드를 알리는 것임.
 당사는 30년가까이된 모회사인 ㈜세원아이티씨와 ㈜브라이언앤데이비드는 해외명품브랜드를 선글라스와 안경테를 수입하여 국내 유통하는 회사로서 과거 국내매출의 50%가 넘는 비중을 차지하고 있었으나 이는 타 브랜드를 홍보하여 수익을 발생시키는 것이라`
 8년전 “VEDIVERO”는 브랜드를 만들어 많은 모델료와 홍보비를 지출하여 브랜드를 알려왔으며, 향 후에도 제품의 퀄리티와 브랜드이미지를 높혀 국내 및 해외 명품브랜드로 발돋움하는 것임..",C
"수입한 브랜드의 인지도를 높혀 매출을 극대화 시키는 것임..
당사는 30년가까이된 모회사인 ㈜세원아이티씨와 해외명품브랜드를 선글라스와 안경테를 자사가 디자인하여생산의뢰 후 수입하여 국내 유통하는 회사로서 과거 국내매출의 50%가 넘는 점유율을 갖고 있었음.",C
"가망고객사의 기업조사를 통한 현황파악 및 니즈파악
광고집행 이력조사
마케팅 효과를 높이기 위한 컨설팅 작업.
기존 거래처 핵심인력과의 네트워크 유지.
자동차 업계와 관련된 국가정책방향 확인 (청와대발표, 언로보도, 자동차 관련 포럼 등을 통해)
광고상품 기획
파생 가능한 신사업 기획.
내부 인력관리 (자발적인고 체계적인 업무 인수인계가 가능한 역량확보 및 인성교육 중점)",A
"보안 시스템 구축으로 고객(정부, 기업, 개인)의 개인 정보 보호
마케팅 시스템 구축, 인재 발굴, 교육 등을 통해 고객의 목표 지원 활동
기업 및 개인에 맞는 상품 개발 및 선정하여 고객의 필요 사항 충족
고객의 재무 이외 비재무적 활동도 지원
마케팅 이후 사후관리 활동",B
"고객사의 상담 요청이 접수되면 재무자료 등을 먼저 요청하여 사전 검토 후 약 2회에 걸쳐 대표이사 및 주요 경영진과 상담 후 고객사의 요청하는 업무내용과 향후 3개년의 사업 계획을 검토.
기업의 기술적인 지표(특허권, 기술인증, 연구소 등등)와 재무지표(재무지표의 개선점, 향후 가결산 시 참고해야 할 사항, 개선되어야 할 지표 등), 인사, 노무, 경영환경 등을 검토 후 기업에 대한 경영평가를 수행하여 분석하고 기업을 진단.
경영진단 및 자문 계약을 할 경우 최단 1년~최장 3년 간의 로드맵을 수립하고 실행단계 별로 지도, 코칭을 진행.",B
"지속 가능한 비즈니스 모델 제안  라운지 서비스 , 정기 구독 서비스
고객의 규모와 예산에 맞는 맞춤형 관리  대형 고객사는 전담 매니저 배치
핵심 제품들은 유럽의 규정에 맞게 자체 생산하여 판매
그룹의 오랜 관리 방법을 전세계 지사에서 공통적으로 운영하여 관리",B
"금융회사 선도기업으로서 국가 경제발전에 이바지하고, 우량기업 발굴 및 지원, 종업원들의 각종 금융지원, 
우량 개인사업자 및 우량 자산가의 유치로 고객은 자산 보호 및 증대, 은행은 수익 창출 및 고객 자산 보호",B
"꾸준한 기술개발을 진행하며 제품군 확장 
거래처들과의 협업을 통한 제품 업데이트 
열에너지 관련 섹터에서의 기술 및 연구 자문 팀으로 활동 ",C
"회계감사 : 상장사 및 비상장사, 세무조정
Private Accounting : IFRS, 내부회계시스템 등 회계시스템 구축, 기장업무
M&A 자문 : 인수자문 또는 매각자문
평가 : IFRS 등의 회계기준에 따라 요구되는 투자자산 (종속회사 주식, 전환사채 등) 또는 파생상품 부채 등에 대한 평가
실사 : 대상회사에 대한 손익, 자산 부채 현황, 현금흐름 및 현금 창출능력 등을 실사하여 대상회사에 대한 정확한 판단 및 관련 리스크 파악
재무진단 : 각종 관청/공기업 들이 요구하는 서류 작성
전략 컨설팅",A
"각 테마별 활동
 1) PI (제품 이노베이션)
 2) SI (판매 이노베이션)
 3) FI(설비 이노베이션)
 4) QI(품질 이노베이션)
 5) OI(수평전개 이노베이션)",B
"경제적 가치 활동: 지속적인 성장과 시장경쟁력 확보를 위한 판매채널 혁신
신계약 가치증대를 위한 보장성 보험 확대 전략 및 FP정예화 및 전문화
 미래성장 동력 가속화를 위해 2030세대를 겨냥할 수 있는 유연하고 스마트한 조직구조 시스템 구축
고객 및 회사의 보호를 위한 장기 안정적 운용, 위험을 고려한 수익추구, 적정 유동성 관리의 자산운용
 ESG의 관점에서 환경요소를 고려한 투자 및 SOC의 공공성과 사회성을 지닌 투자
 차별화된 종합자산컨설팅을 통한 부유층 시장 공략
 적극적인 현장 중심의 업무지원 및 고객중심의 계약관리를 통한 고객가치 창출",A
각종 채널을 활용한 대출 및 예금고객 확보,D
"매번 계절에 나오는 신선한 야채와 식자제로 다른 음식점과 달리 차별화하여 
식단은 준비하여 좀더 나은 음식을 제공하는 것",C
"사전영업 활동을 통한 발주처의 니즈 파악
기술 개발을 통한 당사만의 강점 강화
최초고객의 원활한 관계 형성으로 제 2, 3의 프로젝트 계약 성사
브랜드 이미지 상승을 통한 잠정 고객 확보
공기지연 방지 및 사고Zero을 통한 수익 창출 극대화",B
"품질 관리로 하자 없는 상품 생산
사후 A/S서비스",D
"보험대상자 보험사고 발생시 그에 대한 상담후 손해액 산정, 진행방향 안내
본인의 장점 및 약력, 실제 보상사례를 통한 신뢰감 구축",C
"다양한 물류 유통 서비스와 보유하고 있는 영업용차량(1톤 냉동 탑차, 대형차량 등등) 및 영업용 넘버 판매와 배송기사 채용
대한통운, 한진물류등 대형 유통사와 협력관계 유지",C
"가망고객 발굴 >TA > Approach (Fact & Feelings Finding)> Presentation & Closing>
소개>증권전달>고객관리 총 7단계",B
"고객 관리 및 A/S 
원가절감을 통한 경쟁력 제고
생산기술 공동개발
특화된 규격화된 제품으로 시장 지배력 강화
해외 기술 및 장비 기술 소개
높은 자체생산비율(90%)",B
"건설 허가청과 유대를 통한 유용한 정보 사전 확보
건설사, 시행사, 건축주 등 지역사회 애로사항을 파악하고 해결을 통한 하도급 계약
사업영역 확대를 통한 투자 시너지 창출
협력업체와의 통반자관계 유지 및 네트워크 마케팅",C
"초기 설계시부터 설계 사무소의 커튼월 컨설팅을 통해 제품을 홍보하고 당사만이 가능한 스팩으로 입찰전에 미리 작업함.
시공 후 하자 보수에 대해서는 시공팀과 사후 관리팀이 적극 개입하여, 고객의 불만을 최소화하고, 당사를 불량 없는 회사로 각인시키기에 노력함",C
"사전에 현장을 파악하여 고객의 요청이 들어왔을 때 발빠르게 대응이 가능하도록 함.
고객의 니즈를 파악하여 제품 개발 및 디자인특허 및 제품특허 등록
당사 영업부 및 관리부에서 주기적으로 현장에 연락을 취해 공기파악, 제 때 제품 납품을 진행하며, 현장의 여건에 맞춰 제품 수정하는 등 현장에서 어려움을 최소화함.
고객에게 주기적인 방문을 진행하여 새로운 제품 소개 및 영업활동 진행",B
"신규 영업에 목표 사업을 지향합니다.
입찰과 수의계약 활동
기존 거래처 유지와 유대관계 유지",D
"입찰 제안 및 현상설계를 통한 신기술 및 신공법, 디자인 제안
고객 니즈를 분석하여 목표 사업의 성공적 완수 및 사업이익 극대화 제공
기존 거래를 하고 있는 목표고객에서 신규 프로젝트 진행에 필요한 협의 요청시 당사 대응 활동을
  통해 고객과 지속적 유대관계 유지
항공우주산업 등 미래가치 사업에 지속적 지원 활동",A
"영화관: 차별화된 플랫폼 확장 및 관리, 프로모션
영화제작: 유명 감독, 주요 제작사 작품 계약, 제작 지원
드라마제작: 우수 작가, 제작사 작품 계약, 제작 지원
신사업: OTT시장 진출, 신사업 모델 개발
비용/원가절감: 신축 영화관 공사비 절감, 고정비(임대료, 관리비, 인건비) 절감",A
"거래 업체 및 현장에 대한 담당 임직원의 온 오프라인 영업활동으로 거래처와의 유기적인 협력 관계 형성
제조사(KCC/USG BORAL)와의 구조체에 대한 지속적인 연구개발",C
"거래처 방문 및 공사현장 방문을 통한 수요개발, 성능개선, 제품제안
OEM제품의 사용현장 방문을 통한 기술지원
신규거래처 방문 기성제품의 개선 요구사항 청취 및 제안
해외진출사업(인도네시아 현지 공장 기술, 생산, 영업지원)",B
"거래처 방문 및 공사현장 방문을 통한 수요개발, 성능개선, 제품제안
OEM제품의 사용현장 방문을 통한 기술지원
신규거래처 방문 기성제품의 개선 요구사항 청취 및 제안
해외진출사업(인도네시아 현지 공장 기술, 생산, 영업지원)",B
"설계사무소 적극 영업호라동
납품실적으로 건설사 홍보활동
납품현장 드론 촬여으로 현시감과 실현 가능성 홍보
3D모델링 서비스로 차별화전략",C
"신제품 개발 과 지속적 업데이트로 고객만족실현
고객에 적합한 서비스 제공을 통한 편의성 제고
지속적인 신규고객 유치",C
"시장조사
소비자트랜드조사
신제품개발,특허출원",C
"온라인컨텐츠 기획 및 소싱 활동
자사 및 타사 플랫폼 위탁운영
타 채널 발굴 및 입점 제안을 통한 판매
마케팅전략 수립 및 실행
상품,컨텐츠 및 고객관리",C
"주 거래처의 신롸를 바탕으로 한 유대관계 유지 
에너지절감을 이용한 시스템으로 제안 영업
인맥을 통한 거래처 확보",C
"1. 고객과의 성실한 상담 → 기록 및 증거 검토 → 기록 및 증거 검토 결과를 바탕으로 고객에게 법률적 해결 방안 제안 → 적극적인 소송수행 
위 업무 과정 중 어느 하나 소홀히 할 없음
2. 자문회사에 대하여는 지속적인 소통으로 법률문제를 사전에 예방(계약서· 공문 검토, 내용증명 발송 등을 통하여)",B
"공개 경쟁설계 (현상설계)를 위해 우수한 작품 창출.
우수한 작품 창출을 위한 인재육성 및 현세대에 맞는 디자인과 공간 연구.
수익원의 다변화를 위해 건설사 및 지자체의 사업 정보 확보",C
"고객에 대한 지속적인 유지보수 활동
고객, 광고, 인맥을 통한 영업활동",D
"연대보증인이 포함된 경우 직접 방문 (지점에 내방하여 서명하는 경우가 많음)
증권 발급 횟수가 증가하거나 유효 보증 잔액이 증가할 경우 한도 거래 안내
  (정해진 금액을 한도로 정하여 증권 발급 가능)
공공 및 정부기관 각종 지원금 사업 설명회 참석하여 보증보험 안내
인맥을 통해 소개 받은 고객에게 지속적으로 유대관계 유지
각종 공모 사업의 입찰,계약,선금 등 보증서에 대한 사항을 확인하여 계약자에게 안내
계약자 및 피보험자가 지속적으로 증권 발급이 가능하도록 파생되는 계약 및 상품 안내",C
" 국내 = 당사 제품의 신뢰를 바탕으로 재구매 및 소개 통하여 찾아 오는 고객 
 해외 수주 활동 =agent 와 협업, 해외법인 을 통한 고객 관리 및 수주 활동",C
"1.본사와 협약하여 상생방안 자체 개발
2.직원의 직접동기 
3자사거래시 식자재에 관한 모든것 해결가능",D
꾸준한 디자인 향상을 위한 우수인력확보와 사내 분위기조성을 통해 성과물 완성이 곧 성공적인 비즈니스로 이어이지는 순환 구조입니다,D
"“도전과 혁신을 통해 새로운 성장동력을 확보하고 미래금융 선점”
고객중심의 디지털 혁신으로 NO.1 금융플랫폼을 만들자
스타뱅킹과 M-ABLE, 리브메이트 등 그룹의 대표금융 APP은 고객중심의 디지털 혁신을 통해 각 플랫폼의 역할에 맞는 특화된 종합금융플랫폼 구현
데이터 기반의 고객, 상품, 채널의 혁신을 통해 빅테크사와는 차별화된 종합금융솔루션을 제공하고 AI 및 머신러닝 기술을 활용한 개인 맞춤형 상품과 서비스토 제고
비대면 채널과 대면 채널을 유기적으로 연결하는 SEAMLESS한 고객관리체계를 수립하고 OMMI채널 관점의 통합 고객관리를 통해 마케팅 체계를 더욱 견고히",A
"나라장터나 LH공사, 지자체에서 발주하는 사항을 면밀히 파악하여 적정 가격에 입찰",D
인맥 관리,E
"건축 허가청과 유대를 통한 유용한 정보 사전 확보
변화하는 아파트 트랜드를 최대한 반영하여 최신 아파트를 제공함으로써 고객만족에 기여
파트너와 주기적인 협업으로 동반자관계 유지",C
"전국 지역주택조합의 어려움을 파악하여 당사와 협의하여 문제해결 방안모색
공공 입찰 지속적인 참여",C
"발주청과의 유대를 통한 정보 사전확보
사업영역 확대를 위한 영업력 확보",D
"자동차사 등 주요 고객사에서 요구하는 제품(강종)의 성분/품질/납기 스펙을 준수하기 위한 생산/품질설계,
  양 제철소에서의 생산활동 및 납품
양질의 철강제품 생산을 위한 원료구매/조달, 생산 관련 프로세스별 설비 운용 등
당사의 (타사 대비) 특화된 강종 제품에 대한 기존/신규 고객사 대상 제안 영업
당사 제품의 가치사슬 상에 존재하는 모든 이해관계자(고객)를 대상으로, 고객이 필요로 하는 내용 또는 고객에게 새로운 가치를 제안할 수 있는 내용에 대한 신강종 개발, 2차 제품 개발, 각종 기술/인증 활동
  ex) 강건재 내외장재 가치사슬 예시) 포스코 → 컬러강판사 → 패널제작사 → 건설사/설계사 → 발주처
     * 컬러강판사 대상 : 컬러강판용 베이스 소재의 품질/납기 준수 납품, 당사 네트워크 활용 컬러강판사의 가전사/건설사 대상 수주 지원 활동 등
     * 패널제작사 대상 : 신규 강종/컬러강판 소개 또는 신규 패널제품의 선행디자인 제안(디자인솔루션)으로 해당 고객사가 당사 제품과 당사의 컬러고객사 제품으로 영업할 수 있게 지원
     * 건설사/설계사 대상 : 당사재 기반 고객사 제품에 대한 기술/성능 홍보, 프로토타입 제작(가능성 제시)",A
"모임과 단체활동으로 인한 관계유지
광고와 인맥을 통해 연락이 온 목표고객에게 영업활동을 한다",E
물품의 내용과 특성을 완벽히 이해하여 이상없는 운송 입니다.,E
"고객의 니즈 파악
건축중 계속적인 상담
기존고객 만족을 위한 CS팀 운영",C
"각 지자체별 지역적 특성 감안한 도로안전시설물 제안
나라장터 종합쇼핑몰에 현장별 다양한 제품 등록하여 고객니즈에 따라 유연하게 대처
각 지역별 영업지사를 통한 거래처 확보
디자인팀을 운영하여 고객이 필요시 디자인제안 및 제품개발 적용",B
각 수요처 별 시방 및 규격을 확인하여 국내생산 및 수입업체 섭외,D
각 수요처별 필요물품을 파악하여 제품수입 및 국내 생산처 확보하여 제품 공급,D
"수입의료기와 국내의료기의 품질확보 및 관공서, 보건소 의료기제품 제안",D
고객 서비스 만족,E
"뉴노멀 언택트 시대 새로운 공공 서비스
혁신적인 제품과 업종별 솔류션",D
"최첨단 검사장비 개발(디스플레이, OLED)",D
"신규택지지구 가스공급 배관 신설
노후배관, 정압시설 보수
고객서비스센터 운영",C
"기존에 가지고있는 보험 보장분석
모자란 보장 제안 및 설계
생애설계 및 연금 보장제안.",C
기존 거래를 하고 있는 목표고객에서 신규 프로젝트 진행에 필요한 협의 요청시 당사 영업팀에서 대응 활동,D
"공사전 현장 사전검토를 위한 전문기술인 지원 설명회실시.
뛰어난 시공력으로 신뢰 확보.",C
"공급사의 엄격한 품질관리 기준인 SAMSUNG Quality Process 품질관리, C/UL인등관리, 미국 COSTCO Audit 및 품질관리, 독일 HornBACH Factory Audit등 전 세계적인 기업의 까다로운 품질기준",B
"품질 및 서비스로 기존고객사 관리.
신규고객사 발굴.",C
"지속적인 마케팅 주력과 새로운 아이템 창출에 포커슬 맞춘다
기존 고객에게 새로운 아이템을 지속적으로 홍보",C
"신규 영업 제안서 제출
샘플 테스트 및 경쟁사 제품 분석
기존 사용품에서 다른 원가절감 할 수 있는 제품으로 제안하고 설명
기존 작업방식보다 효율적으로 작업할 수 있도록 개선해서 제안
노후와 된 설비 보수 및 교환할 수 있도록 제안서 제출",B
"1.	부품 사업 : 완제품 업체 관계자와의 원할하고 주기적인 관계 유지
2.	완제품 사업 : 제품 “NAME”의 홍보. “나비잠 온수매트”",C
"기존 거래를 하고 있는 거래처의 년간 일정을 확인 영업활동
해마다의 트렌드 연구 반영",D
"혁신기술배발. 효율적 공법 연구
새로운 설계 및 건축
트랜트변화 연구
저평가 건축부지 확보",A
"재시공이 없는 시공과 하자의 최소화 실현
고객(관공서, 개인 등)의 회사에 대한 신뢰와 믿음
신개발공법으로 고객의 신뢰도 상승
원가절감을 통한 이익 증가",B
"최근 기술 트렌드에 대한 파악
최근 특허청 심사 트렌드에 대한 파악
지식재산권을 이용한 다양한 지원사업에 대한 파악",C
"동종 업종 설비반영 사례를 제공하며 목표 고객에게 제품에 대한 실효성과 성과를 제공한다.
기존설비의 노후화된 펌프의 교체 및 대체품을 적용, 장치제작, 연구개발등에 필요한 적정한 펌프를 선정하여 설비에 반영할 수 있도록 한다.
ISO인증과 특허기술을 보유한 뛰어난 품질과 기술보유
고객의 신규 설비 확충으로 인한 협의 요청 시 당사에서 협업하여 대응 활동을 한다.
당사의 최신 제품의 우수성을 적극 홍보하여 고객사 설비보존 담당자에게 지속적인 기술교육을 제공하며 현장에서의 개선점에 관하여 Feedback을 지속적으로 실시한다.",A
"신제품 및 신규고객사에 당사 기술능력 PR 및 제품에 대한 정확한 원가분석후 입찰 참여가 이루어짐
추후 입찰 합격 후 해당 공정의 심사 및 평가 후 최종 승인이 이루어짐",C
돼지 생산성을 높이기 위한 전반적인 활동,E
"점차 강화되고 변화가 많은 환경관련 법령에 대한 선제적 파악을 통해 거래처 환경기술인에게 자료 및 데이터를 제공한다
관공서 환경부서와의 지속적인 유대감 형성 인적 네트워크 결성을 통해 시장동향 및 지도점검 트렌드를 읽고 선제적으로 대응한다
최신 측정 기술 및 분석 기술 습득을 위해 각종 세미나에 참석하고 국가 혹은 민간 교육을 이수하여 내부적 인력을 양성한다.",C
"고품위 원료의 자체생산 후 가공으로 안정적인 납품 및 제품의 균일성 확보.
자원의 안정적 확보 및 관계사 협력으로 시너지효과 창출.",C
목표고객의 이익창출을 위한 시기적절한 컨설팅,E
"사료 및 TMR배합비 제공
농장 사양관리 개선사항 제안",D
홍보입니다 교육 실적을 통한 홍보,E
"회원사, 국회, 정부 등 목표고객과 협의를 통해 불합리한 제도 개선 및 주택산업 발전 방안 마련
대외활동과 인맥을 통해 연락이 온 목표고객에게 영업 활동을 함",D
"정확한 기사 제공
신뢰성 있는 기사 제공
한발 앞선 취재 및 기사 제공",D
"사전 영업을 통한 주택 청정설계 제안
설계 반영을 위한 도면을 건설사, 설계사무소, 건축주에게 제안 영업한다. 이때 국내, 외 관련 자료 통지 등을 통한 환경 패러다임 최적화 진행
고객사 신규 프로젝트 진행 시 최우선 견적대응 및 설계도서의 무상지원을 통하여 관  련 정보 및 개발방향 정보 획득향후 수  주전에 확실한 우위에 섬.",B
"제품의 품질 개선이나 업그레이드 디자인 변경이 시장에 맞게 변할 경우 주요 고객 방문을 통한 직접적인 면담
판매처의 자존감이나 우월성을 유지하기 위한 개발 후 각종 디자인, 특허 등록을 통한 독점 확보",C
"고객사 업계의 시장흐름을 주목하여 고객사의 입찰 시 경쟁력 있는 사전원가 제공
인맥 또는 신뢰와 친분이 강한 고객사를 통하여 새로운 고객사를 지속적으로 개척한다.
각종 채널을 통하여 문의하는 신규 고객에 대하여 고객의 니즈를 파악하여 지속적인 관리를 한다.
끈임 없는 연구개발을 통하여 고객이 원하는 고 품격의 제품으로 경쟁력을 갖춘다. ",B
"베트남 공장의 안정적인 운영을 위한 인프라 관리 및 직원관리
공장운영을 위한 최소 물량확보, 고정고객 확보
최적가 원료 구매를 통한 안정적인 원료 공급
지인, 공장방문, 고객사 소개, 직접 고객사 방문을 통한 제품 홍보 및 맞춤 요구 시 즉시 대응체제을 위한 준비
다양한 채널을 통한 당사 홍보 및 제품 제안",C
"기존 거래고객에서 신규 프로젝트 진행에 필요한 협의 요청 시 당사 영업팀에서 대응 활동
당사 영업팀에서 파악한 고객 니즈를 제품 개발팀에서 기술 개발을 진행하여 특허 등록등을 통해 협상우선권 확보
건설사, 시행사, 건축주, 관공서 등 목표고객과 공정 협의를 통해 적시에 생산하여 현장 시공",C
"누구나 쇼핑몰에서 간단하고 편리하게 구매하도록 정보전달 
제품과 관련된 정보를 상담원이 정확히 인지해서 고객 쇼핑 시 정확한 정보 전달 ",D
"건설사, 시행사, 건죽주 등에게 제안 영업
대형건설사 입찰을 통한 제품 판매",D
"구매력 증대로 공급능력 확보
적시적소 제품공급
공기단축 및 인건비 절감 가능한 신공법 개발로 특허 취득 및 제안
높은 생산성 및 로스율 최소하로 원가절감으로 인한 경쟁력 확보
꾸준하고 지속적인 업계 종사자와의 네트워크 구축으로 사람간, 기업간 신뢰형성
상품재고의 유연한 관리
신용도 점검을 통한 리스크 사전예방
기업간 협업으로 신제품 제작 및 신시장 형성
지역별 거점화 된 공장과 물류센터로 안정적이고 원활한 공급능력과 원가절감 기여",A
"일본 susumu 社의 한국 정식 대리점으로 한국의 자동차 부품 제조사에 영업을 통해 고객을 확보하고 더 신뢰성 높고 가격적으로도 메리트가 있는 제품을 제안 및 판매.
미국 onsemi / 독일 SEMIKRON 두 IGBT module 제조사와의 협력 관계를 바탕으로 국내 태양광 인버터 제조사에 대한 영업 활동 및 판매.
네이버 스마트스토어 / 쿠팡 등의 플랫폼을 활용한 화장품 , 건강기능식품 판매",C
"주요고객층이 반려동물과 함께 생활하는 소비층이다보니 그들과의 소통과 생각을 공유하면서 필요한 
제품을 개발하기 때문에 반려동물과 함께 생활하면서 자연스런 아이디어 창출.
제품의 특성에 적합한 소재를 발견하기 위한 정기적인 시장조사가 필요함으로 관련 부자재 상가 정기방문.
제품디자인과 관련한 다양한 컴퓨터 프로그램 습득 > 캐드, 포토샵, 일러스트 ",C
"시장의 니즈에 맞는 제품개발
건설사 제안 영업
타 업체와의 차별성(주문생산대응, 공기단축 등)
인테리어 업체와의 지속적인 정보제공 및 교류",C
"매도인이 사고팔고를 매년 반복하므로 텔레마케팅 직원이 지속적으로 관리하여 많은 거래가 이루어지도록한다
다른 빌딩회사들과의 업무제휴로 공동중개등 계약이 활발히 진행될수 있도록 한다
광고효과를 높이는 SNS마케팅으로 많은 잠재고객에게 광고가 노출이 되어 지속적으로 신규고객이 유입되도록 한다",C
"공사수주를 위한 수주 영업 활동
원활한 현장시공을 위한 활동
 :현장 시공을 위한 적시의 자재 투입
 :우수한 기능인력의 선제적 확보로 인한 철저한 공정관리
 :공정의 진행에 따른 기성의 확보로 자재,인력에 대해 적시에 기성금 지급
원자재의 변동에 대한 선제적 대처로 인한 손실 방지
우수한 시공으로 인한 고품질의 제품으로 고객사와의 신뢰관계 구축
고객의 요구에 맞는 품질을 제공하기 위한 기술력 구축
고객에 대한 원만한 응대로 긍정적인 회사 이미지 향상으로 고객과의 유대관계 유지",B
"브랜드에 어울리는 디자인 및 소재 발굴 (심플한 디자인, 허리를 편하게 하는 각도 및 탄성 등)
당사 제품을 사용중에 있는 고객관리
가구 MD와 협업으로 판촉 및 신상품 개발",C
건축주 사업권 획득에 도움이 될 수 있는 파트너십 영업 및 기술(디자인) 제안,E
"건설사, 시행사, 건축주, 관공서 등 목표고객과 공정 협의를 통해 적시에 생산하여 현장 시공
부동산 컨설팅 업체와의 제휴로 사업부지 확보 및 사업주 영업
광고와 인맥을 통해 연락이 온 목표고객에게 영업 
태양광 전문 영업 업체와 제휴하여 설계 및 시공",C
대형 운송업체와의 소통 강화 및 운송 편의시설 개선 협의,D
"기존 거래를 하고 있는 목표고객에서 신규 프로젝트 진행에 필요한 협의 요청시 당사 영업팀에서 대응 활동
당사 영업팀에서 파악한 고객 니즈를 제품개발팀에서 기술 개발을 진행하여 특허 등록(듀얼이중캡) 한국야쿠르트 밀크씨슬 쿠퍼스 캡슐에 적용 
외부 자재공급업체와 공동으로 제품을 개발하여 공동특허 등록으로 기술보유
인맥을 통한 영업활동",C
"신규 제품에 관한 디자인 접수 시 디자인 수정사항, 완제품 생산 시 예상되는 문제점을 사전에 보완하도록 해결방안을 제시한다. 
포장재 재질 선정 시 협의하여 최상의 제품 생산에 협조한다.
포장재 출고 전 철저한 품질 관리로 완제품 생산에 차질이 없도록 한다.
고객사의 품질관리 부서와 지속적인 대화를 통해 사용 상 문제점을 개선하도록 한다.",B
"시행/시공/설계사무소를 통한 스펙 활동으로 1차작업 후, 경쟁입찰이나 비교 견적을 통한 납품
신뢰와 경험에 따른 노하우를 통해 자재 납품 활동",C
"직접 영업 및 협력업체 등록를 통한 입찰참가
프로젝트별에 맞는 자재 확보 및 기술인력 확보를 통한 동종업체간의 우월성 확보
신제품, 시공방법 변경, 공기 단축을 위한 기술 개발로 고객과 지속적 유대관계 유지",C
"자기만에 전문지식 습득.
세무결산지식.
직장 복리후생 지식.
전반적인 기판매상품 및 신상품 완전무장 (생명보험8, 손해보험11)
대출(담보, 신용, PF)업무 지식습득.",D
"주거래처와의 계속적인 관계를 위해 공장개발, 저가의 제품을 동일 품질로 공급하기 위해서는 다소 실력은 미흡하나 사장의 마인드가 된 공장을 최소 2~3년을 꾸준한 기술 향상으로 당사 제품 개발, 
국내 동종업체가 생산하는 공장은 생산 절대배제, 중계무역업인 당사는 국내 업체와의 가격 경쟁에서 불리, 이익율이 현저히 낮아서 미래에 대한 투자 불가능
당사의 장,단점을 시대 상황에 맞게 설명하여, 조금의 오해도 없게 함 (최근의 컨테이너 부족사태: 당사는 문제없이 공급, 중국 환율 급등락 이익, 손해 공유)",A
"작지만 강한 기업으로서 특허 및 기술력 확보로 연속적인 고객과의 서비스 제공
고객 중심으로 변형된 사전(B/S)서비스 도입 고객과의 소통 해결
신제품의 다각적 변화와 우수한 서비스를 선점 할수 있는 인력 확보",B
"당사 연구소를 통한 지속적인 기술개발 현황 파악 및 고객사 공유
이미지 센서 해상도별 제품 개발 가능한 소프트웨어 및 하드웨어 기술 보유 및 제품 제안
손실없는 포멧프리 기술을 이용한 영상 저장 기술 보유 및 제품화
차량과의 컨넥티드 기술을 이용한 자동차 용품 개발 기술 보유 및 제품화
수출 국가별 외부 환경(전자파 환경 등)에 최적화된 개발 기술을 통한 제품 제안",A
"꾸준한 신제품 개발 소개, 현장 시공이 간편한 모듈화시스템 발굴 납품. 
고객의 요청에 의한 맞춤형 자재 공동개발 ",C
"통행료징수 고도화(ITS)
교통안전 순찰 및 신속한 사고처리강화
매출 및 수익관리
도로유지보수
터널유지보수
시설물 유지보수
매년 윤영유지관리비 책정 및 집행",B
"정부관련 발주 가능 기관에 대한 수시 사전 영업 및 유대강화
시행사, 설계사 등 신규사업 제안에 대해 최대한 성의 있는 검토로 신뢰성 확보
재무건전성 및 안전관련 사항의 우수성을 적극 홍보
많은 사람들과의 우호적인 관계가 가장 중요",B
"품질이 우수한 설계를 기획하여 최우선으로 진행
기획설계가 끝나면 기본설계를 하고 실시설계를 한다
실시설계도면으로 사업주에게 영업활동을 하여 수주를 받는다",C
"품질의 안정화
개발 능력의 신속성
가격의 표준화",D
"최적의 루트 개발
적합한 운송수단 확보 및 유지
문제에 대한 사전 정보제공과 서류 및 제품 준비
각 과정 마다 정보 공유를 통한 사전 대응 등",C
"설계 단계부터 함께 참여하는 방법
제품의 우수성 홍보를 위한 직접 방문 프리젠테이션과 당사 제품 샘플 제공 등",C
"아파트 및 오피스텔 등 건축물 신축공사
도로. 항만. 택지개발 등 각종 토목공사",C
"아파트 및 오피스텔 등 건축물 신축공사
도로. 항만. 택지개발 등 각종 토목공사",C
"착공 후 준공시까지 설계와 불합리한 사항을 고품질과 가격 경쟁력이 있는 공법으로 설계변경한다. 
최초 설계 반영을 위한 도면을 각 발주처, 설계사, 건축주에게 제안 영업한다.
인맥을 활용하여 각 발주처 목표고객에게 특허공법 제안 영업 활동을 한다.
기존 거래를 하고 있는 고객사에서 신규 프로젝트 진행에 필요한 협의 요청 시 적극 대응한다.
유휴지 토지 개발을 위한 개발팀에서 토지 적극 매입.",B
"지속적인 트렌디 한 상품의 개발 
상품을 이용한 응용레시피의 개발 및 보급 
제품의 이상 없는 공급을 위한 품질 관리 
지속적인 핵심거래처 관리 : 매출의 50%을 점하는 주요 KEY ACCOUNT의 (대형거래선) 집중관리 : 지속적인 미팅진행 
지방 거래처 관리를 위한 정례화 된 출장서비스 진행 ",A
"브랜딩을 위한 채널 마케팅과 오프매장의 마케팅
브랜딩을 위한 제품개발과 고객의 니즈에 요구하는 제품*디자인*포장*배송날짜의 원스톱의 시스템 목표 구축
SNS고객들의 1:1의 빠른 소통 목표",B
"협력업체 공동개발을 통한 상호협력관계 유지
고객의 NEEDS 파악을 통한 제품의 개발 및 특허 권리 확보
신규 프로젝트 설계 참여를 통한 수주 활동
경쟁력 있는 가격 확보를 통한 입찰 수주영업활동",C
"기업통신요금 맞춤설계 서비스
보안, 네트워크관리 설계 및 유지보수
통신시스템 설계구축",C
"해외의 기술 트랜드를 읽기 위한 전시회 참관
해외 파트너사들과의 정기적인 기술 정보 교류
국내 동종업 대표들과의 정보 교류
온라인 광고 방식에 대한 전문 기업과의 협업
중국 공장의 품질 검수
대기업 고객들과의 관계 유지 노력
경쟁력 있는 가격 확보를 통한 입찰 수주영업활동",B
"사전영업을 통해 모형의 범위 및 크기(스케일)제안
발주자 및 건설사, 설계사무소와 협의하여 모형제작 후 납품
협의과정중 기존제작방법이 아닌 신기술을 개발하여 모형에적용 제작 후 특허등록
광고 및 지인소개를 통해 연락이오는 고객관리
기존고객들이 필요한 제작시점에 일이 겹치지 않게 일정관리",C
"한국실내건축가협회 및 한국관광호텔진행협회 네트워킹 유지
블루오션 국내외 자재발굴
데코저널을 통한 네트워킹 유지
건축인테리어 설계 및 시공 플랫폼 개발진행",C
"업체별 방문하여 제품상태와 사용방법, 기술력을 꾸준히 전수하고 있음",D
"당사 기술연구소를 통한 신기술 및 공법 연구 개발
기존 거래처에서 신규 item 개발시 적극참여
열처리공법 및 기술에 대한 자문 요청시 즉시 대응",C
"직접 발로 뛰는 영업, 찾아가는 영업, 기술지원 가능한 영업
판매단가, 납기, 품질 만족을 통한 고객니즈 충족",C
"사전 영업을 통한 설계 및 당사 제품 사용 제안
원가절감사항에 대해 사전 영업 단계부터 적극 협의
시공방법 또는 설계를 변경하여 공기단축을 위한 기술제안으로 고객과 지속적 유대관계 유지
인맥을 통해 영업 활동.
기존 거래를 하고 있는 목표고객에서 신규 프로젝트 진행에 필요한 협의 요청 시 당사 영업팀에서 대응 활동
생산능력 감안하여 적시 대응 필요로 project의 정확한 발주예정시기 파악
발주예정공사를 미리 파악하여 당사의 공사성향에 적합유무 판단
발주담당자와 긴밀한 관계 유지하여 입찰에서 누락될 상황견제
진행중인 Project 담당자와 신속한 업무협의 진행하여 신규Project에 자연히 관 계 유지되도록 활동",B
"수익증대를 위한 자산투자 정보와 지식습득
최적의 절세를 위한 세무지식 정보 습득
관련 정보 및 지식들을 고객사와 고객에게 상담과 강의를 통해 전달
고객자산 수탁 관리",C
"지사 관리 및 지원
각 오프라인 관계자들과의 친목
각 전람회, 협회 활동을 통한 전문 영업인 섭외",D
"고객 세그먼트, 가치제안, 채널, 고객관계, 수익원, 핵심자원
핵심활동, 핵심파트너십, 비용구조",C
-,
"고객 신제품 개발시, 신속대응으로 개발기간 단축 
4M품 적용전, 사전 품질 확보",D
"미래사회 및 과학기술 변화에 따른 비즈니스 모델 및 교육개발. 보급을 위한 전문가 그룹 운용
정부 지방자치단체 등을 대상으로 미래환경변화에 따른 교육 프로그램 개발(안) 제시 및 협의 미래경영 및 인력양성기관과의 업무협력 및 정책 건의
미래지식정보 전수를 위한 미래경영 플랫폼 확보
~ 미래경영콘서트 개최, 미래지식포럼 등 지식네트워크 지원, 총원우회 및 동호회 운영 지원",B
"품질관리 활동 : 인쇄,접착,싸바리등
가격경쟁력 확보 : 원스톱 생산이 가능한 제반 설비 확보
규모의 매입으로 원지 매입시 최대한의 할인율 적용
원지가격 불안정시 과감한 원지 선매입으로 원가상승요인 억제
원가인하 활동 : 과도한 원지재고 보유 억제.
적정 공장 가동율 유지를 위한 지속적인 수주활동
출고일정에 맞추어 생산스케쥴 조정으로 완성품재고 공장체류시간 최소화
지속적인 제품개발 : 신제품개발 특허획득
박람회 참가등을 통한 포장트렌드 파악 및 연구
신규고객 확보가 가능한 영업에이젼트 활용",A
"대기업 사업의 특성상 모든 비즈니스는 담당부서에서 활동을 하고 있음.
생산부서에서는 수요정책에 따른 제품을 연구소와 협업하여 개발하고 생산을 진행함.",C
"사업자의 세무대리
억울한 조세의 조세 불복
기타 세금관련 상담 및 대리",C
"각 업종의 인사 채용 관리자와 지속적인 미팅과 소통
새로운 업종의 기업 대표 네트워트를 통한 미팅",D
"공기청정기는 우리나라 대기 오염 및 실내 공기질(실내 공기질에 관한 법률이 제정되어 있음)이 악화되어 있는 상태에서 실내공기실 개선을 통한 건강 증진을 강조하고 있고
가시광 살균조명 등도 실내 유해균(박테리아, 바이러스 등)을 제거하여 예방 및 건강 증진 강조",E
"시장에서 뜨고 있는 건강식품 원료파악(원료업체, OEM생산 업체와의 소통)
제품기획, 개발, 생산(품목제조/광고심의 등 허가 사항)
제품 판매 컨셉, 촬영, 상세페이지디자인(쇼핑몰별 특성에 맞게 편집)
쇼핑몰에 업로드(판매, 배송, 정산, CS)
쇼핑몰(톡스토어, 쿠팡 등)과 폐쇄몰 기획전 참여
벤더 회사에 판매제안서 발송
특판 영업(각 회사에 맞는 제품구성/선물패키지 디자인)",B
국가기관 또는 지방자체단체에서 발주하는 지명경쟁 입찰공사를 낙찰 및 계약하여 부분 하도급 및 직영공사 시행으로 뛰어난 기술력과 시공원가 절감 능력을 발휘하여 기업의 이익 창출 및 고용 창출에 의한 지속 성장 노력,C
"고객사의 마트에 양곡.잡곡 납품
개점과 출점을 반복하는 소매유통업의 특성상 기존 거래 고객과의 관계 유지가 매우 중요함에 인적 네트워크이 유지.관리를 위해 핵심 인력의 육성 및 활동 지원",C
"가성비 높은 상품 개발을 통한 소비자 만족도 향상
하이엔드 상품 개발, 판매를 통한 브랜드 이미지 제고
화장품 성분에 대한 퀄리티는 필수적인 사항이며 브랜드가 추구하는 방향을 고려하여 그에 적합한 특성(발림성, 흡수력, 잔여감 등)을 가진 상품을 개발
화장품 특성상 눈으로 보여지는 느낌, 이미지가 중요한바 패키지, 용기 등의 지속적인 개발 및 디자인에 대한 비중이 높으므로 이에 대한 집중적인 투자 시행
가격경쟁이 치열하므로 원가절감을 위해 지속적으로 패키지, 용기 조사를 실시하고 좋은 조건을 얻어내기 위해 관련 업체간 경쟁을 통해 비용 절감 추진",B
"고객과의 지속적 커뮤니케이션 루트 확립.
안정적 공급 및 계절적 공급 불안정성의 정보 제공 및 사전 준비
제품 트렌드 및 세계적 연구 개발의 동향 파악 협의.",C
"고객이 어려워 하는 제품에 대한 마켓팅을 할수 있도록 지속 관리
고객의 신제품 홍보 -핵심에 맞게 창출하여 제안
이로 인한 고객의 매출 확대에 만족하여 주변에 권유 ->고객의 구전 마켓이 
큰 효과를 가져옴",C
"세상의 모든 기업과 고객에게 최신의 트랜드와 최고의 강의를 전달하고자 하는 IGM 고유 컨텐츠 개발
기업을 대상으로 효과를 거둘 수 있는 교육, 컨설팅, 워크숍, 세미나, 간담회 등의 진행, 운영
고객에게 새로운 경험과 감동으로 가치를 전달하는 모든 활동 (영상, 교육, 공간 등 모두)",C
"시장에서 요구되는 제품 개발 및 판매 및 고객사에 대한 제안
지속적인 지적재산권 확보
충실한 고객지원을 위한 충분한 인적자원 및 처리에 대한 인프라 확보
고객사의 요청에 따른 OEM 제품 개발",C
"사전 상호 신뢰를 바탕으로 욕실 설계 제안. 및 유행 패턴 선도 작업 제시
해외 및 국내의 신제품 정보 및 동향을 수시로 모니터링 후 시행업체에 제시",C
"고객사가 만족할 때까지 시안을 제시, 검토 확인해서 제작 설치함
또한 가격 절충에서도 고객사가 원하는 품질의 가격 제안을 다양하게 제시하고 결정함
작업 후의 지속성, 안정성을 감안하여 설치함.
철저하고 빠른 A/S로 고객사와의 관계유지.
제품과 납기의 신뢰를 얻고 협력사와의 관계 중요시함.",B
정부기관에서 발주되는 예산안을 파악하고 관공서에 접촉하여 제안 및 설계참여,E
"지속적인 신제품 개발, 품질향상, 원가절감 추구
공장 자동화를 위한 지속적인 연구 ",B
"시장 변화에 맞는 효과적인 자산운용, 영업전략 의 차별화, 리스크 관리를 통한 자산건전성 유지 등 경영환경 개선을 통해 경쟁력을 강화하려는 노력
예대마진으로 인한 이자수익에만 의존하지 않고, 건전성 관리, 스마트 금융서비스, 핀테크 활성화, 해외진출을 통한 사업영역 확장, 포트폴리오 다 각화를 통해 자산의 변동성을 낮춰 변화를 준비하는 동시에 단기 투자기회에 적절히 대응하여 수익구조의 다변화에 집중",B
"고객을 유치하기 위한 전력적인 마케팅 활동
시즌별 신제품 및 행사를 위한 활동
지역 상권분석으로 다른 상가의 제품들과 겹치지 않는 제품
제품의 퀄리티 및 청결상태
고객, 매장, 공장 직원들의 불만 및 애로사항
폐기물(유통 기간이 지난)을 줄이는 완급 조절
유통 및 판매 과정에서 최소한으로 인건비를 줄일 수 있는 방법",B
"삶의 질이 향상됨에 따라 여과 활동의 시간이 늘어나는게 현 상황이다.
이에 따라 수도권 및 유명 지방 자치 단체에서는 관광객 및 유동 인구의 흡수를 야간 경관개선 사업을 통하여 흡수화 하려는 노력이 많이 이루어지고 있다.
이에 발 맞춰 지자체의 야간 경관사업 활성화를 위한 야간 랜드마크를 지자체와 적극 발굴하여 기본계획 단계부터 예산 수립 및 이에 필요한 부분들을 적극지원 향후 사업에 우선권을 선점하는데 목표가 있다.
또한 국내 컬리티 있는 계획, 신축중인 또는 완성된 공원, 건축물, 교량 등 모든 건축주에게 직, 간접적인 영업 활동을 통하여 당사의 포트폴리오를 활용 예상 사업 계획서를 제출하여 영업 활성화를 극대화 시키는 게 당사의 비즈니스 포인트입니다",D
"사전 영업을 통한 주택 욕실 설계 제안
설계 반영을 위한 도면을 건설사, 설계사무소, 건축주에게 제안 영업
건설사, 시행사, 건축주, 관공서 등 목표고객과 공정 협의를 통해 적시에 생산하여 현장 시공
신제품, 시공방법 변경, 공기 단축을 위한 기술 개발로 고객과 지속적 유대관계 유지
당사 영업팀에서 파악한 고객 니즈를 제품개발팀에서 기술 개발을 진행하여 특허 등록
외부 자재공급업체와 공동으로 제품을 개발하여 공동특허 등록으로 기술보유
광고와 인맥을 통해 연락이 온 목표고객에게 영업 활동을 한다.
인 채널을 통해 전문가 섭외
기존 거래를 하고 있는 목표고객에서 신규 프로젝트 진행에 필요한 협의 요청시 당사 영업팀에서 대응 활동",A
"회사뱡향 결정 및 전략 수립 (전략기획)
입지에 따른 건축물 가치 상향을 위한 디자인 (디자인본부)
기술력을 바탕으로 품질을 향상시킬 수 있는 모든 용도의 건축설계 진행
  (설계본부, 해외사업본부, 주거사업본부)
건설사업관리를 위한 CM사업, 감리, 사후관리 (CM본부)
설계기술 향상과 품질 저하방지를 위한 검수과정의 시스템화 (QC실)
설계전반에 대한 프로그램, 시스템 등의 연구 외",B
항상 해외 고객의 요구와 필요에 따른 물건을 제공하기 위한 홍보와 노력으로 벤더에 지정되고 또한 기한이 경과하여 재계약을 위해서도 최선을 다하고 있음,D
"국내외 IT산업의 흐름을 파악하여 선재적으로 기술개발하여 고객의 신뢰를 득하고 ㈜STCN의 제품은 타사와의 차별성이 있는는거를 고객이 경험하도록 한다.
해외수출시 대한민국의 자존감으로 만들어 해외고객으로부터 지속적 신뢰관계를 유지",C
"Local market내 신규현장 정보수집 및 현장 답사
기존 거래처를 통한 인맥관리",D
"서울보증보험 증권발급은 대리점이 한다는 것 강조 홍보
기존고객에게 신뢰를 구축할 수 있도록 정보제공과 애로해소에 적극적을 대처",D
"목표 고객(건설사, 설비회사)의 니즈를 세분화하여(아파트 현장, 오피스텔 현장, 연립주택 현장, 공장, 생활 편의 시설 등) 세분화된 각 현장에 맞는 제안서를 미리 준비하여 방문 영업.",C
"회사의 가치를 기존의 ‘기술, 품질, 이익’ 측면에 기반을 둔 경영가치(방침, 철학)에서 벗어나,
‘협력업체와의 상생관계 강화, (국내외 사업 추진 과정 상)사회적 책임 강화, 경영의 투명성 강화를 위한 지배구조 개선/강화 등에 기업의 가치를 둬야 할 시점임)
준공 프로젝트에 대한 사후 관리
기존 고객들로부터 후속 사업 수주 및 발굴을 위한 고객 관리",A
"양질의 인력을 공급하기 위한 국가별 인력 특성과 Management 제안.
해외 건설현장의 사전조사와 실행예산 관련 견적 참여
신시장의 선점을 위한 노동법 및 관련 규정 확인",C
"현장시공시 원청사와 공정협의를 통하여 현장 실정에 맞는 발 빠른 대처 및 품질 시공
공장 및 주기장에서 각현장에 문제 발생시 자재, 장비공급 등 신속 정확한 지원
보다 효율적이고 안전한 작업을 위한 신공법 개발 연구 및 특허개발
매 현장마다 설계 및 원도급사의 수행 방식에 맞춰 공사수행 방식을 업데이트",C
"건설사, 건축사무수 사전 영업을 통한 스펙 영업
건설사, 설계사무소, 건축주에게 제안 영업
건설사, 시행사, 건축주, 관공서 등 목표고객 영업 제안
광고와 인맥을 통해 연락이 온 목표고객에게 영업 활동을 한다.
방송 채널을 통한 영업
기존 거래를 하고 있는 목표고객에서 신규 프로젝트 진행에 필요한 협의 요청 시 당사 영업팀에서 대응 활동",C
"광고와 인맥을 통해 연락이 온 목표고객에게 영업
다른 교육업체와 협업하여 영업",D
"경영컨설팅의 핵심을 컨설팅결과이기 때문에 매일 매일 새로운 업데이트를 위해 1주일에 한번씩 정책자금 업데이트, 세무케이스, 노동법 이슈, 자금유치 이슈 등을 전문가 그룹에서 업데이트를 하고 있으며 그 내용을 회사 조직 전체에 전파하기 위해 다양한 시스템을 구축하고 있습니다. ",C
"유지관리 시설물 사전점검을 통한 대수선 비용 절감
교통량 증대방안 마련 및 시행",D
"국민의 주거안정 실현을 위한 토지 판매 및 공공주택(분양, 임대) 판매
삶의 질 향상을 위한 맞춤형 주거복지 지원(임대주택 알선, 저렴한 주택, 상가 공급)",C
"부동산 개발 계획의 정보 입수.
해당 부동산 개발 시행사 사전 영업
인테리어 회사와 도면 협의 및 제품 제안 영업
수입 제품 적용의 타당성 부각",C
"건설사, 시행사, 인테리어 업체 등에 유대감과 공감이 형성될 때까지 지속적인 방문을 하고 있습니다
또한 수입주방가구의 특성상 격년으로 개최하는 밀라노 가구 박람회에 업체 관계자분들께 일정을 말씀드리고 밀라노 페어 동반 관람을 통해 신기술, 새로운 디자인에 대해 공유를 하고 있습니다
인터넷 검색이나 업계의 핵심 유력 정보를 통해 관련 업체를 방문하여 제안하고 있습니다.",C
"발주처의 요구사항을 충족하기 위한 기술과 인재 확보
비용절감을 하면서도 고품질을 확보하여 발주처로부터 신뢰를 쌓는 것",D
"자체 아파트 및 민간임대를 통한 분양 및 임대사업
토지주, 시행사, 재개발, 재건축, 대행부지 등 민간입찰, 민간공모 사업과 정부기관, 조달청 입찰, 한국토지주택공사, 대구도시공사 등 정부기관 입찰 공모사업
조달청 입찰, 한국토지주택공사 등 정부/공공기완 입찰 등 도로/교량, 철도/지하철, 환경/상수도, 정수처리 급수 시스템, 자동제어, 냉난방 공조 등 공공 및 민간 입찰 사업 등
SOC사업 : SOC민간투자사업 중 민간투자방식 BTL 사업(BuildTransferLease)",C
"개정된 세법 및 관련법률에 대한 주기적 교육실시를 통해 직원 역량 강화
지속적인 홍보활동을 통해 신규고객 발굴",D
"제각각 다른 현장에서 우수한 결과물을 만들어낼 수 있도록 기술력을 바탕으로 설계 변경 또는 제안을 통해서 공감대 형성
특허공법 적용",C
"업의 브랜드 자산 확인 및 Audit 
개발 목표 설정 
브랜드 속성구축 및 포지셔닝 구축 
브랜드 네이밍 개발 및 지적재산권 확보 
브랜드 디자인 개발 및 후속작업 (Application)
브랜드 커뮤니케이션 전략 
글로벌 브랜드 구축을 위한 컨설팅 ",A
"영업채널로부터 가능고객 리스트를 확보하여, 해당 고객 대상으로 다양한 영업 활동 수행
사업 부서(BM)와 공동으로 신규 서비스 개발, 인큐베이팅 및 출시
고객의 신규 니즈를 파악하기 위한 설문 등 조사 활동
서비스 QoS 달성을 위한 ICT 인프라 점검 및 업그레이드 
장애 발생시 영업 채널과 공동으로 고객 대응 
효율적 ICT 운영을 통한 비용 절감 추진",B
"고객의 요구에 귀를 기울인다
규제 및 정부정책에 선제적 대응되는 기술개발을 우선한다
동종업체와 차별화되는 기능형 제품을 개발하고 산업재산권을 확보한다
시장의 동향 파악 후 신속한 의사결정으로 시장을 앞서간다
SNS을 통한 광고활동시 고객감성이 되는 포인트를 찿는다",C
"주요 유통 채널인 약국 정보, 약사 회원 DB 구축
전문판매업자 회원 확보 우선 : 판매 대행 계약
유통 플랫폼에서 취급할 주요 웰케어 제품 개발",C
"영업할 회사의 사전 조사 
다양한 홍보 – 홈페이지, 회사소개서, 블로거. 
직접적인 영업활동
납품업체의 만족으로 인한 업체 연결
회사 브랜드의 인지도로 인하여 선택",C
"영업할 회사의 사전 조사 
다양한 홍보 – 홈페이지, 회사소개서, 블로거 
직접적인 영업활동",D
"영업할 회사의 사전 조사 및 다양한 홍보 회사소개서
인맥을 통한 영업활동. 박람회통한 새로운 고객사발굴 및 직접적인 영업활동",C
"해외 공장을 섭외/최저가의 상품 제조 
다양한 홍보 – 홈페이지, 회사소개서, 블로거 
직접적인 영업활동",D
"관급 수주(설계 및 감리)를 위한 동종 설계사와의 컨소시엄 확보
제안서 평가를 위한 평가위원과의 원만한 관계유지
보유하고 있는 신기술의 설계 적용으로 시공시 기술료 확보 
고객(건설사)와의 평소 소통을 통해 민간투자사업 노선 제안에 대한 이해증대 
고객의 필요에 부합하는 노선개발",B
기존고객이나 인맥을 통해 연락이 온 고객에 대하여 자문에 응대하고 고객이 요청하는 경우 소송사건을 수입하여 활동,E
"고객 니즈에 특화된 브랜드의 신뢰구축과 철저한 A/S 실현
모든 각 구성원이 내 집 짓는 정성과 마음을 갖을 수 있도록 조직역량 강화
현대인들이 갖고 싶고, 살고 싶은 공간으로 삶에 대한 사랑을 키워 나갈 수 있도록 설계되고 생활의 모든 니즈들이 해결되는 편리한 공간을 제공",B
가맹점의 주문에 따른 정확하고 신속한 배송,E
"Place Branding - Branded Environments
Space Design -  Exhibitions and Public Art, Public Facilities, Interactions
Environmental Graphic -  Signage & Wayfinding System, Color Plan, Motion Graphics
Service Design & Strategy -  CPTED, Master Plan, Consulting",C
"금융기관과의 밀접한 신뢰구축 (80-90년생 부동산금융인 모임 창설 및 활동)
철저한 공정관리 및 수분양자와의 공유를 통한 신뢰 정립",C
"기존 거래처와의 원만하고 긴밀한 유대관계 형성
사업 초기부터 설계에 반영될 수 있도록 함 
최종 소비자의 NEEDS 변화를 설명하고 니즈에 맞는 제품을 제안
취급 제품 뿐 아니라 연관 산업의 정보 및 기술에 대한 이해를 높임",C
"자동차 업계관련 된 협력업체 및 파트너를 모집하여 실적유발시 커미션을 지급하고, 이에 만족감을 느끼게 하여, 홍보도 병행할 수 있게 한다.",D
"품질관리 활동 : 초.중,종 검사 전산화 적용,외관 전수 검사 실행
가격경쟁력 확보 : 노후 금형 개선 및 CVT 막힘 복원 개선
원가인하 활동 : 적정 공장 가동율 유지를 위한 지속적인 수주활동
                        설비 활용도 변경 개선 : 다대라인 수평라인 변경 개선
지속적인 제품개발 : 고객 견적대응력 향상을 위한 일정관리 준수
(견적요청일 대비 MIN –1일 대응)",B
"건축되어질 대지에 대한 분석
건축주의 의도파악
요구하는 내용이 반연 된 계획도면 및 모형 등
정확한 설계 도면 및 성실한 감리",C
"고객의 요구에 맞는 제품 제안서 및 트랜드에 맞는 적정한 가격의 제품 추천.
도면 검토를 통한 적절한 제품 추천 제안
가격에 맞는 제품 추천 (믿을 수 있는 브랜드 적용의 유효 사항 중심 제안)
신제품 제안 및 적정가격 제안",C
차량 연료,E
"현장 방문 및 현황파악을 통한 제품 및 설비를 고객사의 실정에 맞도록 설계제안 영업
개발된 신기술을 접목시킬 수 있는 현장에 영업홍보 활동 
국내 및 해외에 기술을 홍보할 수 있도록 영업홍보물 작성.
국내외 전시회 참여로 신규거래처 확보
연구개발과제 수행 및 신규 사업분야에 대한 연구활동을 통해 회사 경쟁력 상승
신기술 및 신제품을 개발하여 특허등록 실시
기존에 거래관계에 있던 인맥관리를 통해 거래처를 다변화할 수 있도록 집중영업.",C
"LGU+ 전담고객별 최상의 서비스제공을 통한 지속적인 용역계약 추진
LGU+ 협력사 관리 지표별 철저한 대응을 통한 신뢰받은 전문기업으로 선정
여성기업의 경쟁력을 기반으로 시장 경쟁우위 전략으로 사업수주 활동 추진",A
"기간망 사업자 등 고객사별 지속적인 고객 CARE 활동 추진
제안 사업 관계사별 신뢰받은 전문기업의 역할 제공
시장 흐름의 신사업 변화에 선도적 역할이 가능하도록 지속적인 TF조직 운영",C
"기간망 사업자 등 고객사별 지속적인 고객 CARE 활동 추진
지역 정보통신사업 관계사별 신뢰받은 전문기업의 역할 제공
신사업 추진의 선도적 역할이 가능토록 TF조직 운영",C
"시공성이 우수하고 경제성 있는 신공법 개발 능력
구조계산, 도면 작성 능력을 통화 공법 실현화
신제 시공을 통한 공법 반영",C
"발주처의 요구사항을 충족하기 위한 기술과 인재 확보
비용절감을 하면서도 고품질을 확보하여 발주처로부터 신뢰를 쌓는 것",C
"미들웨어를 통한 안정성/고성능/유연성/확장성을 보장하는 기업의 인프라 솔루션 제공
대내외 통합 및 전사 인터페이스 Life-Cycle 관리를 위한 Interface Framework 솔루션 제공
업무로직의 설계, 개발, 운영까지 신속한 변경을 통해 기업의 경쟁력을 보장하는 Business Framework 솔루션
시스템 상태를 점검하고 최적화하는 System management
DB의 효율적인 관리를 위한 환경의 국산화
기존 메인프레임 환경에서 운영되어 온 업무 시스템을 오픈환경 플랫폼으로 전환하여 그대로 운영할 수 있도록 제공하는 마이그레이션 솔루션",A
"설계사무소를 통한 신기술로 사전 특허제품 설계제안
건설사, 관공서 등 신기술 협의를 통한 제품 제시 및 시공
특허등록으로 인한 제품을 출시
기존 거래처(건설사, 관공서)협의 요청시 빠른 대응 활동 및 당사 특허제품 제안",C
"제품의 단가 인상/인하가 예견되는 경우, 고객에게 해당 정보를 전달하여 고객의 사업활동에 보탬이 되도록 상호교류
제품의 규격별 생산계획을 미리 고지하여 고객의 사업일정에 부합하도록 생산시기 및 납품일정 조율 ",C
"최신 트랜드 조사 및 신규 제품 디자인 제시 및 미팅 진행.
신규 프로젝트의 수주를 위한 가격 타협점 제시 및 원가 절감 전략 제시.
신규 프로젝트 샘플링 리드타임 단축 및 대량 생산 시 문제될 사항 사전 체크.
바이어의 제시한 컨셉의 실질 제품디자인 제작, 그에 따른 피드백에 지속적인 샘플링 수정.
실질적인 직접 사용을 통한 바이어에 니즈에 맞는 제품을 제작 및 소통.
주기적인 소통과 미팅을 통해 고객관리 유지.",B
"당사가 수행했던 P/J의 홍보영상과 자료를 제시함으로써 당사의수행능력을 인정받고 제시된 도면에 추가하여 VE를 제공하여 고객만족을 확보함
고정고객사의 신규사업정보를 사전확보하여 Study함.
고객사 및 협력업체와의 정기모임을 통한 정보취득.",C
"시설물 운영의 개/폐점에 따른 인원 통제(출입자, 작업자, 상품 입/출고, 대외기관 관계자)
시설물 안전점검을 통한 안전 유지상태 관리 <취약지구> 화기 취급장소 (주방, 공동주방, 행사장 外), 낙상/부상 위험지역 (계단, 주차장, 외곽 外) 누수지역 (화장실, 수족관, 스파 外), 전열기구 사용구역 (매장 탕비실, 사무실 外)
영업 중 고객 불편사항 신속 해결 (위기상황 구급활동 및 인명구조, 고객 매장안내, 실종아동 찾기, 반려견(묘) 보호자 안내 外)
코로나 방역관리 및 고객안내 (방문자 체온측정 및 마스크 착용 등의 거리두기 실천안내, 밀집구역 방역관리, 중요구역 방역 外)
보안 개인정보관리 및 고객사와의 정보 공유관리 (안전팀, 총무팀)
관공서 관계지향 관리 (관할 경찰서 생활안전계, 대테러방지국정원, 관할구청 보건소)
기타 (동업계 실무자와의 업무 공유)",C
"전체 매출액의 15%는 R&D에 투자, 중소기업의 경우 R&D 기술개발을 위해 정부지원금을 받고 있음(지원받은 누적총액 70억 수준)",D
"원하는 지역 토지 매입,
자금력 있는 투자자 유치",D
"철강업계 근무경력을 바탕으로 고객사 현장에 필요한 글로벌 철강경기동향 및 내수시장 정보 제공 등 차별화된 마케팅 활동
특히 Sales Engineer 로서 고객사 현장의 정보Needs를 적기에 제공하는 활동",C
매 시즌 지속적으로 신상품 제안 밀 품질 제시 후 각 브랜드 품평회를 통해 납품계약 체결,D
"고객사 니즈에 따라서 신뢰성 높은 각종 조건 평가와 데이타제공 그리고 신속한 샘플대응 
고객사 니즈(최신 개발안건 / 개량 등 곤란한 상황) 를 얻기 위해서 정기적인 메일 전화 연락 관계형성  
고객사 유익한 정보 제공 메일 / 방문설명 / 홈페이지 업데이트 ",B
제품개발 및 꾸준한 인적 교류,D
"가설자재 임대를 위하여 최고의 품질 좋은 자재를 설계도면에 맞게 구조 계산을 하여 공급한다.
유로폼과 같은 건설가설재의 신개발을 통해서 약 30%이상의 가설재 무게를 경감하여 시공성을 편리하게 한다.
박리재를 바르지 않게 함으로써 환경친화적 제품을 공급한다.
기존 가설자재의 취약점을 보완함으로써 추가 공정의 단계를 줄여 원가절감 및 환경 위해요소를 경감한다
자재의 개선과 우수성은 높이고, 가격은 동일하게 제공함으로써 가성비를 확보한다",A
"상장사, 비상장사의 자금 조달 필요한 규모, 시점을 파악하여 적기에 자금 조달을 성공 하는것 임",D
"설계 반영을 위해 도안 및 시안을 작성하여 시각적 효과 강조를 통한 설계변경 제안 
철저하고 섬세한 실측을 통한 자재절감 및 공기단축",C
"건축도면 설계영업을 통한 스펙인 영업 활동
도면상 표기된 대로 시공되고 있는지 현장확인 활동
SH, LH 시방서에 당사 제품이 스펙 될 수 있도록 활동
기존 단열재 거래 업체에는 수장공사 건을 수장공사 업체에는 단열재 판매를 할 수 있도록 영업활동",C
"제품의 품질 개선이나 업그레이드 디자인 변경이 시장에 맞게 변할경우 주요 고객 방문을 통한 직접적인 면담
판매처의 자존감이나 우월성을 유지 하기 위한 개발후 각종 디자인,특허 등록을 통한 독점성 확보",C
고객 니즈에 맞는 제공되는 상품 및 서비스에 대한 안정적인 세팅 후 영업활동을 비즈니스코어로 함,C
"사전영업을 통한 제안
신제품 설치를 위한 자세한안내",E
"건설사, 대리점 스킨십 영업
고객 니즈에 맞는 욕실용품 개발 
기술력, 품질경쟁력 확보 
유통 채널 확대 ",C
"모태펀드 운용를 통해 자펀드 출자 및 사후관리
민간에서 운용하기 힘든 정책 펀드의 직접운용(엔젤투자매칭펀드 등)
해외의 자본 유치 및 투자기업의 해외진출 지원
벤처투자 활성화를 위한 연구활동 및 정책연구 강화 등",A
"당사가 추구하는 목적에 맞게 적재 적소에 필요한 KEY-MAN 영업.
인맥을 통해 KEY-MAN 소개받고 프로젝트 진행.",D
"고객의 현장 상황에 맞는 스마트팜 설비 규모 및 계획의 제안 및 설치
신규 스마트팜 시스템 개발
연락이 온 고객에게 스마트팜 시스템에 대한 상담",C
"자문 업무의 경우, 광범위한 분야에 있어서 사전적인 법률 검토를 통한 분쟁의 최소화에 노력/향후 소송화 되었을 때를 대비한 각종 준비 
소송 업무의 경우, 소송에 있어서 최선의 결과를 도출해내기 위한 전방위적인 노력 ",C
"거래처와의 지속적인 미팅 등으로 유대 강화
궁금사항에 대하여 적극적으로 컨설팅",D
"고객사의 Needs를 분석하여 최적의 솔루션을 제안하는 솔루션마케팅
각 산업군별 기술~디자인 트랜드를 분석하고 앞서나가는 시장지표 관리를 통한 미래 변동성 대비
고객사의 성장 및 육성이 곧 기업의 성장과 생태계 강건화임을 중시하는 기업문화
건설공사의 Pjt 초기에 반영될 수 있도록 설계도서/시방서에 당사 강재 및 이용기술 Spec-In 활동
긴급 납기 및 Pjt향 중요도에 따른 유연적인 납기 및 가격 협상",A
"건설 시행 주체의 요구사항에 대한 정확한 인식과 해결책 제시
건설 시행 주체가 필요로 하는 적임자 파견과 본사에서 협력하여 성공적인 사업 수행",C
"대학 및 연구기관, 연구자 등을 위한 정부지원사업 설계 및 제안
대학 및 연구기간, 연구자 등을 대상으로 사업홍보를 통해 정부지원사업 참여 유도
연중 대학 및 연구기관, 연구자 등 대상으로 의견수렴을 위한 활동(사업설명회, 간담회, 설문조사 등)
정부 수주사업에 대한 성과창출로 지속적인 예산확보",B
"고객사와의 원활한 의사소통- 고객사의 제품 개발단계부터 참여하여 자사의 기술 및 노하우를 접목.
고객사의 요청에맞는 제품생산- 가격,납기,품질…",C
"사전 현장 영업을 통한 현장 상황(터널 규격)에 맞는 니즈 파악 후 적정한 장비 모델 제안 영업
세밀한 부품 재고 관리로 핵심 부품 항시 보유
현장에 상주중인 건설사 직원들과 장비 오퍼레이터들의 정기적인 미팅으로 진행중인 작업의 상황과 계획 수립으로 현장 관리
이로 인하여 장비의 문제점 사전 파악 가능하여 다운타임 방지 차원의 정비수리 가능
로비트코리아의 착암자재 신제품 개발, 천공시간 단축을 위한 기술 개발지원으로 현장에서 결과 및 현황 제공
인맥을 통해 연락이 온 목표고객에게 공격적인 영업 활동으로 고객사 추가 확보 
기존/현 거래를 하고 있는 목표고객에서 신규 현장/프로젝트 진행에 필요한 협의 요청시 당사 영업팀에서 즉각 현장 방문하여 대응 활동",B
"설계 스펙 활동 
국가 기관의 법규 변화에 능동적 참여
현장 mock up 시공 및 시공 방법 제안 
시스템에 필요한 외부 소재 개발 
제품 및 서비스의 life cycle 에 따른 신제품 및 서비스 개발 
Competitive Intelligence 활동  ",A
"주기적인 회계/세무 지식 Update
고객사의 규모에 따른 합리적인 단가 제시
업무 수임 후 지속적인 contact를 통해 고객과 일정을 조율하고 적시에 보고서 발행
고객의 회계/세무 관련 Issue 사항 문의에 대하여 적시에 보고서 형태로 회신
세무사, 변호사 등 타 전문가와 관계를 형성하여 협업이 필요한 경우 업무 수임
기존 고객사의 니즈를 파악하여 적절한 서비스를 제공하여 소개를 유도",B
"우수제품 등록을 위한 NET, NEP제품개발
특허등록을 위한 R&D개발회의
주고객사와의 meeting
생산system 점검 및 향후먹거리 구상",B
"미래 세대 지향적인 가치 강화 
신차, A/S, 중고차 영역 전반에 걸친 모든 고객 여정(Customer journey) 서비스의 디지털화 
CRM(고객 관계 관리) 프로그램 및 프로모션을 통한 차별화된 고객 경험 제공 
다각화된 고객 분석을 바탕으로 한 신뢰 강화 등의 내용을 담고 있다.
디지털 문화에 익숙한 20~30대 MZ세대(1980~2000년대초 출생한 세대) 등 미래 세대 고객과의 소통을 지속적으로 확대
글로벌 이스포츠 기업 '젠지 이스포츠(Gen.G esports)'와의 업무 협약을 통해 디지털 기술과 콘텐츠 소비를 즐기는 미래 세대의 수요와 관심사를 적극적으로 파악해 대응
지속 가능한 가치를 공유하기 위한 사회 공헌 활동인 '드림그림 장학사업'
세계 최초의 메르세데스-벤츠 디지털 쇼룸으로 운영 중
디지털 모바일 전시장인 '디지털 큐브'를 브랜드화 해 지속적으로 개발·운영하고 있다. 향후 디지털 서비스를 실현하기 위해 실시간 소통이 가능한 채널과 챗봇을 운영할 예정이다. 고객 경험을 통합해 제공하는 옴니채널(Omni Channel)도 구축한다.
한성자동차는 다양한 CRM 프로그램을 통해 고객에게 한성자동차만의 차별화된 경험을 제공한다. 자사 고객을 위한 커뮤니티 'H.Community(한성커뮤니티)'를 통해 고객의 관심사 및 특성에 맞춘 다채로운 이벤트를 제공해 고객 만족도를 높이고 있다. 올해 첫 선을 보인 'AMG Playground(한성자동차 Mercedes-AMG 고객 클럽)'를 시작으로 향후 VIP고객 및 2030세대를 위한 커뮤니티로도 확대한다. 한성자동차 자체의 보증연장 프로그램 및 각종 차량 관련 프로모션 등 경제적인 혜택과 함께 차량 유지 관리에 있어서도 차별화된 경험을 제공",A
"LG하우시스에서 생산하는 자재를 건설사에 지속적으로 샘플을 제공하여 모델하우스에 당사제품을 스팩하여 최종적으로 납품할 수 있도록 영업하는 활동
LG하우시스에서 개발된 신제품을 건설사에 제안하여 스팩 될 수 있도록 영업",C
"LG하우시스에서 생산하는 자재를 건설사에 지속적으로 샘플을 제공하여 모델하우스에 당사제품을 스팩하여 최종적으로 납품할 수 있도록 영업하는 활동
LG하우시스에서 개발된 신제품을 건설사에 제안하여 스팩 될 수 있도록 영업",C
"면담과 소통
실적과 기술력홍보",E
"핵심 파트너회사의 정보 파악  (신모델 , 투자내용, ..)",E
"발주처와 평가위원 홍보
타 설계사무소와의 공조와 협력",D
글로벌 시장 파악 및 고객사 내부 진행방향 파악 (자동차 전자장치 부품 생태계 파악),E
"사전 영업을 통한 주택욕실 설계 제안
설계 반영을 위한 도면을 시공사,건설사,설계사무소에 제안
인맥을 통한  고객에게 영업",C
"HUG 표준PF / 신탁사 책임준공을 활용하여 수주활동 전개
제안형 기획으로 분양성 양호지역 집중공략과 적극적인 고객맞춤형 Pre-con서비스 제공으로 사업기회 선점
실적분야(도로, 단지, 조경) 및 미실적분야(고속도로, 철도, 항만 등) J/V(joint venture) 강화
대형 민자사업 참여추진을 위한 선행영업 강화
금융사, 시행사 정보수집활동 강화를 통한 민간 수주Pool 확충
직무효율성 제고를 위한 내부시스템 재정비 및 전문 역량 강화
통합발주 / 우수신규업체 발굴
인맥을 통한  고객에게 영업",A
"고객이 소유한 부지에 적정한 설계를 제안 하며 
부지가 가진 장점의 마케팅 요소등을 제안",D
"건축물 3D 시뮬레이션을 제작하여 건축주에게 예상 건축물 소개
공공 건축물 현상설계 참여
인맥 및 광고를 통해 방문한 고객들에 대한 홍보와 영업활동
기존 거래처 관리 및 영업활동
인. 허가권자와의 지속적인 관계 유지",C
"사전 영업을 통한 미래가치의 목표제시를 위한 설계제안
건축주의 건축물 신축에 대한 다양한 고민과 걱정에 대한 해결방법 제시
설계VE를 통한 보다 가격경쟁력을 보유하고 있는 설계대안 제시
회사 보유의 신기술, 신공법을 통한 공사원가 절감과 하자발생 빈도 저감
기존 고객에 대한 다양한 건축설계정보 제시",B
" 건설사에 밴더등록
 차별화된 제품 및 압착공구의 개발 및 홍보
 고객에게 필요한 호용의 가치제공- 기술, 경제성, 안전성, 사후관리 등의 비교평가     외 기타 ",C
설계제안 영업,E
"자사만이 제조할 수 있는 고도의 기술이 집약된 제품 개발
소비자와의 직접소통을 통한 니즈 파악",C
"건설사 스팩영업 / 납품관리
온라인 상품판매를 위한 상품개발 및 판매관리
인테리어업체 상품 판매관리",C
"건설사, 시행사, 건축주, 관공서 등 목표고객과 공정 협의를 통해 적시에 생산하여 현장 시공",D
"발주자 및 피분양자들의 니즈에 맞는 현장 시공, 우수한 품질의 생산(아파트)",D
"프랜차이즈 사업을 필요로 하는 사업자에게 프랜차이즈 사업 시스템을 제공
마케팅 영역이 익숙치 않은 소상공인에게 마케팅 페키지를 쉽고 저렴하게 제공
감각적인 디자인 및 광고문구를 이용한 효과적인 광고 효과 제공",C
"매출 규모가 적은 많은 소기업들과 거래를 하면서 한번 만나기가 2-3년 걸려도 꼭 한번씩 방문하여 불만 상황 외 요청 상황 등 우리가 개선해야 할 사항 파악하여 대응해 주는 일
CLAIM이 발생하면 적극적으로 개입하여 고객의 요청사항을 최대한 반영하여 신속하게 처리 될 수 있도록 함(CLAIM 전담 업무 요원 별도 있음)",B
"고객이 필요시 찾을 때에는 가능한 바로 찾아 뵙고 요구하는 부분을 설명하고
빠른 견적 제출입니다 견적 제출 이후라도 더 필요한 부분이 있는지 효과적으로 절감할 수 있는
부분을 제시해 주는 것",B
"기술개발 및 제품개발 : 생산성 향상, 고품질 채소, 항암채소, 저칼륨채소, 저전력 인공광 개발 등
판매처 확보 : 호텔, 백화점, 고급레스토랑, 유기농판매처 등
블로그 활성화 : 컨텐츠를 지속적으로 올리기
인스타, 페이스북에 홍보하기",C
"회계감사: 고객이 작성하는 재무제표의 적정성 여부에 관하여 독립된 제3자인 감사인이 전문가 의견을 표명함으로써 재무제표에 대한 사회적 신뢰성 향상
경영자문: 경영전략, 재무관리, 인사, 노무관리, 생산관리, 판매정책 등에 관해서 고객에게 효과적이고 성공적인 방안을 제시
인수합병: 고객의 수평적 수직적 합병 및 인수를 통한 기업 규모와 범위의 경제를 향상시키는 활동
세무자문: 법인세 신고 및 세무조정계산서 기타 세무관련서류의 작성 등 세법의 테두리 안에서 세부담을 최소화할 수 있는 최선의 방안을 제시",C
"고객사 및 근로자 만족을 위한 양, 질의 식사 제공
식품위생사고(집단 식중독 등) 방지를 위한 위생 검열
월 단위 설문 조사 및 고객사 노동조합 미팅 진행을 통한 불만사항 접수 및 개선
공관업무 적극 대응(위생국, 경찰, 환경경찰 방문 등)
고객 감동을 위한 월, 분기, 반기, 연간 단위 이벤트 진행 (뗏(구정), 쭝투(중추절, 추석), 여성의 날 등)",A
"완벽한 품질 시공
주기적인 시공사 관계자 인맥 유지",D
"신제품 개발
제품개발을 위한 Concept 개발, 고객 니즈 파악, 프로토 타입, Sample 생산 등
제품 생산
제품 생산을 위한 자재구매, 생산라인 정비, 라인 계획 수립 및 생산
제품 이동
생산된 제품을 해당 국가 및 채널에 배송하기위한 해상/항공 운송 작업실시
판매영업별 마케팅 활동
각 해당 채널에 할당된 제품 운송 및 배치, 관련된 마케팅 활동 수행 
사후 AS 요청 및 처리 주기적인 시공사 관계자 인맥 유지",B
"안전하고 신뢰할 수 있는 우수 식품 공급
신속하고 정확한 클레임 대처
식품 물류를 위한 철저한 위생 관리 
담당직원(수발주, 배송 기사)의 친절교육
신상품 또는 식품 관련 정보 제공",C
"고객 니즈에 의한 신제품 개발 및 불만 즉시 해결
고객과의 신뢰 확보",D
"의약품 등의 생산 및 판매(의약품, 의약외품, 의료기기, 건강기능식품, 식품, 화장품 등)",D
"지속적인 고객과의 소통
사소한 정보도 소중하게 전달하는 노력",D
"목표고객의 신속한 납기 요청에 대해 해외 본사에 요청하여 빠르게 대응
제품 불량시 적극적인 대응 및 교체
제품에 대한 각종 해외 인증서 및 기술자료 요청시 단시간내에 응답
총판권한으로 각 채널들의 영업권 보장",C
"양질의 인력을 공급하기 위한 국가별 인력 특성과 Management 제안.
해외 건설현장의 사전조사와 실행예산 관련 견적 참여
신시장의 선점을 위한 노동법 및 관련 규정 확인",C
"기존거래처를 활용한 다양한 영업 루트 활용
건설사를 통한 납품제안 및 수주
대리점 고객을 통한 영업 활동",C
"신규 수주를 위한 영업활동
기 수주 프로젝트의 효율적 관리활동 (품질, 안전, 공기, 원가, 규제)
준공 프로젝트에 대한 사후 관리
기존 고객들로부터 후속 사업 수주 및 발굴을 위한 고객 관리",B
"고객 니즈에 부합할 수 있는 전문가의 채용 및 육성
고객과의 원활한 소통을 통한 고객이 해결하고자 하는 문제에 대한 정확한 파악 및 진단
베스트 프랙티스에 대한 벤치마킹, 미래 트랜드에 대한 이해, 고객의 역량을 고려한 최선의 솔루션 도출
선정된 전략 및 솔루션에 대하여 고객사가 실행력을 확보할 수 있도록 지원 ",B
"경쟁사 대비 실적 증대를 위한 플랫폼 서비스 강화
금리 경쟁을 위한 중금리 시장 개척
온프라인 영업을 통한 광고비 절감
고객 편의를 위한 비대면 서비스 강화
다양한 여.수신 서비스 증대
민원을 줄이기 위해 전문 상담사 배치",A
"디자인에 필요한 프로그램의 원활한 작업을 위한 학습 및 숙달
제작 공정을 담당하는 파트별 공장과의 유대와 수준 점검
새로운 제작 기법을 보유하거나 수준 높은 술을 가진 공장의 섭외",C
"매출 규모가 적은 많은 소기업들과 거래를 하면서 한번 만나기가 2-3년 걸려도 꼭 한번씩 방문하여 불만 상황 외 요청 상황 등 우리가 개선해야 할 사항 파악하여 대응 해주는 일
CLAIM이 발생하면 적극적으로 개입하여 고객의 요청사항을 최대한 반영하여 신속하게 처리 될 수 있도록 함(CLAIM 전담 업무 요원 별도 있음)",B
"지속적인 고객과의 연결
끊임없는 신기술 개발
최상의 설비 품질
유저 요구에 대한 납기준수
전문 기술을 가진 엔지니어의 보유",B
설계도면 파악 및 분석을 통해 설계오류와 보안점 제안,D
"대량구매를 이끌 수 있는 고객을 추천을 통한 영업
전화영업을 통한 잠재적 구매자를 발굴
기존 거래처에게 더좋은 새로운 상품을 홍보하여 구매욕 높임
같은 상품 더 낮은 가격에 제공
반년단위로 새상품 출시
MRO / 폐쇄몰 / 복지몰 등 다각적으로 접근
고객에게 더 좋은 상품과 서비스를 제공
클레임이 발생했을 시, 잘잘못을 따지기 보다 고객이 원하는 방안으로 해결하여 고객만족 추구
기업체 방문영업",B
"전문 인력을 통해 신속하게 건설사, 설계사무소, 건축주, 시행사 등에 적극적인 제안 영업 
적정 수익을 통한 제품에 대한 품질 개선과 시공방법 개선을 통해 거래처와의 신뢰 관계 구축
거래처와의 기술세미나 및 공동 기술개발 적극 대응
신규 대형 현장에 대응할 수 있는 설비 및 품질 관리 시스템 구축
온, 오프 라인을 통한 제품 홍보 확대
입주 전 철저한 사전 점검을 통한 대 기존 고객 이미지 제고 및 시공 후 A/S비용 절감 ",B
"영업활동을 통한 특허기술의 홍보
대상 건축물에 대한 설계제안서 제출
실시설계에 대한 설계도면, 내역서 및 설계보고서 작성
특허기술에 대한 평가를 반영하여 지속적인 개량작업
기존 거래처(용역사)와의 유대관계 유지 및 기술지원 활동",B
"정보교류. 
광고주 개발
고객중심의 이벤트개최(포럼.세미나.토론)",C
미입력,
안전하고 친절하며 질서 있고 깨끗하게을 중점으로 고객만족을 추구합니다,E
"신기술, 공기 단축을 위한 기술 개발로 고객과 지속적 유대관계 유지
건설사, 설계사 수주 영업을 같이 도와주면서 신뢰도 향상",C
"부모, 인플루언서들의 SNS 활동에 제품 제공을 통해 고객의 사용후기 및 장단점을 착안한다.
고객의 요청에 의한 컬러 등 시대흐름에 귀기울여 제품생산 때 반영한다.
제품 구매한 고객에게서의 피드백(콜백, 문의전화)을 통한 디테일에도 반영한 제품 생산",B
"기업에 필요한 사항을 매월 확인한다.
회의에서 도출된 개선사항에 대한 공동으로 대응할 수 있는 준비
새로운 정보를 전달하는 커뮤니케이션 도구 이용 (페이스북 등 SNS)
협회, 학회에 참여하여 향후 개선 필요성이 대두되는 상황을 파악한다.
동절기, 하절기에 근로자 건강 위험요소에 대한 계절 이슈를 살핀다.
배송 리드타임 단축으로 안전사고에 대한 빠른 대응 전략",B
"광고 제안 , 광고대행, 홈페이지 제작 대행 
키워드광고 대행, 블로그 운영 대행 
유투브 영상제작, 리타겟팅 광고, 광고컨텐츠 제작 ",C
"면세점에 신규 진입하려는 기업에 입점 컨설팅 제공
기업의 브랜드가 면세점 시장의 Location 타당성 선행 조사.
예상매출 및 기대성과 낮을 시 충분한 검토 요구. 
브랜드가 얻게 되는 이익.  시장 분석
적합하다고 판단되면 브랜드의 제안서 작성 요령 및 입점에 관련된 Process 전달.
매장운영에 관련된 모든 정보 (전산, 물류, 판매관리, 외국어 가는 판매사원) 제공 ",C
"고객의 니즈에 맞춘 설문 설계
설계된 설문을 구현할 수 있는 프로그래밍 웹업
응답자 필터링을 통한 적정 응답 패널 선정
응답된 로데이터를 각종 분석 기법
분석된 데이터를 활용한 보고서 작성
정부 교육사업 기획 및 실시",C
"설계된 설문을 구현할 수 있는 프로그래밍 웹업
적절한 설문솔루션을 사용한 최단시간의 웹업
정부 교육사업 기획 및 실시
라임 패널 대여 서비스",C
"엔드 클라이언트를 대상으로 하는 마케팅 리서치
GS 패널 대여 서비스",C
특정 농산물을 구매 입찰 후 원물과 가공제품을 시장에 공급하여 국민들의 안전한 먹거리와 문화를 유지 계승 할 수 있도록 기여하는 회사입니다.,B
"신속한 행정, 친철. 좋은 작품을 설치한다  ",E
"신규 영업에 목표 사업을 지향합니다.
입찰과 수의계약 활동
기존 거래처 유지와 유대관계 유지",D
"판매 현장 근무와 매주 판매처 조사를 통한 고객 니즈 파악
해외 전시회, 해외 시장 조사를 통한 트렌드 파악 및 상품에 적용
글로벌 소싱을 통한 원가경쟁력, 품질 경쟁력 확보
주간 단위 판매 피드백을 통한 상품 반영, 가격 반영 
외부 온라인몰과의 판매 협업 ",B
"자체사업지 신사업 발굴
영업활동 및 경쟁입찰 등을 통한 도급공사 수주
고객의 니즈를 파악하여 세대평면 및 디자인, 제품 개발
준공 사업지 AS 관리
지속적 홍보를 통한 브랜드 가치 제고
사업지별 공정 및 원가 관리",B
"ALC 선진국인 유럽과 일본 등의 최신 공법 전파
대리점 뿐 아니라 직영 시범사업을 통해 장단점 파악 후 개선
ALC시공의 장점을 인지하고 선제적으로 도입한 건설사의 사례전파
최근 강화되는 불연 내화의 중요성에 대한 홍보",C
"차별화된 상품(한복) 준비
진정성 있는 고객응대
행사에 필요한 것을 같이 고민하고 준비함 (성공적인 행사를 치르게 됨을 기억한 고객들의 재방문)",C
"사전 영업을 통한 욕실 설계
적시 생산, 현장 시공
고객과의 유대관계 유지를 통해 고객의 니즈 파악, 기술 개발",C
"협력업체 등록 후 경쟁입찰
입찰을 통해 공사 수주시 시공계획서 작성 및 현장 운영, 시공, 공정관리 계획 수립
우후죽순 생겨나는 전국 연맹 노조 및 지역노조의 관리
공기 단축 및 최소 인원, 품질 확보를 통한 하자발생 최소화, 안전관리를 통한 공상비 최소화로 원가절감 노력",C
"LH,SH의 입찰 사전 정보 입수 및 내부인원관의 Network
금융사 담당자들과의 교류, 사업성 검토 대행을 통한 긴밀한 관계 설정
관공사 수주를 위한 입찰 정보 획득
개발사업의 방향성을 시대적 상황에 맞추어 기획 조정
토지 정보에 대한 사업성 검토 및 분양상황 수시 조사(지역별, 종목별)",C
"국내외 인기 아이템 수배
나이키 아디다스 같은 리딩 브랜드 소재 트렌드 조사
각각 브랜드에 맞는 소재 추천
소재 수급 고객 대응
원활한 오더 진행
반려견 견주의 불편사항 확인 개선 제품 만들기
기능성 원단을 통한 프리미엄 제품 만듦
브랜드 홍보를 위한 다양한 영업채널 사용
소량 생산 가능한 생산라인 확보를 위한 다양한 업체 소싱
제품 착용시 강아지에게 편안함을 추구함",C
"최고의 경쟁력 : 국내에서, 심지어 외국에도 가격, 품질, 납기등에서 타사보다 더 뛰어나도록 부단한 노력을 하고 있음.
회사 업무를 하면서 혼을 실어서 하도록 강조하고 있음.
항상 창의적으로 사고하도록 강조함.
상대방에게 신용을 잃지 않도록 많은 노력을 함.
회사내 구성원끼리 소통을 하여 시행착오를 겪지 않도록 수시로 강조하고 있으며, 경험한 바로는 소통을 하기 보다 편하게 혼자 생각으로 일처리를 하려는 경향이 많이 있음. 아마 귀찮고 노력이 많이 들어가니까 그런 것으로 보임.
다품종 제품 구비함: 제품 생산에 시간이 많이 걸리는 특성이 있어 기회비용이 들더라도 충분한 재고를 확보하여 수요자가 ONE STOP 쇼핑이 가능하도록 심혈을 기울이고 있음. 이렇게 하기 위해서는 충분한 자금, 넓은 공간, 운영 인력이 있어야 가능하므로 아무나 할 수가 없으며 국내 최고 수준을 유지하기 위해 노력하고 있음.
우수한 설비 구비함: 직원의 힘은 한계가 있으므로 우수한 설비를 통하여 최고의 생산능력을 유지하여 최고수준의 경쟁력을 유지하려고 노력하고 있음.",B
"해외 의존도나 독점율이 높은 고부가 가치 전자 부품군의 신규 개발시에 핵심 개발 파트너가 될 수 있도록 지속적인 고객과의 기술 영업을 통해 샘플 및 데모를 할 수 있게 노력하고수익 보다는 개발에 성공률을 높이기 위해 시간과 비용을 투자합니다.
개발에 성공한 제품을 양산까지 참여할 수 있도록 개발부 사업부 엔지니어 들과 단단한 네트워크를 구성하며 추가로 비즈니스 모델을 계속 창출 하도록 노력합니다.
후발 주자로 개발에 참여하는 경우에는 핵심 담당 파트너의 최우선 해결 과제가 무엇인지 파악하여 최단기로 솔루션을 제공하는 것을 목표로 합니다.
지속적인 파트너 역할을 하기 위해 서비스 품목에 대한 자동화 시스템을 계속 개발하여 불량 비율을 최소화하고 업무 대응 속도를 빠르게 개선 합니다.",A
"LH, SH등 사전 영업을 통한 설계반영 및 모델하우스 디자인 선점 제안
건설사, 시행사, 건축주, 관공서 등 현장 기술진과 공정 협의를 통해 적시에 생산하여 현장 시공 
원자재 업체와 협업으로 시방 개정 및 기술등록으로 시장을 선도해 나감
시대적 트랜드를 반영한 제품 개발을 지속적으로 한다",C
"제조사 영업을 통해 증설 프로젝트에 설계 반영 활동
원활한 납기 및 공기 준수를 위해 공정 일정 사전 파악 활동
지속적인 영업 활동을 통해 충성 고객 인맥 유지 활동
SNS통해 고객 동향 살피기 활동
주요 프로젝트 지속적으로 KEYMAN 관리 활동",C
"유통 도소매업 위주의 판매영업임으로 고객의 욕구에 맞는 제품을 런칭해서 공급 해 주는 것이 핵심
가격경쟁력 있는 제품 런칭",C
"요소기술 또는 기술 프로세스 정립이나 표준화를 통한 창의적이고 독창적인 기술
입주사전 어플을 통한 세대내 하자 사항 체크로 신속한 공정별 시공자 전달을 통한 하자 업무 감소 및 점검리포트 전산 공유
CM, PM 제안을 통한 건축사업의 전반적인 구성 및 자본조달 등 협력
다시 찾아오는 고객을 만들기 위한 피드백 운동 시행",B
"건설사 인맥을통한 수주spec-in 영업
프로잭드영업
재개발.재건축 영업
한전영업
환경부영업",C
"고객의 생활환경과 생활패턴 등을 파악하여 수술 후 가장 만족스런 시생활을 위한 연구 및 학습
의학적으로 어려운 것을 설명하기 위해서 많은 의학적 공부와 상담을 통해 고객눈높이의 상담스킬 연구
기존 고객의 지인을 소개 부탁",C
우수한 시공능력 및 신뢰,E
신뢰,E
처리기술 개발,E
"품질의 우수성 홍보
적기적소 납품
고객 신뢰도 유지",D
"목표고객과 공정 협의를 통해 적시에 생산하여 현장 시공
당사 영업팀에서 파악한 고객의 니즈를 제품개발팀에서 기술개발을 진행하여 제품생산
광고와 인맥을 통해 연락이 온 목표고객에게 영업활동
기존 거래고객에서 신규 프로젝트 진행에 필요한 협의 요청 시 당사 영업팀 및 제품개발팀에서 대응활동",B
신제품 홍보 관공서 협의,E
"품질유지, 적기공급",E
적기 생산공급,E
"신제품 개발 방법 공유 현재 시장에서의 트렌드 분석 등 공유를 통한 유대관계 지속
현재개발진행중인 파이프라인 소개와 타임스케쥴 공유로 향후 사업계획에 도움이 되고자 함.",D
신기술 개발,B
우수한 품질의 제품 공급능력 홍보,E
"신제품 개발, 품질관리",E
실 사용자의 욕구충족,E
SRF 연료의 품질 (일정기간 공익기관에서 분석자료 공개),E
"우수유출 저감법령 해소를 위한 신기술, 신공법 소개를 통한 설계반영 및 시공",D
건설사 대면 영업활동,E
"신제품 개발, 신기술 개발",E
"토지공사 온비드 공공기관 중개업소 개인 법인 등 다양한 채널을 통한 토지정보 확보
주변 네트웍을 활용한 토지정보 확보
시공사 및 금융사 네트웍 확보 및 유지관리",C
"지방 대리점의 니즈를 확인 실제 지방 관공서에서 요구하는 제품 성향 파악 후 고객사가 원하는 제품공급으로 경쟁사들과 차별화 된 제품 공급 및 이에 대한 마진율을 극대화 대리점에 수익율을 높여 줌으로 지속적인 거래선 유지 
지역별 대리점 책임 영업제 실시로 책임감 있는 영업활동 독려.
본사입장에서의 주기적인 자료 홍보활동",C
"당사 기획팀에서 파악한 고객 니즈를 명세서팀에서 기술 개발을 진행하여 특허 등록
외부 공급업체와 공동으로 업체를 선정하여 특허 등록
광고와 인맥을 통해 연락이 온 목표고객에게 영업 활동을 한다.
업계와 학계 등 인재 영입하여 영업활동.
기존 거래를 하고 있는 목표고객에서 신규 프로젝트 진행에 필요한 협의 요청 시 당사 기획팀에서 대응 활동",B
"난해한 공사 설치방법 및 장비 운용 계획 수립
안전성검토(산업재해 사전대비)",D
"브랜드 경쟁력이 치열해짐에 따라 전략적인 제품 준비를 통한 개발
유기적인 마케팅(지속적인 영업관리)로 새로운 변화에 대한 빠른 대처로 전문성을 갖춤
수입 병행에 대한 세밀한 조사 후 필요에 따라 적극적인 추진(해외브랜드 런칭)",C
"고객 또는 주요 담당자의 업무 가중치를 줄이고, 납품을 정확하게 실행하여 업무 부담감을 줄여준다.
향후 발생하는 고객의 불만사항 및 기타 건의사항들을 적극 수렴하여 지속적인 신뢰를 쌓아간다.",D
신제품 및 신규고객사에 당사 기술능력 PR 및 제품에 대한 정확한 원가분석후 입찰 참여가 이루어짐. 추후 입찰 합격 후 해당 공정의 심사 및 평가 후 최종 승인이 이루어짐,D
"지속적인 연구개발
지속적인 제조설비개량, 기술개발
잠재고객 발굴
요청사항 반영된 샘플의 신속 제공
발주에 대한 적기 공급
요청 문서의 신속 대응",B
"설계 반영을 위한 특허 및 신기술 도면 및 시방서를 건설사, 설계사무소, 발주청(관)에게 제안 영업",D
"규제의 강화에 따른 높은 등급의 창호재 개발에 의한 고객사의 시장의 선점 지원
신규 사업자에 대한 제작제조 행위에 대한 기술정보제공 및 인력정보 제공
원자재의 공동 발주로 원가 경쟁력 확보
시공성이 용이한 신제품의 개발
전 제품의 적정하고 합리적인 재고 관리로 빠른 제품의 공급",A
기존 사용 원료 대비 저렴한 원가 및 풍부한 물성이 나오는 제품 추천 및 발굴,D
"수주 활동
우수한 시공
ENG 및 기술 개발
협력사 발굴 및 동반성장
대내외 리스크관리",C
"소비자의 니즈를 충분히 파악하여 제품을 개발
거래처 매장에 당사 제품이 디스플레이되도록 샘플공급
건설사/인테리어사에 제품 소개하여 스펙토록 영업
거래처의 제품 공급계획 파악하여 상황 대처 
효율적 출고 관리를 통해 적기 납품 지원 ",B
"입원환자가 편안하게 치료받을 수 있도록 성의 있는 의료
보호자가 안심하고 환자를 입원시킬 수 있는 신뢰
직원만족을 통한 환자 서비스 향상",D
"조속히 스트리밍을 위한 코덱 개발 완료
3D immersive sound 관련 시네마, 블루레이 디스크, OTT 스트리밍 컨텐츠, 음반 제작 증대
Auro3D 브랜드화에 적극 노력
전세계 Auro3D 적용 성공 사례 공격적인 홍보",C
"매년 신규 동문들의 정보를 확인한 뒤, 기존 동문들의 직장이동, 승진 등의 이슈에 민감하게 반응하며, 유선연락, 미팅 등을 통해 동문과의 총동문회 사이 관계를 유지하고, 경기상황에 맞는 동문회보 광고 영업 혹은 총동문회 주관 행사에 참가 독려 등을 통해 주 수입원의 확보를 노력함
 동문회보 디자인과 광고지면 등의 활용 그리고 계약관계 상의 이윤배분 등을 철저히 하여 주 수입처를 연결함",B
"약정한 의한 월정수수료를 매달 수금
신고대행 및 컨설팅으로 비정기적 수익 발생",E
"대표 – 로얄 패밀리 인적네트워크
임원 – 관공서, 건설사 및 기업
영업사원 – 소비자
 : 신뢰를 쌓아야 성공할 수 있다",E
"고객사의 제품 생산 의뢰시, 원가 및 품질에 최적화된 제품을 설계하여 고객사에 제공하여 협의
고객사, 시공사와 공정 협의하여, 납기 일정 수립 후, 제품 생산하여 적기에 현장 공급.
안정적인 공정관리(설비유지보수, 안전관리)로, 계획 생산을 통한, 제품 납기 준수.
현장별로 제품의 포장 및 운송 방법을 다변화하여, 시공성 향상에 따른 시공 품질 개선.
원부자재 품질 관리 강화를 통한, 시공후 제품 하자의 선제적 봉쇄.
고객사와의 정기적인 협의로, 원할한 의사 소통 및 장기적인 비전 형성.",B
"물건의 실사확인
물건의 위치, 상태, 방향, 파손상태, 수리여부, 도로상태, 상하수도여부, 전기, 가스등 시설물 확인
물건의 담보여부 확인 – 융자의 과다여부, 융자유무여부 등",C
"제품 가공라인 예방정비
제품 포장라인 예방정비
제품 물류라인 및 지게차 예방정비 및 관리
해당인원 교육 및 관리",B
"항공기를 이용하여 지정된 노선별 안전 운항
예약부터 도착까지 편안함과 편리함 추구.",C
"당사영업에서 회사소개서를 정기적으로 영업할 대상업체에 DM발송.
식품특성상 클레임율에 대한 당사의 20여년간 운영 관리실적을 적극 홍보하고 고객사에 제품 불량에 대한 불신 해소
제품의 지속적인 개발을 통한 다양성 제공.
당사 제품을 취급하는 특판점 제품에 대한 우수성을 거래처에 간접홍보
특허제품을 취급 시 선점의 판매기회 제공.",B
"사전 영업을 통한 샘플 제품 제안
건설사, 시행사, 건축주, 관공서 등 목표고객과 공정 협의를 통해 적시에 생산하여 현장 시공
신제품, 시공방법 변경, 공기 단축을 위한 기술 개발로 고객과 지속적 유대관계 유지
당사 영업팀에서 파악한 고객 니즈를 제품개발팀에서 기술 개발을 진행하여 특허 등록
외부 자재공급업체와 공동으로 제품을 개발하여 공동특허 등록으로 기술보유
광고와 인맥을 통해 연락이 온 목표고객에게 영업 활동을 한다.
기존 거래를 하고 있는 목표고객에서 신규 프로젝트 진행에 필요한 협의 요청시 당사 영업팀에서 대응 활동
고객사의 성향을 파악하여 맞춤별 제품 제안",B
"관련 기관, 관련 기업, 관련 지자체 CE0 및 제품, 산업을 뉴스화 / 이슈화/ 쟁점화/ 차별화/ 글로벌화",D
"유기농 관련, 친환경 관련 트렌드 선점 및 표적시장 리딩 위한 공동 마케팅
유기농/친환경 관련 지자체 1차 농산물, 생산물, 건강식품 공동마케팅
건강기능식품, 제약회사 공동 제품개발, 협업 등
전시, 포럼, 지자체 인적 네트워크 강화",C
"정밀 사출을 통한 메모리 반도체의 검사장비 구현
국내 최초로 개발에 성공, 고품질의 제품을 합리적 가격으로 제공함으로서 국내 반도체 검사장비 산업의 발전에 이바지하고 있음
시장규모가 크지 않은 메모리 반도체 검사장비 시장영역을 넘어 비메모리 검사장비 영역으로 사업확대",B
"민간공사: APT, 오피스텔, 지식산업센터, 공장, 상가 등
관급공사: 도로, 철도, 항만, 교량, 농업시설, 관공서 등
분양사업: 아파트, 오피스텔, 상가분양 ",C
"핸드 프린팅과 디지털 프린팅 방식을 사용으로 고급스러움과 에코패션을 동시에 실현 고객요구에 부합하는 차별화된 소재를 지속적으로 개별연구
전 세계에 새로운 디자인 새로운 패브릭을 개발 공급 목표로 함.
신디자인 개발로 고객과 지속적 유대관계 유지
유튜브 블로그와 인맥을 통해 연락이 온 목표고객에게 영업 활동을 한다",B
"기존 타일 소매, 인테리어업체에게 지속적인 신제품 소개로 영업
블로그를 통해 시공사례와 납품실적 등을 소개
기존 건설사 고객에게 신규 프로젝트시 샘플 지원 등으로 영업 대응",C
"기획설계 : 프로젝트 시행전 사전검토를 위한 법규검토, 계략설계안 제시, 사업수지분석
계획설계 : 고객의 needs를 충분히 경청하고, 고객의 정서(눈높이)에 맞추어 대안제시
중간설계 : 설계안에 대하여 설계팀과 고객간 피드백 검토
실시설계 : 외부업체와 협업을 통하여 최적(공사비 절감, 공기단축 등)의 도면 작성 
사후관리 : 프로젝트 완료후 지속적인 현장방문, 관리자와 대화, 건축주와 피드백",B
"기술력 강화를 위한 교육과 인맥을 통한 영업력
시대에 맞는 트렌드를 통한 스타트업 회사 추구",E
항상 해외 고객의 요구와 필요에 따른 물건을 제공하기 위한 홍보와 노력으로 벤더에 지정되고 또한 기한이 경과하여 재계약을 위해서도 최선을 다하고 있음,D
"고객의 니즈에 대한 제품공급
고객확보 차원에서 리베이트, 광고비 지원
신제품에 대한 DB 지원
신속한 A/S 처리",D
광고와 인맥을 통해 연락이 온 목표고객에게 영업 활동을 한다.,E
"시행사, 관공서 등과 공정 협의를 거친 현장 시공입니다.",E
"시행사, 관공서 등과 공정 협의를 거친 현장 시공입니다.",E
"최적의 설계를 위한 제안 (목표 분양가 달성을 위한) 공법, 개정 법률, 인텔리젼트 사양 등을 제안하고 설계에 반영하여 최적의 상품을 만드는 컨설팅.
각종 부담금 (건설관련 세금)의 예정 부과에 대하여 법률적 검토, 판례, 국가기관 등의 유권해석 등을
통하여 적법하게 절감 방안을 제시하고 이에 따른 보고서 작성 후 절감 (심사청구, 민사소송 등)
국가에서 발주하는 기본계획, 타당성조사, 지역역량강화 사업 등에 대한 최적의 연구자료 작성
원가검증을 요하는 분야에 대한 최적의 연구결과물 제출 ",A
"진정한 고객감동 실현의 마케팅으로 지속적인 성장기반 구축
전국적인 물류센터 및 영업거점 확보
최고의 품질관리 시스템 구축
지속적인 시설투자 확대로 영업 경쟁력 강화",B
"최고의 품질관리로 안전사고 예방
전국적인 물류센터 및 영업거점 확보
분야별 전문가 양성으로 최고의 기술력 확보
지속적인 시설투자 확대로 영업 경쟁력 강화 ",A
"토지의 위에 따른 최적의 이익 창출 할 수 있는 건축물의 설정.
주변 여건에 부합 되는 인. 허가 관련 하여 관청과 적극적인 공무
예) 주상복합, 아파트, 빌라, 상가, 오피스텔 등 
양질의 협력업체(시공사, 건축사, 금융기관, 인테리어, 분양대행사, 광고사)등과
주기적 비주기적으로 일상의 업무처럼 정보를 공유 하고 적극적으로 협력 한다.",C
"필드 테스트 지속적인 수행
특허 확보
자체 연구소의 기술 개발
정부 과제를 통한 대내외적 신뢰도 향상 및 기술 확보
SNS 마케팅
국내외 전문가와 협업
해외 바이어 확대",B
네이버 구글 광고 및 전화영업을 통한 신규 고객확대와 업체 매칭 아이템 스펙을 통한 매출 창출 ,D
"당사품질 인증한 인맥을 통해 연락이 온 목표고객에게 영업 활동을 합니다.
신규업체 직접 방문하여 제품 및 가격정보를 제공하여 영업활동을 합니다.
기존거래를 하고 있는 고객에게서 신규 프로젝트 진행에 필요한 협의 요청시 대응활동을 합니다.",E
자체 개발진행 제품을 고객사의 니즈에 맞추어 설계하고 향후 사회의 발전에 따라 진행가능한 제품을 선정 및 개발하는 일련의 활동,D
"지속적인 신제품 개발, 품질향상, 원가절감 추구
공장 자동화 를 위한 지속적인 연구 ",C
"고객사 신규제품 금형제작시 도면 검토 및 양산화에 맞는 연구
고객사 요구에 맞는 납기대응과 A/S 대응",D
"신규업체에 직접 방문하여 영업활동을 합니다.
기존거래처하고 신규프로젝트 진행에 대응 활동을 합니다.
인맥을 통해 연락이 온 고객에게 영업활동을 합니다.",E
"지속적인 해외 전시회 참석으로 시장 동향 파악
시장 트랜드에 따른 신제품 개발
고객사 니즈에 대한 원가 절감 및 경쟁력 강화 제품 개발
신규 고객사 유치를 위한 사이버 카다로그 및 브로우셔 제작 배포
온라인 비투비 업체를 통한 고객사 창출",B
"고객요청 신규개발시 내부의 재품설계 대응으로 고객요구사항 충족. 
외부자재 공급업체와 긴밀한 협조통한 고객요구사항 충족.",D
"박람회, 온라인 신문 광고 등을 통해 고객사의 정보를 입수 및 시장조사
전화 및 이메일 등으로 회사소개 및 방문 미팅 약속.
제품 카타로그 및 샘플 제품을 지참하여 고객사에 방문하고 소개 제안
방문하여 확인된 고객의 니즈를 파악 (성능향상, 개발제품에 참여, 납품관리, 가격 등)
니즈에 맞추어 샘플, 신제품, 견적서 등을 제안
발주 및 재고운용 등 생산일정에 맞추어 고객사의 생산일정에 문제가 없도록 납기 관리
연구소의 개발 프로세스에 참여하여 가격 경쟁력 및 성능향상에 기여",A
기존 거래처에 모든 역량을 발휘하여 기존고객에 집중하는 것이 최선이라 생각합니다,E
"정기적인 고객 미팅을 통해 신규로 기획되는 제품 개발 계획 등 신규 정보를 꾸준히 확보
갑자기 요구되어지는 부품이나 모듈 요청에 적극 대응
고객이 제품 생산을 위해 요구되는 단계들 중에 해결하기 어려운 업무에 최대한 협조
고객과의 소통 또는 인터넷을 통해 신규 고객을 꾸준히 발굴
전자 부품이나 모듈 등을 신속하게 찾고, 수입하기 위한 유통 라인 점검 및 개선
전자 부품이나 모듈 등 직접 제조하기 위한 생산 라인 점검 및 개선",C
"고객의 요구사항을 정확히 파악하고 성능과 품질에 대한 조언으로 좋은 제품 개발에 집중.
고객사와 지속적인 유대관계로 상호 신뢰 구축.
지속적인 품질관리와 품질문제에 대한 적극적인 대응.",C
"A사, B사
-당사 영업팀에서 파악한 고객니즈를 연구개발팀에 신제품 및 신기술 지속적으로 소개히여 개발진행.
 기존 고객을 대상으로 신규 프로젝트 및 변경사항을 체크하여 협의 요청시 영업팀에서 대응.
 외부 자재공급업체와 지속적인 유대관계로 원활하고 신뢰할 수 있는 자재확보 및 개발.
 트랜드를 조사하고 적용하기 위해 지속적으로 전시회 참관 및 관련자료 검색",B
"아파트 부지 확보(민간, 정부 조성 부지)
부지취득 원가 절감
대 정부 인허가 활동 
아파트 및 상가 분양업무
아파트단지 및 상가 합리적 관리 ",C
"회사가 가지고 있는 역량을 최대한 평소홍보
가격경쟁력을 통한 경쟁력확보
새로운 기술 도입으로 인한. 차별성확보
적기공급을 위한 공기준수",D
"발주기관 사전영업을 통한 입찰참여
발주기관의 입찰참여시 우수한 사업수행계획서/기술제안서 제안 역량 확보
용역 수행 참여 인원(건설사업관리기술인)의 역량 향상
기존 용역수행중인 현장에 대한 철저한 관리를 통한 발주기관으로부터 우수한 기술력/수행역량 인정받고 신뢰를 확보
고객의 이익확보를 위한 신제품/신기술 도입, 시공방법변경, 공정관리/품질관리/원가관리/민원 및 환경관리 등 지속적인 관리활동",B
"건축물(공동주택) 전기, 정보통신, 소방분야의 설계에 오류가 없는 설계로 고객만족 확보
  (LH 설계 사후평가로 S~D등급의 설계건수 제한)
건축설계사무소, 건설사와 신뢰 확보
기술력을 통한 혁신적인 설계를 가지고 건축설계사무소, 건설사에 기술제안방식 컨소시엄 활동
PQ 점수 확보를 위한 특허 등록
발주처가 요구하는 감리용역을 수행할 수 있는 자격보유자 확보 
4차산업혁명 기술과 한국판 뉴딜(디지털, 그린뉴딜)의 스마트시티 전문 연구용역을 위한 정보수집 및 대외 전문가 활동
발주처가 요구하는 설계, 기술 자문 활동",A
"첨단장비 제어기술 기반으로 다양한 분야에서 VR 및 AR 기술을 이용하여 가상현실(Virtual Reality)을 통해 실제와 동일하게 훈련이 가능한 환경 개발. 물리적인 방법의 훈련체계뿐 아니라, 4차 산업을 이끌어 갈 인공지능 기술과 결합이 가능한 최첨단 통합훈련체계를 개발하여, 전 세계에 제품과 기술 공급 목표로 함",B
"모임과 단체활동으로 인한 관계유지
광고와 인맥을 통해 연락이 온 목표고객에게 영업활동을 한다",E
"4C분석(환경 트렌드 고객 경쟁사 자사 분석)
온라인 분석
STP전략 분석(시장 찾기, 고객이해하기, 포지셔닝 찾기)
컨셉 찾기
브랜드 전략 제안(네임, 슬로건, 스토리 체험 콜라보 등)
마케팅4P1S 전술 제안
온라인 마케팅 전술 제안
국내외 유통 접근 및 개척
자금유치, 사업제안서, 신제품개발, 신사업개발",B
"기업고객이 선호하는 우수 브랜드의 상품이나 트렌드 상품을 분석하여 총판 및 독점 혹은 판매대리점 자격 획득 후 상품기획 및 마케팅 활동에 참여
유통트렌드를 분석하여 선호되는 상품군을 선정하여 시장조사후 제조사나 수입사를 통해 상품 소싱
최종사용자인 대기업, 중견기업이나 중소 유통판매회사들이 필요로 하는 제품포장, 물류, CS, 고객 피드백 등을 자체 물류창고와 자체인력으로 시스템화하여 신속한 고객대응이 장점임
중소 유통판매회사들이 필요로하는 웹이미지,웹자료등을 신속하게 제작, 지원",A
"거시경제 등 Market Information에 기반한 고객/시장 수요 예측
수요 예측에 기반한 제품 생산-판매-재고 관리 (Sales & Opearation)
고객/시장의 니즈 및 경쟁사 제품에 대응하기 위한 신제품 상품기획 및 개발 
딜러 개발/육성 및 Key Account (대형 수요처) 등의 영업 역량 강화 
Tier 1 경쟁사 수준의 제품 품질 확보
가격 경쟁력 유지를 위한 지속적인 원가절감
굴삭기 자동화/전기화 추세에 대비한 기술투자 ",B
"건설사 및 설비업체의 시공상 불편함을 줄이는 개발 활동을 한다
단발성 거래보다는 지속적인 거래를 위해 인맥관리 활동을 한다",D
"건설사, 설계사무소 설계제안을 통한 반영
간편시공법 개발로 특허 취득으로 구매고객 확대
품목 확대로 다변화 추구
다양한 품목으로 선택과 구매욕구 충족",C
"솔루션 도입을 통한 효과 및 사후 관리서비스
물류 접수 플렛폼 운영으로 고객의 편리와 시간절약",D
"일반적 부직포형 마스크 뿐 아니라 기모형태의 폴리에스테르 등 다양한 소재/다양한 색상(화이트,블루,핑크,블랙)의 차별화된 제품력을 바탕으로 저가형부터 프리미엄급까지 고객사의 선택폭을 넓힘.
고객사 로고 등 원하는 니즈를 최대한 반영 제안.
기존 고객사 신제품 개발시 식약처 허가등록 등 원스톱 서비스 제공.
해외 수출품에 대한 OEM 진행시 다양한 노하우를 통해 국내외 법규 이행 및 포장디자인 등 신속하게 진행.",C
"현재 중소기업 상황에 맞는 부품조달 및 기계제작
대기업 상담을 통한 맞춤 기계 제작
자동화시스템 기계 개발 및 설치",C
"대기환경보호법 및 수도권대기환경보호법 등의 발효로 LPG로의 연료전환 설계 제안
도매 가스사업자와의 인맥을 통해 소개 마케팅 목표고객에게 보일러/버너/AS 판매 등의 영업
고객의 현재 사용연료의 경제성 검토 컨설팅을 통해 연료전환 제안
국내 최대 LPG공급사와 공동으로 LPG공급 영업망 확충 및 그에 따른 산업용보일러 고객 확보
국내 아스콘 생산업체의 LPG로의 연료전환 제안과 그에 따른 버너 판매
KT의 ENERGY GIGAtopia 일환으로 big data를 활용한 에너지효율화사업 사업파트너-산업체부문",B
"관공서(상수도사업소등) 계획 및 예산확인
조달청 공공입찰 확인",E
"신규 기술 세미나를 통한 신규 제품 수주로 고객 지속 유지 및 신규 확보
가격 경쟁력 확보를 통한 BIDDING 참여하여 개발 수주 및 양산 전개
신성장 동력인 5G 관련 산업 제조업체 SERCH하여 마케팅부서에서 영업 추진(5G 안테나 케이블 모듈)
※ 당사의 5G 안테나 CABLE 모듈이란 기존에는 CABLE을 전선으로 사용했지만 mmWave의 속도를 전송하기 위해서 FPCB로 대체한 모듈임",B
"고객 기술 트랜드에 밎는 기술 로드맵 제시와 정기적 미팅과 목표 과제 설정 수행
고객사 제품에 채용될 기술과 고객 경쟁사 제품보다 우위 확보에 대한 당사의 맞춤형 제품 개발로 기존사에 비교 우위로 전략적 기술 장벽 구축(세계최고 제품 리딩 경우)
마케팅 인력들의 기술 영업력 확보로 고객 니즈에 맞는 적기 대안 제시와 스피드 확보 
상시 글로벌, 국내 시장 변화와 동향 등 트랜드를 분석하고 이를 통한 정보를 활용하고 고객 핵심 인원들에게 적절히 재공 함으로서 개인적 조력사로서의 관계십도 유지
고객사와 대학교, 연구기관들과 다양한 기술 부분에 있어 3사 산학활동을 진행 차세대 기술 확보와 특허 등을 공유 전략적 파트너쉽 강화 활동",A
"생산 공정의 기술 트랜드 변화가 있는데, 빠른 기술 습득을 통한 제안 활동 
장비 단가를 줄이기 위한 내부적인 개선 활동, 우수한 협력사 발굴 ( 가공업체 )
신규 시장의 경우 새로운 장비 연구개발 및 고객사에 데모 시연을 통해서 한발 빠른 영업활동. 
고객에 제안과 CS를 통해서 지속적으로 유대관계를 유지한다.
신규장비 개발시 특허 등록해서 회사 자산으로 등록",B
"대리점주와 설계사들에게 제품기능 및 건강에 대한 배움과 솔루션 제공
지속적인 연구 개발로 특허 등록을 통해 기술 보유 
보도자료와 함께 제품 세일즈를 위해 이벤트 진행
사회공헌 CSR활동을 통해 건강관련 사업 후원(ex. 여성단체, 희귀난치성환아)
CCM활동을 통해 공정거래 지속
수직계열화로 원료부터 완제품까지 일원화 시스템 유지
프로모션을 통한 영업활동(ex. 샘플지원, 2+1지원)
방문판매에 관한 외부강사 강의 노하우 전파와 대리점 영업 컨설팅",A
당사는 욕실자재 생산업체인 대림비앤코의 국내 최대 대리점으로서 건설사 및 유통업체에 대림제품공급,E
"공장 공조설비 설계 및 시공
사무동, 식당동, 직원 기숙사 대상 중앙공조 및 개별 공조 시스템 설계 및 시공
신규 공장 건립에 따른 컨설팅 자문 계약
용역 대행을 통한 수익 ",D
"신제품 출시 전 충분한 테스트 진행을 통해 부작용 최소화
충성 고객을 대상으로 제품의 개선사항 의견 수렴 및 반영을 통해 지속적 유대관계 유지
자체 연구실, 생산설비 시설 확보로 원가 절감 및 핵심 기술 확보
다양한 방면의 전문가들과 협력을 통해 심도있는 상품화 검증 단계를 거쳐 신개념 제품 개발 출시
현장 업무 및 고객지원팀에서 파악한 고객의 변화된 니즈를 제품에 반영하고 전문 연구센터에서 관련 특허를 지속적으로 연구/개발
기술 제휴 가능한 관련 업종의 동향 및 시장파악으로 파트너사 지속 발굴
긴급/위기 상황에 빠르게 대처하기 위해 고객상담실 24시간 운영 ",A
"인테리어, 건설사에 제품 제안을 통한 SPEC영업
기존 거래처를 통한 신규거래처 생성
유선 또는 현장미팅을 통한 구매문의시 적극적 대응",C
"가정용 욕실 및 공용화장실 설비아이템 SPEC제안
온라인판매를 위한 욕실 아이템 개발 및 홍보",C
"사전영업을 통한 제안
신제품 설치를 위한 자세한안내",E
"주력제품인 타일은 유행에 민감한 제품 임. 이에 분기단위로 시장에 선보일 디자인들을 상시 개발하여 고객의 니즈와 시장의 요구에 맞춘 제품의 제안
해외 생산의 특징상 가격경쟁력이 있는 공장의 제품을 상시 제안
제품의 특성상(SIZE, 질감 등) 미성숙한 시장에 새로운 제품을 제안하여 끊임없는 가능성 확인
영업조직의 기동성(다양한 고객과 적시에 만날 수 있는)확보를 위해 업무 최적화
수입 제품의 특성상 환율이 원가에 미치는 영향이 크므로 환헷지 등 금융활동
고객사의 동향, 정책 등 민감한 사항에 대한 발 빠른 대응",A
"단순히 설계 소프트웨어만을 판매하는 것이 아닌, 고객과의 지속적인 교류를 통해 니즈를 파악하여 고객의 니즈에 맞춘 기술 개발을 자체적으로 진행 및 고객 맞춤형 솔루션 제공
ZWCAD, ZW3D, CADbro, CADPocket 및 3rd-Party 제품의 기술력 및 3D스캔, 보안솔루션, AI기술 등 다양한 분야의 4차 산업혁명 시대의 유망기업들과 협업하여 스마트팩토리, 스마트시티 구축을 하는데 있어서 최적의 디지털플랫폼 환경을 제공
언택트 시대에 맞춘 클라우드 서비스 제품(CADbro)을 통해 복잡하고 무거운 도면 작업으로 인해 비대면 협업이 힘든 3D설계 근무자들에게 최적의 협업 솔루션 제공
personal mobility의 발전으로 인해 국내 및 해외에서 많은 수요가 발생하고 있어, 자체 기술력을 통해 전동킥보드 개발 및 공급을 목표로 함",B
"소개영업을 위하여 많은 사람과 접촉
법인대표와의 세무적 문제 해결을 위한 학습
FC들의 활동을 지원하기 위해 조인웍
신인FC의 발굴 및 입과 리쿠르팅 활동
기계약자 철저한 관리
수금업무 및 보험금지급 관리업무",C
양질의 타일 및 위생도기 제품을 시공사에서 믿고 쓸 수 있도록 기술 제안을 한다,E
"프로젝트별 친환경 관련 인증 취득을 위한 최적의 솔루션 제공
(제로에너지 건축물 인증, 녹색건축인증, 건축물 에너지효율등급 인증,
장애물 없는 생활환경인증, 장수명 주택인증, 등 )
건축물의 생애주기비용 (Life Cycle Cost)을 최소화, 최적화 시킬 수 있는 솔루션 제공 및 상세한 분석 데이터 제공",E
"영업 조직이 수시로 고객의 니즈를 파악하여 회사에 보고
회사에 보고된 고객의 니즈를 로드맵으로 작성하여 컨설팅 및 연구개발 조직이 SW개발에 집중
제품 설명회를 통하여 고객과 제품의 간극을 최소화함",C
"건설사 스팩영업 / 납품관리
온라인 상품판매를 위한 상품개발 및 판매관리
인테리어업체 상품 판매관리",D
"인터페이스 프레임워크, 비즈니스 프레임워크, 미들웨어, 시스템 매니지먼트, 리호스팅, 데이터베이스 관련의 판매 및 클라우드 환경의 솔루션 제공
제품의 유지보수를 위한 QA활동, 연구개발 활동
제품의 홍보를 위한 영업 활동
고객사에게 제품의 사용법을 알리는 강의 활동",B
"설계영업을 통한 설계 반영
고객관계 유지
연락이 온 고객 응대",D
"수요를 예측하는 것 입니다.
예를 들어서 오래된 경험을 바탕으로 화물차 수요가 발생하는 곳을 알아내는 것인데,가장 힘든 일이며 산업수요를 어떤 업체가 필요로 하는 곳이 어디인가?
어떤 차종이 필요한가? 필요에 따라 새차를 개발하여야 하는가? 그럼 납기는 얼마나 걸리는가? 등을 처리해 주는 것이 핵심활동이라 하겠습니다. ",E
"당사는 다양한 산업 분야의 경험과 통찰력을 활용하여 전문 솔루션을 개발하고 제품 혁신을 주도하고 비용 절감, 공급망 효율성을 높이고 출시 시간을 단축합니다.
당사의 최첨단 자동화 및 공정 안정화 기술을 통해 가장 효과적인 비용으로 효율성을 개선하고 신속하게 확장하며 기대하는 품질과 신뢰성을 실현할 수 있습니다. 
당사의 전문가 팀은 매우 복잡한 작업을 대규모로 관리합니다. 고급 보안 프로세스와 품질 및 신뢰성 애플리케이션에 대한 투자와 함께 당사는 고객이 요구하는 성능과 신뢰성을 제공하는 동시에 고객의 IP를 보호합니다. 
당사의 자동화 된 제조 서비스에는 다음이 포함됩니다. 
1)	고도로 자동화 된 환경에서 공정 최적화를 통한 유연한 24/7 제조 자동화 된 제조 솔루션을 설계, 설치, 시운전, 검증, 운영 및 통합합니다. 
2)	광범위한 자동화 프로세스를 운영, 관리 및 개선합니다. 
3)	규제 및 통제 된 환경에서 규정 준수를 위한 강력한 위험 관리 라인 커미션, 설치 및 턴키 검증, 시설, 유지 보수, 노후화 및 고객 별 라이프 사이클 솔루션을 포함한 제품 개발 서비스 품질이 보장 된 고객 중심의 유연한 노동 모델 고객 중심 물류 지원 솔루션",B
"시행사와 자산운영사에 물류센터에 관련된 부지 정보 및 공기 단축 제안
건설사에 VE으로 인한 건축비 절감 및 하자에 대한 리스크 해결 제안
설계 및 감리에는 외국 우수 자재 및 공법 소개, 안전에 관한 시공 방법 제안 1",C
"치열한 경쟁속에서 생존하기 위한 대 고객 서비스 실현.
급변하는 환경에 적응하기 위해 매장의 분위기 및 상품 구성의 끊임없는 변화 추구.
1인가구의 출현, 혼밥, 혼술족 등 고객의 변화된 needs를 위한 상품 개발. 
대형유통의 확산으로 인한 대응 방안 강구.
글로벌화를 위한 인재육성.
코로나19로 인한 untact시대에 맞는 온라인 진출",B
"치열한 경쟁속에서 생존하기 위한 대 고객 서비스 실현.
급변하는 환경에 적응하기 위해 매장의 분위기 및 상품 구성의 끊임없는 변화 추구.
1인가구의 출현, 혼밥, 혼술족 등 고객의 변화된 needs를 위한 상품 개발. 
대형유통의 확산으로 인한 대응 방안 강구.
글로벌화를 위한 인재육성.
코로나19로 인한 untact시대에 맞는 온라인 진출",B
"고객사와의 원활한 Network 유지 및 구축을 위하여 국내는 지역별로 물류센터 및 공장을 구축하여 지속적이고 주기적인 관리체제를 유지함
해외 현지 공장들은 주기적인 방문 및 국내 연구소 (본사)와의 채널을 통한 원활한 소통에 노력
신차 개발시 기존의 Data를 활용한 신속한 선재 대응.  시트 부품의 특성상 신차 개발시 주요부품에 대비하여 통상 늦게 개발이 진행되기에 상대적으로 개발 기간이 짧아 신속한 대응이 요구됨",C
"공모, 입찰을 위한 사전 영업
설계 반영을 위한 도면을 건설사, 설계사무소, 건축주에게 제안 영업
건설사, 시행사, 건축주, 관공서 등 목표고객과 공정, 품질, 기술 협의를 통한 책임 시공
시공방법 변경, 공기 단축을 위한 기술 개발로 고객과 지속적 유대관계 유지
광고와 임직원 인맥을 통해 연락이 온 목표고객에게 영업 활동
기존 거래를 하고 있는 목표고객에서 신규 프로젝트 진행에 필요한 협의 요청시 당사 영업팀의 대응 활동",B
신기술개발을 통한 생산성향상과 원가절감,D
"원가절감을 통한 발주자 신뢰확보
최첨단 제품 적용을 통한 고객만족 증대
원스톱 하자처리 및 지원
기술개발을 통한 지속가능경영
신사업 창출을 통한 미래 먹거리 확보",C
"새로운 매입처 확보
최선의 가격 확보
제품판매. 
장비임대",D
"영업 및 마케팅 : 새로운 기술을 기반으로 개발된 솔루션을 홍보 및 데모시연
기 납품한 고객에 대한 고품질의 기술 지원
고객의 요구에 맞는 솔루션 발굴 및 개발",B
"현 제품에 대한 판매영업/마케팅 활동
신규 기술/제품 개발, 시험 및 보급
고정 거래선과의 파트너십 공고화로 윈-윈 사업 발굴
연관/확장사업을 위한 연구개발
미래 신규사업을 위한 잠재 파트너와 콜라보레이션
혁신적인 기술/사업 발굴을 위한 교육 참여, 정보 취득 활동
심층 검토를 거친 아이디어의 사업화 추진
국내시장에서 검증을 통해 해외진출 노력
국내외 정책사업화 개진
외부 협업을 통한 시너지로 규모의 사업화 전개",A
"목표고객의 니즈를 통해 협의하에 당사에서 대응하고 있습니다.
대형유통업체를 비롯하여(롯데, 농심, 대형온라인유통시장 등) 타 유통업체들의 의견을 적극반영하여 물량조절과 클레임 사후처리 등 품질활동
다수의 특허를 보유하고 있으며, 해외와 국내 공장 커뮤니케이션을 통한 제품 문제점 개선",C
"상장기업 등의 재무분석 등: 재무적 측면, 비재무적 측면, 대외변수, 인적 역량, 거래량 등을 다각도로 검토하여 투자가능 기업군을 Screen함..
Research 활동: 투자가능 종목에 대한 기업방문 등을 통한 현황 파악
자산배분: 업종별, 산업별, 테마별 등 다양한 방법을 통해 펀드 등에 대한 자산배분 
포트폴리오 투자: 펀드 등에 유가증권별, 기업별, 국내외별, 통화별 등 정해진 투자계획서, 신탁계약서(약관) 등에 의거, 다양한 방법으로 투자
고객 방문: 회사의 투자 철학, 원칙 그리고 상품군 설명 등을 위한 판매채널 및 연기금 등 수시 방문",A
전통적인 설계활동 및 첨단기술과의 연합모형을 구상 개발하여 새로운 블로오션을 추구한다,D
"신속한 법규정 개정 사항을 고객에게 전달 및 설명
공동도급을 위한 PQ(사전적격심사제도) 만점을 받을 수 있도록 회사 경영상태, 유동비율, 신용도, 기술자 보유 등 확보
다양한 분야의 심의위원들과 평상시 교류
고기술력의 임직원 확보
신기술 도입 및 특허 등록 활동",C
"현장에서의 고객 불만 사항을 적극적으로 수용함과 동시에 품질 관리부의 빠른 대응으로 소비자 불만 해소
각 대리점의 고객 니즈를 영업부 및 연구소에서 모니터링 하여 고객의 요구에 부합하는 품질 향상 및 신제품 개발
신제품의 지속적인 셈플링으로 고객에게 정보를 제공하여 소비를 촉진한다.",C
"기존의 공공기관 또는 기업에 SW개발 품질 검증을 통한 지속적인 운영 용역을 확보
나라장터의 신규 개발사업에 입찰을 통한 컨설팅, SW개발 등 사업수행
기존의 고객들과 협업을 통한 또 다른 신규 사업발굴 ",B
"회원사와 신기술과 관련된 인력풀 공유로 빠르고 질 좋은 기술력 확보
납품되어 사용되고 있는 시스템에 대한 만족도 높은 유지보수 및 신기술 제공",C
"인적 관계 형성
다양한 네트워크 (인적 및 물적(생산 공장)
신상품 발굴 및 개발
가격 경쟁력 확보",C
"고객의 니즈에 맞춘 다양한 상품 설계
금리, 대출한도 등의 가격경쟁력 확보
빅데이터와 AI 기술을 활용한 개인화 경험
친절하며 전문성 갖춘 금융인력을 통한 영업
기업 재무설계와 수출입 금융 컨설팅을 통한 영업",B
"시행사 및 민간 공사를 원하는 건축주와의 협의를 통한 도급공사 계약
적절 입찰가를 통한 공공입찰공사 입찰
사업성 좋은 입지 결정 후 자체분양현장 개설",C
기존 거래를 하고 있는 목표고객에서 신규 프로젝트 진행에 필요한 협의 요청 시 당사 영업팀에서 대응 활동,E
"유제품 회사 간 제품 차별화가 거의 불가능
특히, 매출의 대다수를 차지하는 흰우유의 경우 차별화가 더 힘듦
서울우유의 고급화, 친숙화를 통한 프리미엄 우유로 고객 소구
1.	경제사업
가.	가공사업(음용류 판매)
-	고객센터(대리점) 판매 확대 : 지역 할당 판매
-	대형마트(이마트, 홈플러스, 홈플러스 등), 온라인(쿠팡 등) 판매
	서울우유협동조합 – 조합원(목장주) – 고객센터(대리점)의 핵심 연결고리를 중시
-	서울우유 : 제품 개발 및 직접 판매, 고객센터 : 물류 및 판매, 조합원 : 원유 생산 등
2.	구매사업 
-	조합원 판매 촉진 : 지역별 책임수의사, 서울우유 직원의 직접 홍보
가.	서울 수도권 내 8개 센터 보유( 책임수의사, 직원 상주)
	조합원의 생산이나 생활에 필요한 물자를 외부에서 구입하기 위한 OEM 업체와의 협력과
	운반, 보관, 가공하기 위한 서울우유 내 자체 능력
3.	신용사업 : 
-	예금 대출 차익 등 시중 은행과 유사
지역별 수신과 여신을 확대하기 위한 근처 조합원과의 유대 관계 유지",A
"설계사, 시공사와 협업을 통한 혁신주거 문화 창출
철저한 사전 시장조사를 통한 분양가격 결정
토지 구입 전 가설계를 통한 수익분석 
타 업체와 차별화 전략으로 가치창출",C
"사전 영업을 통한 입찰참가
발주초로부터 시장조사 요청/보고
마케팅 전략 계획 수립 후 PT 참여",D
"통합생산관리시스템 구축을 위한 사전 컨설팅 및 분석 활동
시스템 인프라 제안을 위한 프로젝트 사전 정보 수집/제안작업
통합유지보수 사업 수행을 위한 현황파악, 분석 등의 컨설팅 활동 및 제안작업",C
이동통신사(KT) 건설사 등 목표고객과 공정 협의를 통해 적시에 생산하여 현장 시공,E
"모델하우스 설치를 위해 시공사에 욕실 제품을 영업한다
건설사, 시행사, 건축주, 관공서 등 목표고객과 공정 협의를 통해 적시에 생산하여 현장 시공
신제품, 시공방법 변경, 공기 단축을 위한 기술 개발로 고객과 지속적 유대관계 유지
당사 영업팀에서 파악한 고객 니즈를 제품개발팀에서 기술 개발을 진행하여 특허 등록
외부 자재공급업체와 공동으로 제품을 개발하여 공동특허 등록으로 기술보유
광고와 인맥을 통해 연락이 온 목표고객에게 영업 활동을 한다.
직영 전시장에 찾아오는 고객에게 인테리어 맞춤 디자인을 통해 영업한다
기존 거래를 하고 있는 목표고객에서 신규 프로젝트 진행에 필요한 협의 요청시 당사 영업팀에서 대응 활동",B
"환경경영 : 친환경 제품 개발, 자발적 온실가스 저감 노력
경쟁우위 확보:품질 및 원가 경쟁력 확보, 기존 사업과의 연계성을 통한 사업 다각화 추진 
고객만족 실현:IT기술을 활용한 생활문화 가치 제공, 고객의 다양한 NEEDS에 부응하는 제품을 공급
모델하우스 설치를 위해 시공사에 욕실 제품을 영업
건설사, 시행사, 건축주, 관공서 등 목표고객과 공정 협의를 통해 적시에 생산 제공
신제품, 시공방법 변경, 공기 단축을 위한 기술 개발로 고객과 지속적 유대관계 유지
외부 자재공급업체와 공동으로 제품을 개발하여 공동특허 등록으로 기술보유
광고와 인맥을 통해 연락이 온 목표고객에게 영업 활동을 한다. 
새로운 사업영역의 확대, 친환경 기업 이미지의 강화",A
"환경경영 : 친환경 제품 개발, 자발적 온실가스 저감 노력
경쟁우위 확보:품질 및 원가 경쟁력 확보, 기존 사업과의 연계성을 통한 사업 다각화 추진 
고객만족 실현:IT기술을 활용한 생활문화 가치 제공, 고객의 다양한 NEEDS에 부응하는 제품을 공급
모델하우스 설치를 위해 시공사에 욕실 제품을 영업
건설사, 시행사, 건축주, 관공서 등 목표고객과 공정 협의를 통해 적시에 생산 제공
신제품, 시공방법 변경, 공기 단축을 위한 기술 개발로 고객과 지속적 유대관계 유지
외부 자재공급업체와 공동으로 제품을 개발하여 공동특허 등록으로 기술보유
광고와 인맥을 통해 연락이 온 목표고객에게 영업 활동을 한다. 
새로운 사업영역의 확대, 친환경 기업 이미지의 강화",A
"기존 고객과의 신뢰를 통한 만족도 극대화를 최우선 함
신제품의 정보제공 및 시연을 통한 고객의 욕구를 파악
각종 세미나 참석 권유로 인한 영업활동과의 연계로 매출 향상에 기여",B
"정기 방문을 통한 시스템 점검과 진단에 의한 안정적 영업 최우선
고객에 필요한 정보제공과 시장 변화에 대비한 방향 제시
변화하는 시장 분석 능력과 향후 발전 가능 업종을 연구 개발하여 사용자에게 최적의 정보제공
신제품 발표회 및 각종 세미나 참석에 의한 유대감을 바탕으로 인적 교류 확대",C
"원자재 및 제조과정에 대한 이해로 고객 니즈에 맞춘 토탈 솔루션 제공
건설사 및 제조사의 판매 구조 및 유통과정에 대한 이해 및 접근
여러 시장에 대한 인맥으로 영업 및 시장조사 필수
제조업기반 프로그램을 운용하고 기술 영업
신규아이템 개발을 위한 재산권 및 특허 기술 보유",C
"설계에서 가공, 조립까지의 One Stop System
COK → MCT가공 → 조립 
Insert → 금형 → 사출 → 조립 
지속적인 연구개발과 품질관리 
최고품질, 최단 납기 확보_ 자 공정 완결
시너지 효과 극대화",C
"타 업체 경쟁관계 대중화된 사업은 피하고, 고부가 가치의 양방향 생중계 라이브.",D
"재개발, 재건축조합의 고급수입가구 설계제안
민영건설사와의 협의를 통한 국내제작가구 해외수출시공제안
KS, 환경마크, 단체표준, 특허권 등 인증으로 외부 공신력확대 영업
국내부자재와 수입부자재(경첩. 힌지 등)의 차별화로 민영건설사 영업확대",C
"고객의 부동산개발 및 건축사업에 대한 설계 서비스의 제반 업무
정부 및 지자체의 도시계획을 위한 도시 설계 제반 업무
설계 수주를 위한 영업 활동",C
유해화학물질 규제 동향 분석 및 기업 대응 지원,E
"IT 인터넷데이터센터(IDC) 운영
시스템 통합(SI) 공공기관 및 기업 IT인프라 구축 및 유지보수
보안 컨설팅",D
"욕실의 시공 방식은 습식과 건식방식(시스템욕실)으로 나눌 수 있는데, 건식방식(시스템 욕실)이 기존 습식 방식에 비해 다양한 장점을 가지고 있다. 시스템욕실은 시공성이 월등히 좋다. 공장에서 제작 후 현장에서 조립하는 방식으로 시공하며, 적은 인력으로 현장 관리가 용이하고, 경량화로 운반 및 관리가 용이하다. 
하자관리에 있어서도 유닛형태로 되어있기 때문에 보수가 간단하며, 표준화로 인해 균일한 품질 관리가 가능하다.",E
"고객의 니즈 파악 : 유선 및 대면
고객의 니즈에 대응한 제안서 작성, 제안 : 콘텐츠 개발, Assessment, 세미나 및 워크숍 진행안
과정 개발 프로젝트 실행
세미나 및 워크숍 실행 및 결과분석 보고서 작성, 제출
강사 수배 및 강사 교육 실시 : 리더십, 세일즈, 개인역량강화 등 교육 참가자용 교재 및 강사용 슬라이드, 기타 교보재 개발",B
"지속적인 서비스 품질 제고를 통한 평판 제고
인적 네트워크의 지속적 관리
감사분야_ 감사실패 방지를 의한 체계적인 교육
수준 높은 서비스 제공을 통한 기존고객 이탈 방지",C
"AR, VR 가상현실 콘텐츠 기술 개발
인터랙티브 콘텐츠 기술 개발
인터랙티브 교육용 콘텐츠 제작
지역 대리점에게 신규 콘텐츠에 대한 영업자료 제안
콘텐츠 이용과정에서 생성되는 데이터 수집 및 분석을 통한 신규 서비스 제공
데이터 분석 기술기술 개발
사업을 통해 수집된 데이터를 분석하고 이를 자동화 서비스하는 기술개발",B
"APP내에서 할 수 있는 다양한 서비스 구축을 목표로하며, 사용자에게 편의성과 직관적인 UI를 통해 업무 또는 서비스를 이용함에 있어 보다 편리하고 스마트한 업무 및 서비스 이용을 목표로 합니다. 
또한 차세대 핵심기술을 고객사에게 먼저 제안하는 것",B
"연구소 운영을 통해 앞서가는 기술력과 디자인 능력의 배양 : 용역 수행을 위한 특화된 최상의 서비스를 제공할 수 있다는 것을 시장과 발주처에 인식시키는 활동
업계에서의 평판 확보가 핵심적임. 용역 수행 시 발주처의 니즈를 최대한 만족시키는 퍼포먼스를 제공하여 재 수주 또는 평판(소개)를 이루어 냄",C
"호텔, 펜션, 고급주택에 월풀욕조 및 고급욕조 납품 및 시공",E
"설비팀, 공장 기술팀에 당사 제품을 제안하여 기술에 맞는 제품을 제안
신기술을 적용하여 현장 설비팀에 홍보
신기술 및 신제품을 개발하여 제안",D
"당사는 R&D 전문 회사로 발전해 가고자 더 다양한 신기술개발에 도전하고 있음.
당사가 기술 가치 중심의 경영을 목적으로 운영됨에 있어 완제품 개발 이후 협력 파트너사들과 융합해서 제품을 생산하고 있으므로 협력사들과의 전략적 파트너십을 구축해 감. 
당사는 위 협력사들과 더불어 미래 비전을 현실화하기 위한 전략으로 더 특화된 기술 개발을 연구를 하고 있음. 예를 들면 1차 양변기 무전원 자동물내림,  2차 양변기 무전원 자동 뚜껑 닫기, 3차 물탱크가 없는 양변기 무전원 자동물내림 등등의 기술 개발 투자가 꼭 필요하다고 보고 진행 중에 있으며 개발비 투자에 대한 자체 부담을 줄이고 더불어 상생 할 수 있는 공동개발 파트너사를 찾고자 노력 중에 있음.",B
"사전 영업을 통한 고객과의 공동이익을 공유하는데 뜻을 같이 함
유통 질서 및 가격의 체계 확립을 유지하여 고객의 이익 확보에 주력
고객의 요구에 부응하기 위해 품질, 경쟁력 있는 가격, 납기의 철저 한 준수가 필수적 임
신제품개발, 시공방법 개선, 공기 단축 등을 위한 기술 개발로 고객과 지속적 유대관계 유지
고객 요구조건을 충족시키는 제품 개발을 진행하여 지적재산권 확보
광고와 인맥을 통해 연락이 온 목표고객에게 영업 활동
기존 거래선의 지속적인 영업관리 및 고객만족을 위한 대응",A
"국내 10대 메이저 건설사의 협력회사로 많은 시공실적 보유
업계 1위의 기술력으로 고객사에게 맞춤 통합 솔루션 제공
광고와 인맥을 통해 기존고객 관리 및 신규 업체 발굴
건설현장에 설계, 구조검토, 3D 시공상세도, 원가절감 V.E. 및 LOSS CONSULTING 제공
끊임없는 사업영역 확대 
프로그램 유통 및 관리
고객요청사항에 즉시 대응하여 맞춤 관리
다양한 신규 인재 채용
50여명의 국내최고수준의 전문기술인력 및 시공경력기술자 보유 
CRM 마케팅을 통한 고객관리 
BIM 활용을 통한 전문 CM 업체로 다양한 솔루션 제공",A
